<?xml version="1.0" encoding="UTF-8"?>
<!DOCTYPE task PUBLIC "-//OASIS//DTD DITA Task//EN" "task.dtd">
<task
 id="c_drm_ref-impl-license-server-config-prep-pws-for-server-props-files"> 
  <title class="- topic/title ">Prepare passwords using Ant</title> 
  <shortdesc/> 
  <taskbody> 
	 <context id="context_34FF256C08914955AFFAF93990062744"> 
		<p class="- topic/p ">Use Ant to encrypt your password:
		</p> 
	 </context> 
	 <steps id="steps_C918F6580D36426EA8C32162AFDA090A"> 
		<step id="step_E8F3BA045A934B90A2E2581B72CE6093"> 
		  <cmd>Navigate to 
			 <codeph>[DRM SDK DVD]\Reference Implementation\Server\Reference
				Implementation Server\refimpl/</codeph>
		  </cmd> 
		</step> 
		<step id="step_1778C49109A44A04ADDB63139195BDD3"> 
		  <cmd>Set the 
			 <codeph>sdkdir</codeph> property in 
			 <filepath>build-refimpl.xml</filepath> to point to the directory that
			 includes the Primetime DRM Java SDK.
		  </cmd> 
		</step> 
		<step id="step_9C1F72923CB1498CB7D9EAA35F4C025B"> 
		  <cmd>Run the following command:
		  </cmd> 
		  <info> 
			 <codeblock xml:space="preserve" class="+ topic/pre pr-d/codeblock ">ant -f build-refimpl.xml</codeblock> 
		  </info> 
		</step> 
	 </steps> 
  </taskbody> 
</task> 
