<?xml version="1.0" encoding="UTF-8"?>
<!DOCTYPE task PUBLIC "-//OASIS//DTD DITA Task//EN" "task.dtd">
<task id="t_drm_ref-impl-configure-command-line-tools"> 
  <title>Overview</title> 
  <taskbody> 
	 <context id="context_3A1B75BA4DBE4667A4CEFAE26D57C31A"> 
		<p>The command-line tools have associated properties for which you must
		  set set values in 
		  <filepath>flashaccesstools.properties</filepath> 
		  <i>before</i> you run the tools. Some of the command-line tools also
		  let you specify property values from the command-line. Values that you specify
		  from the command line take precedence over values you supply from 
		  <filepath>flashaccesstools.properties</filepath>. 
		</p> 
		<p>You must modify settings in the following sections of 
		  <filepath>flashaccesstools.properties</filepath> to enable the
		  corresonding command-line tools that you intend to use:
		<ul id="ul_prp_5rn_xt"> 
		  <li id="li_39C2A24CB5BA4CB8AF6044EB9A8B3BB9"><b>Media Packager
				Properties</b> - (for 
			 <filepath>AdobePackager.jar</filepath>)
		  </li> 
		  <li id="li_AB2728710CAA4DF592CCD8F04F928477"><b>Policy Update List
				Manager and Revocation List Manager Properties</b> - (for 
			 <filepath>AdobePolicyUpdateListManager.jar</filepath> and 
			 <filepath>AdobeRevocationListManager.jar</filepath>)
		  </li> 
		  <li id="li_6719377E8CB74786BC6B2415B430C7F2"><b>Policy Manager
				Properties</b> - (for 
			 <filepath>AdobePolicyManager.jar</filepath>)
		  </li> 
		  <li id="li_538133079C0749C4AEEEA0910E2FD161"><b>License Generator
				Properties</b> - (for 
			 <filepath>AdobeLicenseGenerator.jar</filepath>)
		  </li> 
		</ul>
		</p> 
	 </context> 
  </taskbody> 
</task> 
