<?xml version="1.0" encoding="UTF-8"?>
<!DOCTYPE task PUBLIC "-//OASIS//DTD DITA Task//EN" "task.dtd">
<task id="t_drm_ref-impl-configure-command-line-tools"> 
  <title>Configure and run the command-line tools</title> 
  <taskbody> 
	 <context id="context_98A1C9F39BCE4C0580916D802B93CC15"> 
		<p>The command-line tools have associated properties for which you must
		  set set values in 
		  <filepath>flashaccesstools.properties</filepath> 
		  <i>before</i> you run the tools. Some of the command-line tools also
		  let you specify property values from the command-line. Values that you specify
		  from the command line take precedence over values you supply from 
		  <filepath>flashaccesstools.properties</filepath>. 
		</p> 
		<p>You must modify settings in the following sections of 
		  <filepath>flashaccesstools.properties</filepath> to enable the
		  corresonding command-line tools that you intend to use:
		<ul id="ul_prp_5rn_xt"> 
		  <li id="li_9E7323022C554E9280534000DB3237E2"><b>Media Packager
				Properties</b> - (for 
			 <filepath>AdobePackager.jar</filepath>)
		  </li> 
		  <li id="li_B2CA42A20D9E42C097E361AC68FDB8A1"><b>Policy Update List
				Manager and Revocation List Manager Properties</b> - (for 
			 <filepath>AdobePolicyUpdateListManager.jar</filepath> and 
			 <filepath>AdobeRevocationListManager.jar</filepath>)
		  </li> 
		  <li id="li_3D308AEC89FA4A8A897FE2DD6E8236DF"><b>Policy Manager
				Properties</b> - (for 
			 <filepath>AdobePolicyManager.jar</filepath>)
		  </li> 
		  <li id="li_49C5D3C348034E3EB75F7A039FE38C3C"><b>License Generator
				Properties</b> - (for 
			 <filepath>AdobeLicenseGenerator.jar</filepath>)
		  </li> 
		</ul>
		</p> 
	 </context> 
  </taskbody> 
</task> 
