<?xml version="1.0" encoding="UTF-8"?>
<!DOCTYPE concept PUBLIC "-//OASIS//DTD DITA Concept//EN" "concept.dtd">
<concept id="c_drm_ref-impl-config-file"> 
  <title class="- topic/title ">About command-line tools configuration files</title> 
  <shortdesc/> 
  <conbody>
		<p class="- topic/p ">The command-line tools look for
				<filepath>flashaccesstools.properties</filepath> in the directory in which you run
			the tools. However, you can use the <codeph>-c</codeph> option when you run a
			command-line tool to specify a different location for the default
				<filepath>flashaccesstools.properties</filepath>. You can also use
				<codeph>-c</codeph> to specify a different configuration file. </p>
		<p class="- topic/p ">The command-line tools configuration files use the <i>Java property file</i>
			format, for which the following rules apply: </p> 
	 <ul class="- topic/ul " id="ul_xcg_g4y_n4"> 
		<li class="- topic/li " id="li_19C7508CC33441F289A119081F4E2769">Escape backslashes with an
				additional backslash. <p>For example, on a Windows machine, to specify the
						<filepath>C:\credentials.pfx</filepath> file, you need to enter it as
						<filepath>C:\\credentials.pfx</filepath> or
						<filepath>C:/credentials.pfx</filepath>. To specify a file on a Windows
					network server, you need to enter
						<filepath>\\\\server\\folder\\filename.pfx</filepath>
				</p>
			</li> 
		<li class="- topic/li " id="li_96D32E424754473AB284AD217CBF4E83">Include only <i>Latin-1</i>
				characters. <p>To use non-<i>Latin-1</i> characters, you need to use the appropriate
					Unicode escape sequence. You can optionally apply the
						<filepath>native2ascii</filepath> tool (included with Java) to your
					configuration file entries. </p>
			</li> 
	 </ul> 
  </conbody> 
</concept> 
