<?xml version="1.0" encoding="UTF-8"?>
<!DOCTYPE task PUBLIC "-//OASIS//DTD DITA Task//EN" "task.dtd">
<task id="task_zwx_5c2_b5"> 
  <title>Enable the usage model demo</title> 
  <taskbody> 
	 <steps id="steps_5E5CD25B4AA148989FED7794B155E1C6"> 
		<step id="step_68E2B03A4DA649F090BE155EFA5790E3"> 
		  <cmd>Specify the custom property 
			 <codeph>RI_UsageModelDemo=true</codeph> at packaging time. 
		  </cmd> 
		  <info>If you are packaging content using the Media Packager command
			 line tool, enter: 
			 <codeblock>java -jar AdobeMediaPackager.jar [<i>source_file</i>] [<i>dest_file</i>] -k RI_UsageModelDemo=true</codeblock> 
		  </info> 
		</step> 
	 </steps> 
	 <postreq id="postreq_20476B9373924F83931C3F80BB3B6E11">

		<note class="- topic/note ">If you do not activate the optional demo mode
		  at packaging time, the license server issues a license based on the first valid
		  DRM policy it processes. 
		</note> 
	 </postreq> 
  </taskbody> 
</task> 
