<?xml version="1.0" encoding="UTF-8"?>
<!DOCTYPE concept PUBLIC "-//OASIS//DTD DITA Concept//EN" "concept.dtd">
<concept id="c_drm_ref-impl-license-server-hsm-config-crossdomain-policy-file">
  
  <title class="- topic/title ">Cross-domain policy file</title> 
  <shortdesc/> 
  <conbody> 
	 <p>If Flash Runtime clients need to request a license from a license
		server, a cross-domain DRM policy file is required. For more information about
		cross-domain policies, see the 
		<i class="+ topic/ph hi-d/i ">Using Adobe Primetime DRM SDK for
		  Protecting Content</i>. 
	 </p> 
  </conbody> 
</concept> 
