<?xml version="1.0" encoding="UTF-8"?>
<!DOCTYPE concept PUBLIC "-//OASIS//DTD DITA Concept//EN" "concept.dtd">
<concept id="c_drm_ref-impl-license-server-hsm-config"> 
  <title class="- topic/title ">HSM configuration</title> 
  <shortdesc>You can configure the reference implementation with the Sun
	 PKCS#11 provider that supports HSM. Although the use of an HSM is not required,
	 it is recommended. 
  </shortdesc> 
  <conbody> 
	 <p class="- topic/p ">To use a credential on an HSM, you must create a
		configuration file for the Sun PKCS#11 provider. For more information, see the 
		<xref
		 href="http://docs.oracle.com/javase/1.5.0/docs/guide/security/p11guide.html"
		 format="http" scope="external">Java PCKS#11 Reference Guide</xref>. 
	 </p> 
	 <p class="- topic/p ">To verify that your HSM and Sun PKCS#11 configuration
		file are configured, type the following command by using the keytool that was
		installed with the Java JDK: 
	 </p> 
	 <codeblock xml:space="preserve" class="+ topic/pre pr-d/codeblock ">keytool -keystore NONE -storetype PKCS11 -providerClass sun.security.pkcs11.SunPKCS11 
  -providerArg pkcs11.cfg -list</codeblock> 
	 <p class="- topic/p ">You have configured the HSM correctly if you can view
		your credentials in the list. 
	 </p> 
	 <note class="- topic/note ">As of Java 1.7, 64-bit Sun Java for Windows no
		longer supports the PKCS#11 interfaces that Adobe Primetime DRM requires to
		communicate with HSM devices. If you plan to use an HSM, ensure that you use a
		32-bit version of Java or use a JDK that supports the full PKCS#11 interfaces. 
	 </note> 
  </conbody> 
</concept> 
