<?xml version="1.0" encoding="UTF-8"?>
<!DOCTYPE task PUBLIC "-//OASIS//DTD DITA Task//EN" "task.dtd">
<task id="t_drm_ref-impl-building-the-license-server"> 
  <title>Build the license server</title> 
  <shortdesc/> 
  <taskbody> 
	 <context id="context_BCD7F464E3A840F5A9E19830535C6637"> 
		<p> 
		  <note class="- topic/note ">Building the license server is only
			 necessary if you intend to modify the source code. For evaluation purposes, you
			 can simply use the WAR files as shipped. 
		  </note> 
		</p> 
		<p>The reference implementation license server includes all of the
		  license server source code (<codeph>([DRM SDK DVD]\Reference
			 Implementation\Server\Reference Implementation Server\src/</codeph>), along
		  with an Ant build script (<codeph>[DRM SDK DVD]\Reference
			 Implementation\Server\Reference Implementation
			 Server\refimpl/build-refimpl.xml</codeph>) with which you can customize the
		  license server to suit your business needs.
		</p> 
	 </context> 
	 <steps id="steps_65E964FC6F4B4E2F8712E76B6DC113F0"> 
		<step id="step_DDDD442F8BBC481E975B1BAE6DC4AEEA"> 
		  <cmd>Modify the Ant build script to specify the locations of your
			 Primetime DRM SDK, Tomcat, MySQL, and Log4J.
		  </cmd> 
		  <info>Open the 
			 <filepath>build-refimpl.xml</filepath> file in a text editor and set
			 these property values: 
			 <ul id="ul_dp5_tzl_zt"> 
				<li
				 id="li_8FFC40AA07FE4B9D91858C3D44ADE1E6"><codeph>sdkdir</codeph>
				</li> 
				<li
				 id="li_2D89C2EEC07A40788B38F0C2C5A65E07"><codeph>tomcatdir</codeph>
				</li> 
				<li
				 id="li_235B7FDA1C8F46FBB019D01E06C1F327"><codeph>mysqldir</codeph>
				</li> 
				<li
				 id="li_A9295788618147AC8D853310E9E9EDC6"><codeph>log4jdir</codeph>
				</li> 
			 </ul>
		  </info> 
		</step> 
		<step id="step_5B7401B597304DFF9208D0D1F9F6AEB5"> 
		  <cmd>Run the Ant build script with the 
			 <codeph>all</codeph> property, in the directory where the Ant build
			 script is located. 
		  </cmd> 
		  <info>
			 <codeblock>ant -f build-refimpl.xml all</codeblock>The Ant build script creates a 
			 <filepath>refimpl-build/wars</filepath> directory that includes the
			 server WAR files. 
		  </info> 
		</step> 
	 </steps> 
  </taskbody> 
</task> 
