<?xml version="1.0" encoding="UTF-8"?>
<!DOCTYPE task PUBLIC "-//OASIS//DTD DITA Task//EN" "task.dtd">
<task id="t_drm_ref-impl-implement-anon-domain-reg"> 
  <title>Implement identity-based domain registration</title> 
  <taskbody> 
	 <steps id="steps_83CA7EEC4E314CEFA6BE6A2F356DEADA"> 
		<step id="step_0A82C98BAFB845DD8AF38C8DAE969BFB"> 
		  <cmd>Create a DRM policy with mandatory domain registration.
		  </cmd> 
		</step> 
		<step id="step_3E984147373645B8B941D49F59F7D78E"> 
		  <cmd>Specify the server’s host and port for the domain server URL.
		  </cmd> 
		  <info>In your 
			 <filepath>.properties</filepath> file, set:
			 <codeblock>policy.domain.url=http://[<i>server:port</i>] </codeblock>
		  </info> 
		</step> 
		<step id="step_5FE79AD2586D4335A1872435DE119AD1"> 
		  <cmd>Make authentication with a username and password mandatory. 
		  </cmd> 
		  <info>In your 
			 <filepath>.properties</filepath> file, set:
			 <codeblock>policy.domain.anonymous=false </codeblock>
		  </info> 
		</step> 
	 </steps> 
  </taskbody> 
</task> 
