<?xml version="1.0" encoding="UTF-8"?>
<!DOCTYPE task PUBLIC "-//OASIS//DTD DITA Task//EN" "task.dtd">
<task id="t_drm_ref-impl-implement-anon-domain-reg"> 
  <title>Implement anonymous domain registration</title> 
  <taskbody> 
	 <steps id="steps_D244DEAB879344239E209372CD2164B7"> 
		<step id="step_B3107B2D1EB54163A2CF123D733826CA"> 
		  <cmd>Create a DRM policy that specifies that domain registration is
			 required. 
		  </cmd> 
		</step> 
		<step id="step_BB67DDFBC9D64BBA85207BA135D96BB0"> 
		  <cmd>Specify the domain server URL as:
		  </cmd> 
		  <info> 
			 <codeblock>http://[<i>host:port</i>]/flashaccess/domainserver/domainname/</codeblock> 
		  </info> 
		</step> 
		<step id="step_5F6C0215DFEF4F149734F1882DA8DA9C"> 
		  <cmd>Make anonymous authentication mandatory.
		  </cmd> 
		  <info>In your 
			 <filepath>.properties</filepath> file, set:
			 <codeblock>policy.domain.anonymous=true </codeblock>
		  </info> 
		</step> 
	 </steps> 
  </taskbody> 
</task> 
