<?xml version="1.0" encoding="UTF-8"?>
<!DOCTYPE concept PUBLIC "-//OASIS//DTD DITA Concept//EN" "concept.dtd">
<concept id="c_drm_ref-impl-impl-domain-registration-anonymous-domains"> 
  <title class="- topic/title ">Anonymous domain logic</title> 
  <shortdesc/> 
  <conbody>
		<section id="section_C91DCD49D7D44570AF98C2D7B8A283F9">
			<title>Domain registration logic</title>
			<p class="- topic/p ">The reference implementation applies the following logic for anonymous
				domain registration: <ol class="- topic/ol " id="ol_ezy_l1z_n4">
					<li class="- topic/li " id="li_14B71615595140DF8B79741C4EA8CCD2">Parse the
						domain name from the request URL. </li>
					<li class="- topic/li " id="li_AA7D1018F60E48709D0C342CB1661256">Look up the
						domain name in the <codeph class="+ topic/ph pr-d/codeph "
							>DomainServerInfo</codeph> table. </li>
					<li id="li_1553091B0EB3420EBABF5CEAC8F40C6A">If you cannot locate an entry, insert an entry in
						the table. <p>The default values are: <ul id="ul_u3l_rgd_b5">
								<li><codeph>authentication is not required</codeph></li>
								<li><codeph>no membership maximum</codeph></li>
							</ul> If authentication is required for the requested domain, ensure
							that a valid authentication token is in the request. If the Auth
							Namespace is specified in the database, the token must match the
							specified Auth Namespace. </p>
					</li>
					<li class="- topic/li " id="li_5D94AA9AB325495EAE2C8AE447AEDF7F">If
						authentication is required, but a valid auth token is not available, return
						error <codeph>DOM_AUTHENTICATION_REQUIRED (503)</codeph>. </li>
					<li class="- topic/li " id="li_AAFCEEA2F7F5407D9F6667F9CEB4A89A">Check whether
						the device is registered with the domain: <ol class="- topic/ol "
							id="ol_e1z_l1z_n4">
							<li class="- topic/li " id="li_39173F53E06440528F6C2A810A52BC92">Look up
								the domain name in the <codeph class="+ topic/ph pr-d/codeph "
									>DomainMembership</codeph> table. </li>
							<li id="li_8F9A26FD1F88434BAECB02CB1EFA299D">Compare the machine GUID
								that you locate with the machine GUID in the request. </li>
							<li id="li_3C31B5C2DA2D48CC9D82703834157437">If this is a new machine,
								add an entry in the <codeph class="+ topic/ph pr-d/codeph "
									>DomainMembership</codeph> table. </li>
							<li class="- topic/li " id="li_70398C9C9BB44A04884AD3871C682869">If it
								is a new device and <codeph>Max Membership</codeph> value has been
								reached, return error <codeph>DOM_LIMIT_REACHED (502)</codeph>.
							</li>
						</ol>
					</li>
					<li class="- topic/li " id="li_9128E4EEBBCB4928B318396EDC0FCC23">Look up all the
						domain keys for this domain in the <codeph>DomainKeys</codeph> table: <ol
							class="- topic/ol " id="ol_p1z_l1z_n4">
							<li class="- topic/li " id="li_97B30A41F1FD49A993CB2E4B699E3DBE">If
									<codeph class="+ topic/ph pr-d/codeph "
									>DomainServerInfo</codeph> indicates that the keys need to be
								rolled over, generate a new key pair. </li>
							<li class="- topic/li " id="li_294B6FA90DC1463B913BA06DA6CFE12C">Save
								the keypair in the <codeph class="+ topic/ph pr-d/codeph "
									>DomainKeys</codeph> table, with a key version that is one
								number higher than the highest existing key. </li>
							<li id="li_DF98B8B833F74693B518DF2361546C09">Reset the <codeph>Key
									Rollover Required</codeph> flag in <codeph
									class="+ topic/ph pr-d/codeph ">DomainServerInfo</codeph>. </li>
							<li class="- topic/li " id="li_931B36AA33A34548BB9F49325A5F6D90">For
								each domain key, generate a domain credential. </li>
						</ol>
					</li>
				</ol>
			</p>
		</section>
		<section id="section_C968BBFCBFAB4510A903D169F38C9FCE">
			<title>Domain de-registration logic</title>
			<p class="- topic/p ">The reference implementation applies the following logic for anonymous
				domain de-registration: <ol class="- topic/ol " id="ol_z1z_l1z_n4">
					<li class="- topic/li " id="li_BB9573E74F6C4E82A90955FFE50A7880">Parse the
						domain name from the request URL. </li>
					<li class="- topic/li " id="li_2CC3005EE65F4A398CEE5593010C1F2D">Look up the
						requested domain name in the <codeph class="+ topic/ph pr-d/codeph "
							>DomainServerInfo</codeph> table. </li>
					<li class="- topic/li " id="li_D7E2935FB2424A388498F5C9BED652A7">If
						authentication is required for the requested domain, ensure a valid
						authentication token is in the request. <p>The token must also match the
							Auth Namespace that is specified in the database. </p>
					</li>
					<li class="- topic/li " id="li_A7E98EF800BC4E5E89D18B56B16FB4C7">Look up the
						domain name and machine GUID in the <codeph class="+ topic/ph pr-d/codeph "
							>DomainMembership</codeph> table. <p>If you cannot locate a matching
							entry, return error <codeph>DEREG_DENIED (401)</codeph>. </p>
					</li>
					<li class="- topic/li " id="li_C8E3F17A4E6B48C0A7E064C92C37F7DC">If this is not
						a preview request, delete the entry from <codeph
							class="+ topic/ph pr-d/codeph ">DomainMembership</codeph>, and in
							<codeph class="+ topic/ph pr-d/codeph ">DomainServerInfo</codeph>, set
						the <codeph>Key Rollover Required</codeph> flag. </li>
				</ol>
			</p>
			<p class="- topic/p ">Because a large number of machines may join the domain, you cannot simply
				match the machine ID. Instead, the random machine GUID that is assigned to the
				machine during individualization is applied. </p>
		</section>
	</conbody> 
</concept> 
