<?xml version="1.0" encoding="UTF-8"?>
<!DOCTYPE concept PUBLIC "-//OASIS//DTD DITA Concept//EN" "concept.dtd">
<concept id="c_drm_ref-impl-license-server-and-wfp-reqs"> 
  <title>License server requirements</title> 
  <shortdesc/> 
  <conbody> 
	 <p>License server requirements: </p> 
	 <ul id="ul_pgl_rsy_n4"> 
		<li id="li_5CC3A5957D734B9798758711ACB20960">Install Tomcat 6.0 or later </li> 
		<li id="li_01A656C481DA4B63A63BEE4CF91CCCE7">Install a database, e.g., MySQL
				(available on the DVD, in <filepath>Third Party\MySQL</filepath>)</li> 
		<li id="li_2719F0CBF25E4326BEE83335840460C6">Ensure you have Java 1.6 or later
				installed</li> 
		<li id="li_B189BD8437264DD4953AA9A46979A7F3">To run the sample build scripts,
				ensure that you have Ant 1.8 or later </li> 
	 </ul> 
	 <p>After you install Tomcat and MySQL, contact Adobe for your set of required
			DRM credentials. </p> 
  </conbody> 
</concept> 
