<?xml version="1.0" encoding="UTF-8"?>
<!DOCTYPE concept PUBLIC "-//OASIS//DTD DITA Concept//EN" "concept.dtd">
<concept id="c_drm_ref-impl-license-embedder-command-line-usage"> 
  <title class="- topic/title ">License Embedder command-line usage</title> 
  <shortdesc> </shortdesc> 
  <conbody> 
	 <p class="- topic/p ">
			<codeblock>java -jar AdobeLicenseEmbedder.jar sourcefile destfile [options]</codeblock>
			<ul class="- topic/ul " id="ul_wml_2sy_n4">
				<li class="- topic/li " id="li_BDC9823F68254A468F7B593B9312C3F6">
					<codeph class="+ topic/ph pr-d/codeph ">sourcefile</codeph> represents an
					encrypted file. </li>
				<li class="- topic/li " id="li_E138BE520D4C4F3CA516429CDD360483"><codeph
						class="+ topic/ph pr-d/codeph ">destfile</codeph> specifies the name of the
					file in which the encrypted content with the embedded license is saved. <p
						class="- topic/p ">If you specify a directory, the file is saved in the
						destination directory. The name of the source file also becomes the name of
						the file that is saved in the destination directory. </p>
				</li>
			</ul>
		</p> 
	 <p class="- topic/p ">The following table describes the command line
		options that you can specify: 
	 </p> 
	 <table frame="all" colsep="1" rowsep="1"
	  class="+ topic/table adobe-d/table " id="table_hnl_2sy_n4">
			<title>Options:</title> 
		<tgroup cols="2" colsep="1" rowsep="1" outputclass="Table.format"
		 class="- topic/tgroup "> 
		  <colspec colnum="1" colname="1" colwidth="3in" class="- topic/colspec "/> 
		  <colspec colnum="2" colname="2" colwidth="5in" class="- topic/colspec "/> 
		  <thead class="- topic/thead "> 
			 <row rowsep="1" class="- topic/row "> 
				<entry colname="1" class="- topic/entry "> 
				  <p class="- topic/p ">Command Line Option 
				  </p> 
				</entry> 
				<entry colname="2" class="- topic/entry "> 
				  <p class="- topic/p ">Description 
				  </p> 
				</entry> 
			 </row> 
		  </thead> 
		  <tbody class="- topic/tbody "> 
			 <row rowsep="1" class="- topic/row "> 
				<entry colname="1" class="- topic/entry "><codeph
				  class="+ topic/ph pr-d/codeph ">-l license-filename</codeph> 
				</entry> 
				<entry colname="2" class="- topic/entry ">Name of the file that
				  includes the license that you want to embed. You can specify multiple 
				  <codeph>-l</codeph> options to embed multiple licenses. 
				</entry> 
			 </row> 
			 <row rowsep="1" class="- topic/row "> 
				<entry colname="1" class="- topic/entry "><codeph
				  class="+ topic/ph pr-d/codeph ">-m 
					 <i>metadata-filename</i></codeph> 
				</entry> 
				<entry colname="2" class="- topic/entry ">Specifies the content
				  metadata for which you can generate a license. This option is required to
				  generate a license. 
				</entry> 
			 </row> 
			 <row rowsep="1" class="- topic/row "> 
				<entry colname="1"
				 class="- topic/entry "><codeph>-noprompt</codeph> 
				</entry> 
				<entry colname="2" class="- topic/entry ">Do not ask if the
				  destination file should be overwritten. If the destination file already exists
				  and the 
				  <codeph>-o</codeph> has not been applied, an error occurs. 
				</entry> 
			 </row> 
			 <row rowsep="0" class="- topic/row "> 
				<entry colname="1" class="- topic/entry "><codeph>-o</codeph> 
				</entry> 
				<entry colname="2" class="- topic/entry ">If the destination file
				  already exists, you can overwrite it without being prompted. 
				</entry> 
			 </row> 
		  </tbody> 
		</tgroup> 
	 </table> 
  </conbody> 
</concept> 
