<?xml version="1.0" encoding="UTF-8"?>
<!DOCTYPE concept PUBLIC "-//OASIS//DTD DITA Concept//EN" "concept.dtd">
<concept id="c_drm_ref-impl-media-packager-command-line-usage"> 
  <title class="- topic/title ">Media Packager command-line usage</title> 
  <shortdesc/> 
  <conbody>
		<p><b>Package one file:</b></p>
		<codeblock xml:space="preserve" class="+ topic/pre pr-d/codeblock ">java -jar AdobePackager.jar <i class="+ topic/ph hi-d/i ">source </i><i class="+ topic/ph hi-d/i ">dest</i> [<i class="+ topic/ph hi-d/i ">options</i>]</codeblock>
		<ul class="- topic/ul " id="ul_tyy_spy_n4">
			<li class="- topic/li " id="li_DAF7599972AA452AB63A3A99A04A309B">
				<p class="- topic/p "><codeph class="+ topic/ph pr-d/codeph "><i
							class="+ topic/ph hi-d/i ">source</i></codeph> - The name of the file
					that you want to encrypt. </p>
			</li>
			<li class="- topic/li " id="li_FAE0C4AF40B54E0F951614453AF7B290">
				<p class="- topic/p "><codeph class="+ topic/ph pr-d/codeph "><i
							class="+ topic/ph hi-d/i ">dest</i></codeph> - The name of the resulting
					encrypted file. </p>
				<p class="- topic/p ">If you specify a directory, then the encrypted file is
					automatically saved in the specified directory with the same file name that you
					specified as the source file. However, you cannot specify a destination
					directory that includes the source file. </p>
			</li>
		</ul>
		<p class="- topic/p "><b>Package multiple files with the same key</b> (for multi-bit-rate
			support): </p>
		<codeblock xml:space="preserve" class="+ topic/pre pr-d/codeblock ">java -jar AdobePackager.jar <i class="+ topic/ph hi-d/i ">sourcefiles</i> <i class="+ topic/ph hi-d/i ">dest-directory</i> [<i class="+ topic/ph hi-d/i ">options</i>]</codeblock>
		<ul class="- topic/ul " id="ul_y1z_spy_n4">
			<li class="- topic/li " id="li_036323F7543444E0A5D7C5A37D44FDEF">
				<p class="- topic/p "><codeph class="+ topic/ph pr-d/codeph "><i
							class="+ topic/ph hi-d/i ">sourcefiles</i></codeph> - A series of
					whitespace-delimited source entries for the files that you want to encrypt. </p>
			</li>
			<li class="- topic/li " id="li_36AD89408C84460582D1674F94050BEC">
				<p class="- topic/p "><codeph class="+ topic/ph pr-d/codeph "><i
							class="+ topic/ph hi-d/i ">dest-directory</i></codeph> - The destination
					directory where you want to write encrypted content. The encrypted files are
					automatically saved in this directory using the same file names as the source
					files. However, the destination directory cannot include any source files. </p>
			</li>
		</ul>
		<p class="- topic/p "><b>View information about an encrypted file:</b>
		</p>
		<codeblock xml:space="preserve" class="+ topic/pre pr-d/codeblock ">java -jar AdobePackager.jar -d <i class="+ topic/ph hi-d/i ">encryptedfile</i> [-e] [-m]</codeblock>
		<p class="- topic/p "><b>View information about a metadata file:</b>
		</p>
		<codeblock xml:space="preserve" class="+ topic/pre pr-d/codeblock ">java -jar AdobePackager.jar -dm &lt;metadatafile&gt; [-e]</codeblock>
		<ul class="- topic/ul " id="ul_hfz_spy_n4">
			<li class="- topic/li " id="li_14B34727DD864F6087B61D20E878B838">
				<p class="- topic/p "><codeph class="+ topic/ph pr-d/codeph "><i
							class="+ topic/ph hi-d/i ">metadatafile</i></codeph> is a
						<filepath>.metadata</filepath> file that includes DRM metadata. </p>
			</li>
		</ul>
		<p class="- topic/p ">
			<note class="- topic/note ">During packaging, the Media Packager can no longer generate
				a <filepath>.header</filepath> file by default. To generate a
					<filepath>.header</filepath> file, use the <codeph
					class="+ topic/ph pr-d/codeph ">-h</codeph> option during packaging. </note>
		</p>
		<table frame="all" colsep="1" rowsep="1" class="+ topic/table adobe-d/table "
			id="table_wgz_spy_n4">
			<title>Options:</title>
			<tgroup cols="2" colsep="1" rowsep="1" outputclass="Table.format"
				class="- topic/tgroup ">
				<colspec colnum="1" colname="1" colwidth="4.000in" class="- topic/colspec " rowsep="0"
					colsep="1"/>
				<colspec colnum="2" colname="2" colwidth="4.00in" class="- topic/colspec " colsep="1"/>
				<thead class="- topic/thead ">
					<row rowsep="1" class="- topic/row ">
						<entry colname="1" class="- topic/entry ">
							<p class="- topic/p ">Command line option </p>
						</entry>
						<entry colname="2" class="- topic/entry ">
							<p class="- topic/p ">Description </p>
						</entry>
					</row>
				</thead>
				<tbody class="- topic/tbody ">
					<row rowsep="1" class="- topic/row ">
						<entry colname="1" class="- topic/entry ">
							<p class="- topic/p ">-c <codeph class="+ topic/ph pr-d/codeph "><i
										class="+ topic/ph hi-d/i ">configfile</i></codeph>
							</p>
						</entry>
						<entry colname="2" class="- topic/entry ">
							<p class="- topic/p ">Specifies the name and location of the
								configuration file. </p>
							<p class="- topic/p ">If you do not specify a name or a location, the
								DRM Media Packager searches for
									<filepath>flashaccesstools.properties</filepath> in the current
								working directory. </p>
							<note>Options that you specify on the command line take precedence over
								the options you specify in the configuration file. </note>
						</entry>
					</row>
					<row rowsep="1" class="- topic/row ">
						<entry colname="1" class="- topic/entry ">
							<p class="- topic/p ">-d <codeph class="+ topic/ph pr-d/codeph "><i
										class="+ topic/ph hi-d/i ">encryptedfile</i></codeph>
							</p>
						</entry>
						<entry colname="2" class="- topic/entry ">
							<p class="- topic/p ">Enables you to view information about a file that
								has already been packaged. </p>
							<p class="- topic/p ">The source and destination files are not required.
							</p>
						</entry>
					</row>
					<row rowsep="1" class="- topic/row ">
						<entry colname="1" class="- topic/entry ">
							<p class="- topic/p ">-dm <codeph class="+ topic/ph pr-d/codeph "><i
										class="+ topic/ph hi-d/i ">metadatafile</i></codeph>
							</p>
						</entry>
						<entry colname="2" class="- topic/entry ">
							<p class="- topic/p ">Enables you to view information about existing
								metadata. </p>
							<p class="- topic/p ">The source and destination files are not required.
							</p>
						</entry>
					</row>
					<row rowsep="1" class="- topic/row ">
						<entry colname="1" class="- topic/entry ">
							<p class="- topic/p ">-e </p>
						</entry>
						<entry colname="2" class="- topic/entry ">
							<p class="- topic/p ">Extracts DRM policies from a packaged file when
								you apply this option in conjunction with the <codeph>-d</codeph>
								option. </p>
							<p class="- topic/p ">A file is automatically created in the same
								directory in which the encrypted file is located with a file name
								and DRM policy identifier. </p>
						</entry>
					</row>
					<row rowsep="1" class="- topic/row ">
						<entry colname="1" class="- topic/entry ">
							<p class="- topic/p ">-h </p>
						</entry>
						<entry colname="2" class="- topic/entry ">
							<p class="- topic/p ">Extracts the DRM header from a packaged file when
								you apply this option in conjunction with the <codeph>-d</codeph>
								option. </p>
							<p class="- topic/p ">A file is automatically created in the same
								directory in which the encrypted file, is located with the file name
								and the extension <filepath>.header</filepath>. </p>
						</entry>
					</row>
					<row rowsep="1" class="- topic/row ">
						<entry colname="1" class="- topic/entry ">
							<p class="- topic/p ">-i <codeph class="+ topic/ph pr-d/codeph "><i
										class="+ topic/ph hi-d/i ">contentID</i></codeph>
							</p>
						</entry>
						<entry colname="2" class="- topic/entry ">
							<p class="- topic/p ">Specifies a unique identifier for this segment of
								content. </p>
							<p class="- topic/p ">If you do not specify an identifier, then the
								destfile file name is automatically applied. </p>
						</entry>
					</row>
					<row rowsep="1" class="- topic/row ">
						<entry colname="1" class="- topic/entry ">
							<p class="- topic/p ">-k <codeph class="+ topic/ph pr-d/codeph "><i
										class="+ topic/ph hi-d/i ">key</i></codeph>= <codeph
									class="+ topic/ph pr-d/codeph "><i class="+ topic/ph hi-d/i "
										>value</i></codeph>
							</p>
						</entry>
						<entry colname="2" class="- topic/entry ">
							<p class="- topic/p ">Specifies a custom key/value to add to content
								metadata. </p>
							<p class="- topic/p ">You can specify multiple <codeph>-k</codeph>
								options. </p>
						</entry>
					</row>
					<row rowsep="1" class="- topic/row ">
						<entry colname="1" class="- topic/entry ">
							<p class="- topic/p ">-m </p>
						</entry>
						<entry colname="2" class="- topic/entry ">
							<p class="- topic/p ">Extract metadata from a packaged file when you
								apply this option in conjunction with the <codeph>-d</codeph>
								option. </p>
							<p class="- topic/p ">A file is automatically created in the same
								directory as the encrypted file with a file name and a
									<codeph>.metadata</codeph> extension. </p>
						</entry>
					</row>
					<row rowsep="1" class="- topic/row ">
						<entry colname="1" class="- topic/entry ">
							<p class="- topic/p ">-noprompt </p>
						</entry>
						<entry colname="2" class="- topic/entry ">
							<p class="- topic/p ">Do not ask whether the destination file should be
								overwritten. </p>
							<p class="- topic/p ">If the destination file already exists and
									<codeph>-o</codeph> is not set, then an error occurs. </p>
						</entry>
					</row>
					<row rowsep="1" class="- topic/row ">
						<entry colname="1" class="- topic/entry ">
							<p class="- topic/p ">-o </p>
						</entry>
						<entry colname="2" class="- topic/entry ">
							<p class="- topic/p ">Overwrites the destination file without you being
								prompted unless it already exists. </p>
						</entry>
					</row>
					<row rowsep="0" class="- topic/row ">
						<entry colname="1" class="- topic/entry ">
							<p class="- topic/p ">-p <codeph class="+ topic/ph pr-d/codeph "><i
										class="+ topic/ph hi-d/i ">filename
										[domain-transport-cert]</i></codeph>
							</p>
						</entry>
						<entry colname="2" class="- topic/entry ">
							<p class="- topic/p ">Specifies the name of the file that includes the
								DRM policy. </p>
							<p class="- topic/p ">If the DRM policy requires domain registration
								with a server that uses a transport certificate other than the one
								that you have specified in the properties file, then you need to
								provide the domain transport certificate. </p>
							<p class="- topic/p ">You can specify multiple <codeph>-p</codeph>
								options. The client always applies the first option by default. The
								values that you have specified on the command line takes precedence
								over those that you have specified in the configuration file. </p>
						</entry>
					</row>
				</tbody>
			</tgroup>
		</table>
	</conbody> 
</concept> 
