<?xml version="1.0" encoding="UTF-8"?>
<!DOCTYPE concept PUBLIC "-//OASIS//DTD DITA Concept//EN" "concept.dtd">
<concept id="c_drm_ref-impl-command-line-usage"> 
  <title class="- topic/title ">Policy Manager Command-line usage</title> 
  <shortdesc> 
  </shortdesc> 
  <conbody> 
	 <codeblock xml:space="preserve" class="+ topic/pre pr-d/codeblock ">java -jar AdobePolicyManager.jar <i class="+ topic/ph hi-d/i ">command filename [options]</i></codeblock> 
	 <table frame="all" colsep="1" rowsep="1"
	  class="+ topic/table adobe-d/table " id="table_fqh_cpy_n4"> 
	 <title>Commands:</title> 
	 <tgroup cols="2" colsep="1" rowsep="1" outputclass="Table.format"
	  class="- topic/tgroup "> 
		<colspec colnum="1" colname="1" colwidth="2.000in"
		 class="- topic/colspec "/> 
		<colspec colnum="2" colname="2" colwidth="5.056in"
		 class="- topic/colspec "/> 
		<thead class="- topic/thead "> 
		  <row rowsep="1" class="- topic/row "> 
			 <entry colname="1" class="- topic/entry ">Command 
			 </entry> 
			 <entry colname="2" class="- topic/entry ">Description 
			 </entry> 
		  </row> 
		</thead> 
		<tbody class="- topic/tbody "> 
		  <row rowsep="1" class="- topic/row "> 
			 <entry colname="1" class="- topic/entry "><codeph>new</codeph> 
			 </entry> 
			 <entry colname="2" class="- topic/entry ">Creates a new DRM policy 
			 </entry> 
		  </row> 
		  <row rowsep="1" class="- topic/row "> 
			 <entry colname="1" class="- topic/entry "><codeph>detail</codeph> 
			 </entry> 
			 <entry colname="2" class="- topic/entry ">Describes an existing DRM
				policy 
			 </entry> 
		  </row> 
		  <row rowsep="0" class="- topic/row "> 
			 <entry colname="1" class="- topic/entry "><codeph>update</codeph> 
			 </entry> 
			 <entry colname="2" class="- topic/entry ">Updates an existing DRM
				policy 
			 </entry> 
		  </row> 
		</tbody> 
	 </tgroup> 
	 </table> 
	 <table frame="all" colsep="1" rowsep="1"
	  class="+ topic/table adobe-d/table " id="table_q5h_cpy_n4"> 
	 <title>Options:</title> 
	 <tgroup cols="2" colsep="1" rowsep="1" outputclass="Table.format"
	  class="- topic/tgroup "> 
		<colspec colnum="1" colname="1" colwidth="3.58in"
		 class="- topic/colspec "/> 
		<colspec colnum="2" colname="2" colwidth="5.66in"
		 class="- topic/colspec "/> 
		<thead class="- topic/thead "> 
		  <row rowsep="1" class="- topic/row "> 
			 <entry colname="1" class="- topic/entry "> 
				<p class="- topic/p ">Command-line option 
				</p> 
			 </entry> 
			 <entry colname="2" class="- topic/entry "> 
				<p class="- topic/p ">Description 
				</p> 
			 </entry> 
		  </row> 
		</thead> 
		<tbody class="- topic/tbody "> 
		  <row rowsep="1" class="- topic/row "> 
			 <entry colname="1" class="- topic/entry "><codeph
				class="+ topic/ph pr-d/codeph ">-c 
				  <i class="+ topic/ph hi-d/i ">configfile</i></codeph> 
			 </entry> 
			 <entry colname="2" class="- topic/entry "> 
				<p class="- topic/p ">Specifies the name and location of the
				  configuration file. 
				</p> 
				<p class="- topic/p ">If you do not specify a name or a location,
				  the DRM Policy Manager searches for 
				  <filepath>flashaccesstools.properties</filepath> in the current
				  working directory. 
				</p> 
				<note>Options that you specify on the command line take precedence
				  over the options you specify in the configuration file. 
				</note> 
			 </entry> 
		  </row> 
		  <row rowsep="1" class="- topic/row "> 
			 <entry colname="1" class="- topic/entry "><codeph>-o</codeph> 
			 </entry> 
			 <entry colname="2" class="- topic/entry "> 
				<p class="- topic/p ">If the destination file exists, you can
				  overwrite the file without being prompted. 
				</p> 
			 </entry> 
		  </row> 
		  <row rowsep="1" class="- topic/row "> 
			 <entry colname="1" class="- topic/entry "><codeph>-noprompt</codeph> 
			 </entry> 
			 <entry colname="2" class="- topic/entry "> 
				<p class="- topic/p ">Do not ask if the destination file should be
				  overwritten. If the destination file exists and 
				  <codeph>-o</codeph> is not set, an error occurs. 
				</p> 
			 </entry> 
		  </row> 
		  <row rowsep="1" class="- topic/row "> 
			 <entry colname="1" class="- topic/entry "><codeph>-root</codeph> 
			 </entry> 
			 <entry colname="2" class="- topic/entry "> 
				<p class="- topic/p ">Indicates that the DRM policy has a root
				  license. 
				</p> 
				<p class="- topic/p ">This option is not available for updates. 
				</p> 
			 </entry> 
		  </row> 
		  <row rowsep="1" class="- topic/row "> 
			 <entry colname="1" class="- topic/entry "><codeph
				class="+ topic/ph pr-d/codeph ">-e 
				  <i class="+ topic/ph hi-d/i ">date</i></codeph> 
			 </entry> 
			 <entry colname="2" class="- topic/entry "> 
				<p class="- topic/p ">The date before licenses becomes valid. 
				</p> 
				<p>You can specify the date in 
				  <codeph class="+ topic/ph pr-d/codeph "><i
					 class="+ topic/ph hi-d/i ">yyyy-mm-dd</i></codeph> or 
				  <codeph class="+ topic/ph pr-d/codeph "><i
					 class="+ topic/ph hi-d/i ">yyyy-mm-dd-h24:min:sec</i></codeph> format. For
				  example, 2008-12-1 or 2008-12-1-00:00:00 for midnight on December 1, 2008. 
				</p> 
				<p> 
				<ul id="ul_D5DB5044756D4BD6A734813971598425"> 
				  <li id="li_B6BD62A524384060A9DDA14FF50936FA">The value must be
					 greater than the value of 
					 <codeph>-s</codeph> if present. 
				  </li> 
				  <li id="li_C3C5AD0231A240EC9AC57685B9206E8D">You cannot apply
					 this option with 
					 <codeph>-r</codeph>. 
				  </li> 
				  <li id="li_3790E2F829A149979BF44E0914CFF431">To remove the end
					 date when you update a DRM policy, apply 
					 <codeph>-e</codeph> without specifying a date. 
				  </li> 
				</ul> 
				</p> 
			 </entry> 
		  </row> 
		  <row rowsep="1" class="- topic/row "> 
			 <entry colname="1" class="- topic/entry "><codeph
				class="+ topic/ph pr-d/codeph ">-r 
				  <i class="+ topic/ph hi-d/i ">minutes</i></codeph> 
			 </entry> 
			 <entry colname="2" class="- topic/entry "> 
				<p class="- topic/p ">The duration in minutes that the protected
				  content is valid. 
				</p> 
				<p class="- topic/p ">The DRM policy becomes valid when the content
				  is protected with the packager. 
				</p> 
				<p> 
				<ul id="ul_4690A0E4677A4DF6A006B7FCBD46F1BE"> 
				  <li id="li_D1F098D44B494EE7A8647C0B62D5ACFA">The value must be
					 non-negative. 
				  </li> 
				  <li id="li_ADFDCB01EEE04B37AFA42886AAEF47EB">You cannot apply
					 this option along with 
					 <codeph>-e</codeph>. 
				  </li> 
				  <li id="li_E80563E68BEB43FC9E29A694594CAE01">To remove or delete
					 the duration when you update a DRM policy, apply 
					 <codeph>-r</codeph> without specifying any minutes. 
				  </li> 
				</ul> 
				</p> 
			 </entry> 
		  </row> 
		  <row rowsep="1" class="- topic/row "> 
			 <entry colname="1" class="- topic/entry "><codeph
				class="+ topic/ph pr-d/codeph ">-s 
				  <i class="+ topic/ph hi-d/i ">date</i></codeph> 
			 </entry> 
			 <entry colname="2" class="- topic/entry "> 
				<p class="- topic/p ">The date that the licenses become valid. 
				</p> 
				<p>You can specify the date in the 
				  <codeph class="+ topic/ph pr-d/codeph "><i
					 class="+ topic/ph hi-d/i ">yyyy-mm-dd</i></codeph> or 
				  <codeph class="+ topic/ph pr-d/codeph "><i
					 class="+ topic/ph hi-d/i ">yyyy-mm-dd-h24:min:sec</i> 
				  </codeph> format. For example, 
				  <codeph>2008-12-1</codeph> or 
				  <codeph>2008-12-1-00:00:00</codeph> for midnight on December 1,
				  2008. 
				</p> 
				<p> 
				<ul id="ul_D52B337F547F4E7AB87FE025236CA930"> 
				  <li id="li_DBAE380972434DB1A4EF20D399038AB8">The value must be
					 less than the value of 
					 <codeph>-e</codeph>, if present. 
				  </li> 
				  <li id="li_2899EC5559CF44319A4AC4ECD90A5B9A">You cannot apply
					 this option along with 
					 <codeph>-r</codeph>. 
				  </li> 
				  <li id="li_19861B1A64E44B95B649948EAB3E4085">To remove or delete
					 the start date when you update a DRM policy, use 
					 <codeph>-s</codeph> without specifying a date. 
				  </li> 
				</ul> 
				</p> 
			 </entry> 
		  </row> 
		  <row rowsep="1" class="- topic/row "> 
			 <entry colname="1" class="- topic/entry "><codeph
				class="+ topic/ph pr-d/codeph ">-w 
				  <i>[&lt;minutes&gt;[,enableHS|disableHS]]</i></codeph> 
			 </entry> 
			 <entry colname="2" class="- topic/entry "> 
				<p class="- topic/p ">Playback window, which is the number of
				  minutes the content can be viewed from the first playback. 
				</p> 
				<p>If unspecified, or if 
				  <codeph>-w</codeph> is used without specifying a number of
				  minutes, there is no playback window limitation. The value must be
				  non-negative. 
				</p> 
				<p>The optional 
				  <codeph>enableHS</codeph> or 
				  <codeph>disableHS</codeph> flag signals whether to enable or
				  disable hard stop. The flag indicates whether the decryption context is
				  destroyed at the end of the playback window (enabled) or not destroyed
				  (disabled). 
				</p> 
				<p>For example, to specify that the content may only be viewed for
				  60 minutes and requires hard stop: 
				  <codeblock>-w 60,enableHS</codeblock> 
				</p> 
				<note><i>Hard stop</i> is not currently supported in Flash Player,
				  Android, and iOS. 
				</note> 
			 </entry> 
		  </row> 
		  <row rowsep="1" class="- topic/row "> 
			 <entry colname="1" class="- topic/entry "><codeph
				class="+ topic/ph pr-d/codeph ">-l 
				  <i class="+ topic/ph hi-d/i ">minutes</i></codeph> 
			 </entry> 
			 <entry colname="2" class="- topic/entry "> 
				<p class="- topic/p ">The license caching duration is the time in
				  minutes that a license can be cached in the client's License Store after the
				  license has been issued by the server. The value must be non-negative. 
				</p> 
				<p>You can specify 
				  <codeph>-l 0</codeph> to indicate that license caching is not
				  permitted. For unlimited license caching, specify 
				  <codeph>-l</codeph> without any minutes. 
				</p> 
			 </entry> 
		  </row> 
		  <row rowsep="1" class="- topic/row "> 
			 <entry colname="1" class="- topic/entry "><codeph
				class="+ topic/ph pr-d/codeph ">-ldate 
				  <i class="+ topic/ph hi-d/i ">date</i></codeph> 
			 </entry> 
			 <entry colname="2" class="- topic/entry "> 
				<p class="- topic/p ">The license caching end date. 
				</p> 
				<p class="- topic/p ">This indicates the final date that the client
				  can cache licenses in the client's License Store after the Primetime DRM server
				  has issued the license. 
				</p> 
				<p>You can specify the date in the following formats: 
				<ul id="ul_112DE7248A9C48B19520A3AA9E5D1F03"> 
				  <li id="li_01C5400E78B84A3B8955972FBA875AAC"><codeph
					 class="+ topic/ph pr-d/codeph "><i
						class="+ topic/ph hi-d/i ">yyyy-mm-dd</i></codeph> 
				  </li> 
				  <li id="li_AA13B1EFA07A4542A3DB41FA3320B143"><codeph
					 class="+ topic/ph pr-d/codeph "><i
						class="+ topic/ph hi-d/i ">yyyy-mm-dd-h24:min:sec</i></codeph> 
				  </li> 
				</ul>For example, 
				<codeph>2008-12-1</codeph> or 
				<codeph>2008-12-1-00:00:00</codeph> for midnight on December 1,
				2008. You need to apply 
				<codeph>-l</codeph> without specifying any minutes for unlimited
				license caching. 
				</p> 
			 </entry> 
		  </row> 
		  <row rowsep="1" class="- topic/row "> 
			 <entry colname="1" class="- topic/entry "><codeph>-authNS</codeph> 
			 </entry> 
			 <entry colname="2" class="- topic/entry "> 
				<p class="- topic/p ">The authentication namespace. 
				</p> 
				<p class="- topic/p ">If you apply this option, then the client
				  needs to enter a user name and password that was issued by the specified
				  authority. 
				</p> 
				<p>You cannot apply this option along with 
				  <codeph>-x</codeph>. 
				</p> 
				<p>This option is not allowed for updates. 
				</p> 
			 </entry> 
		  </row> 
		  <row rowsep="1" class="- topic/row "> 
			 <entry colname="1" class="- topic/entry "><codeph>-x</codeph> 
			 </entry> 
			 <entry colname="2" class="- topic/entry "> 
				<p class="- topic/p ">Allow anonymous access. 
				</p> 
				<p class="- topic/p ">You cannot apply this option along with 
				  <codeph>-authNS</codeph>. 
				</p> 
				<p class="- topic/p ">This option is not allowed for updates. 
				</p> 
			 </entry> 
		  </row> 
		  <row rowsep="1" class="- topic/row "> 
			 <entry colname="1" class="- topic/entry "><codeph
				class="+ topic/ph pr-d/codeph ">-air 
				  <i class="+ topic/ph hi-d/i ">pubId</i></codeph>[:<codeph
				class="+ topic/ph pr-d/codeph "><i
				  class="+ topic/ph hi-d/i ">appId</i></codeph>[:[<codeph
				class="+ topic/ph pr-d/codeph "><i
				  class="+ topic/ph hi-d/i ">min</i></codeph>]:[<codeph
				class="+ topic/ph pr-d/codeph "><i
				  class="+ topic/ph hi-d/i ">max</i></codeph>]]] 
			 </entry> 
			 <entry colname="2" class="- topic/entry "> 
				<p class="- topic/p ">A whitelist of AIR applications that can play
				  protected content. 
				</p> 
				<p class="- topic/p ">You can apply this option to restrict which
				  publishers, applications, and versions can access the content that is protected
				  with this DRM policy. 
				</p> 
				<p class="- topic/p ">If you do not specify 
				  <i class="+ topic/ph hi-d/i ">appId</i>, all of the applications
				  for publisher 
				  <i class="+ topic/ph hi-d/i ">pubId</i> are allowed. 
				</p> 
				<note><i class="+ topic/ph hi-d/i ">min</i> and 
				  <i class="+ topic/ph hi-d/i ">max</i> version numbers are
				  optional. 
				</note> 
				<p class="- topic/p ">You can specify multiple 
				  <codeph>-air</codeph> options to allow multiple applications. If
				  you do not specify an AIR or SWF application, all of the applications can
				  access this content. During an update, to remove or delete all entries from the
				  list, apply 
				  <codeph>-air</codeph> without the remaining arguments . 
				</p> 
			 </entry> 
		  </row> 
		  <row rowsep="1" class="- topic/row "> 
			 <entry colname="1" class="- topic/entry "><codeph
				class="+ topic/ph pr-d/codeph ">-drmBlacklist 
				  <i class="+ topic/ph hi-d/i ">name</i></codeph><i
				class="+ topic/ph hi-d/i ">/</i><codeph class="+ topic/ph pr-d/codeph "><i
				  class="+ topic/ph hi-d/i ">value</i></codeph><i class="+ topic/ph hi-d/i "> 
				</i><codeph class="+ topic/ph pr-d/codeph "><i
				  class="+ topic/ph hi-d/i ">pairs</i></codeph> 
			 </entry> 
			 <entry colname="2" class="- topic/entry "> 
				<p class="- topic/p ">The DRM clients that are restricted from
				  getting access to protected content. 
				</p> 
				<p class="- topic/p ">The value supports comma-separated name:value
				  pairs in the following format: 
				</p> 
				<p class="- topic/p "><codeph class="+ topic/ph pr-d/codeph "><i
					 class="+ topic/ph hi-d/i ">os | release</i>=<i
					 class="+ topic/ph hi-d/i ">stringValue</i></codeph> 
				</p> 
				<p class="- topic/p ">For example, 
				  <codeph>os=Win,release=2.0.1</codeph>. During an update, to
				  remove all entries from the list, apply 
				  <codeph>-drmBlacklist</codeph> without the remaining arguments. 
				</p> 
			 </entry> 
		  </row> 
		  <row rowsep="1" class="- topic/row "> 
			 <entry colname="1" class="- topic/entry "><codeph
				class="+ topic/ph pr-d/codeph ">-drmLevel 
				  <i class="+ topic/ph hi-d/i ">int</i></codeph> 
			 </entry> 
			 <entry colname="2" class="- topic/entry "> 
				<p class="- topic/p ">Indicates that DRM clients must have an
				  assigned minimum security level to get access to protected content. 
				</p> 
			 </entry> 
		  </row> 
		  <row rowsep="1" class="- topic/row "> 
			 <entry colname="1" class="- topic/entry "><codeph>-opAnalog
				  NO_PROTECTION | USE_IF_AVAILABLE | REQUIRED | NO_PLAYBACK | REQUIRED_ACP |
				  REQUIRED_CGMSA | USE_IF_AVAILABLE_ACP | USE_IF_AVAILABLE_CGMSA</codeph> 
			 </entry> 
			 <entry colname="2" class="- topic/entry "> 
				<p class="- topic/p ">Analog output protection constraints 
				</p> 
			 </entry> 
		  </row> 
		  <row rowsep="1" class="- topic/row "> 
			 <entry colname="1" class="- topic/entry "><codeph>-opDigital
				  NO_PROTECTION | USE_IF_AVAILABLE | REQUIRED | NO_PLAYBACK</codeph> 
			 </entry> 
			 <entry colname="2" class="- topic/entry "> 
				<p class="- topic/p ">Digital output protection constraints 
				</p> 
			 </entry> 
		  </row> 
		  <row rowsep="1" class="- topic/row "> 
			 <entry colname="1" class="- topic/entry "><codeph
				class="+ topic/ph pr-d/codeph ">-runtimeBlacklist 
				  <i class="+ topic/ph hi-d/i ">name</i></codeph><i
				class="+ topic/ph hi-d/i ">/</i><codeph class="+ topic/ph pr-d/codeph "><i
				  class="+ topic/ph hi-d/i ">value</i></codeph><i class="+ topic/ph hi-d/i "> 
				</i><codeph class="+ topic/ph pr-d/codeph "><i
				  class="+ topic/ph hi-d/i ">pairs</i></codeph> 
			 </entry> 
			 <entry colname="2" class="- topic/entry "> 
				<p class="- topic/p ">The application runtimes that are restricted
				  from accessing protected content. 
				</p> 
				<p class="- topic/p ">The value support comma-separated name:value
				  pairs in the following format: 
				</p> 
				<p class="- topic/p "><codeph class="+ topic/ph pr-d/codeph "><i
					 class="+ topic/ph hi-d/i ">os | application | release</i>=<i
					 class="+ topic/ph hi-d/i ">stringValue</i></codeph> 
				</p> 
				<p class="- topic/p ">For example, 
				  <codeph>os=Win,release=2.0.1,application=AIR</codeph>. During an
				  update, to remove all entries from the list, apply 
				  <codeph>-runtimeBlacklist</codeph> without the remaining
				  arguments . 
				</p> 
			 </entry> 
		  </row> 
		  <row rowsep="1" class="- topic/row "> 
			 <entry colname="1" class="- topic/entry "><codeph
				class="+ topic/ph pr-d/codeph ">-runtimeLevel 
				  <i class="+ topic/ph hi-d/i ">int</i></codeph> 
			 </entry> 
			 <entry colname="2" class="- topic/entry "> 
				<p class="- topic/p ">Indicates that the application runtimes must
				  have a specified minimum security level to access protected content. 
				</p> 
			 </entry> 
		  </row> 
		  <row rowsep="1" class="- topic/row "> 
			 <entry colname="1" class="- topic/entry "> 
				<p class="- topic/p "><codeph class="+ topic/ph pr-d/codeph ">-swf 
					 <i class="+ topic/ph hi-d/i ">url</i></codeph> 
				</p> 
				<p class="- topic/p "><codeph class="+ topic/ph pr-d/codeph ">-swf
					 file=<i class="+ topic/ph hi-d/i ">swf_file</i></codeph>, 
				  <codeph class="+ topic/ph pr-d/codeph ">time=<i
					 class="+ topic/ph hi-d/i ">max_time_to_verify</i></codeph> 
				</p> 
			 </entry> 
			 <entry colname="2" class="- topic/entry "> 
				<p class="- topic/p ">A whitelist of SWF applications that are
				  allowed to play protected content. 
				</p> 
				<p class="- topic/p ">You can specify multiple 
				  <codeph>-swf</codeph> options to allow multiple applications. If
				  you do not specify any AIR or SWF applications, all of the applications can
				  access this content. 
				</p> 
				<p>During an update, to remove all entries from the list, apply 
				  <codeph>-swf</codeph> without the remaining arguments . If you
				  want to identify a SWF by its hash value, you need to specify the SWF file for
				  which to compute the hash and the maximum time to allow for SWF verification to
				  complete (in seconds). 
				</p> 
			 </entry> 
		  </row> 
		  <row rowsep="1" class="- topic/row "> 
			 <entry colname="1" class="- topic/entry "><codeph
				class="+ topic/ph pr-d/codeph ">-k 
				  <i class="+ topic/ph hi-d/i ">name</i>=<i
				  class="+ topic/ph hi-d/i ">value</i></codeph> 
			 </entry> 
			 <entry colname="2" class="- topic/entry "> 
				<p class="- topic/p ">Specifies custom key/values that you want to
				  add to a DRM policy. 
				</p> 
				<p class="- topic/p ">You can specify multiple 
				  <codeph>-k</codeph> options. During update, you can apply 
				  <codeph>-k</codeph> without the remaining arguments if you want
				  to remove all properties. The interpretation or handling of the data is managed
				  by the Primetime DRM license server. 
				</p> 
			 </entry> 
		  </row> 
		  <row rowsep="0" class="- topic/row "> 
			 <entry colname="1" class="- topic/entry "><codeph
				class="+ topic/ph pr-d/codeph ">-p 
				  <i class="+ topic/ph hi-d/i ">name</i>=<i
				  class="+ topic/ph hi-d/i ">value</i></codeph> 
			 </entry> 
			 <entry colname="2" class="- topic/entry "> 
				<p class="- topic/p ">Adds a custom property that appears in the
				  license generated for each client. 
				</p> 
				<p class="- topic/p ">You can specify multiple 
				  <codeph>-p</codeph> options to add multiple properties. During an
				  update, you need to apply 
				  <codeph>-p</codeph> without the remaining arguments if you want
				  to remove all properties. The interpretation or handling of this data is
				  managed by the implementation of the client application. 
				</p> 
			 </entry> 
		  </row> 
		  <row> 
			 <entry colname="1" class="- topic/entry "><codeph><codeph>-opOTA 
					 <i>whitelist=&lt;connection types&gt;</i></codeph></codeph> 
			 </entry> 
			 <entry colname="2" class="- topic/entry ">Over the air (OTA) output
				protection constraints. The 
				<codeph>whitelist</codeph> field specifies which connection types
				to whitelist and the format of &lt;connection types&gt; is 
				<codeph>[type(,type)*]</codeph>, where type can be any of the
				following: MIRACAST, AIRPLAY, WIDI, DLNA 
			 </entry> 
		  </row> 
		  <row> 
			 <entry colname="1" class="- topic/entry "><codeph>-opResolution 
				  <i>&lt;filename&gt;</i></codeph> 
			 </entry> 
			 <entry colname="2" class="- topic/entry "> 
				<p>Resolution-based output protection constraints as defined in the
				  specified file. 
				</p> 
				<p>The encoding of this file is JSON. The grammar for the
				  formatting can be found in 
				  <i>About Resolution-Based Output Protection</i>. 
				</p> 
			 </entry> 
		  </row> 
		</tbody> 
	 </tgroup> 
	 </table> 
	 <p><b>Examples 
		</b> 
	 </p> 
	 <p>To create a policy that allows anonymous access to your content, using
		your own configuration properties file: 
		<codeblock>java -jar libs\AdobePolicyManager.jar new policy_test.pol -x -c my_configuration.properties</codeblock> 
	 </p> 
  </conbody> 
</concept> 
