<?xml version="1.0" encoding="UTF-8"?>
<!DOCTYPE concept PUBLIC "-//OASIS//DTD DITA Concept//EN" "concept.dtd">
<concept id="c_drm_ref-impl-policy-manager"> 
  <title class="- topic/title ">Overview</title> 
  <conbody> 
	 <p>Use the Primetime DRM Policy Manager command-line tool
		(<filepath>AdobePolicyManager.jar</filepath>) to create and manage DRM
		policies.
	 </p> 
	 <p>Before you run 
		<filepath>AdobePolicyManager.jar</filepath>, you must set properties in
		the Policy Manager Properties section of your configuration file. The values
		you set in the configuration file are applied to all DRM policies. 
		<note>You can also specify all Policy Manager properties from the command
		  line. 
		</note> 
	 </p> 
  </conbody> 
</concept> 
