<?xml version="1.0" encoding="UTF-8"?>
<!DOCTYPE concept PUBLIC "-//OASIS//DTD DITA Concept//EN" "concept.dtd">
<concept id="c_drm_ref-impl-policy-update-list-manager"> 
  <title class="- topic/title ">Overview</title> 
  <conbody> 
	 <p>Use the Primetime DRM Policy Update List Manager command-line tool
		(<filepath>AdobePolicyUpdateListManager.jar</filepath>) to create and manage
		DRM policy update lists, and to check whether policies have been updated or
		revoked.
	 </p> 
	 <p>Before you run the Policy Update List Manager command-line tool, you
		must set properties in the 
		<i>Policy Update List Manager and Revocation List Manager Properties</i>
		section of your configuration file. 
		<note>You can also specify all Policy Update List Manager properties from
		  the command line. 
		</note> 
	 </p> 
  </conbody> 
</concept> 
