<?xml version="1.0" encoding="UTF-8"?>
<!DOCTYPE concept PUBLIC "-//OASIS//DTD DITA Concept//EN" "concept.dtd">
<concept id="concept_ypg_kkl_b5"> 
  <title>Remote key delivery properties (iOS)</title> 
  <shortdesc>
  </shortdesc> 
  <conbody> 
	 <p class="- topic/p ">To support the generation of licenses for Remote Key
		delivery to an iOS client in Adobe Primetime DRM , you must specify the Key
		Server certificate in the 
		<codeph>flashaccess-refimpl.properties</codeph> file. 
	 </p> 
	 <p class="- topic/p ">The following properties have been added in Primetime
		DRM : 
	 </p> 
	 <table frame="all" colsep="1" rowsep="1"
	  class="+ topic/table adobe-d/table " id="table_xz2_lwy_n4"> 
		<tgroup cols="2" colsep="1" rowsep="1" outputclass="Table.format"
		 class="- topic/tgroup "> 
		  <colspec colnum="1" colname="1" colwidth="2.000in"
			class="- topic/colspec "/> 
		  <colspec colnum="2" colname="2" colwidth="3.056in"
			class="- topic/colspec "/> 
		  <thead class="- topic/thead "> 
			 <row rowsep="1" class="- topic/row "> 
				<entry colname="1" class="- topic/entry "> 
				  <p class="- topic/p ">Property 
				  </p> 
				</entry> 
				<entry colname="2" class="- topic/entry "> 
				  <p class="- topic/p ">Description 
				  </p> 
				</entry> 
			 </row> 
		  </thead> 
		  <tbody class="- topic/tbody "> 
			 <row rowsep="1" class="- topic/row "> 
				<entry colname="1"
				 class="- topic/entry "><codeph>HandlerConfiguration.KeyServerCertificate</codeph>
				  
				</entry> 
				<entry colname="2" class="- topic/entry "> 
				  <p>Key Server’s License Server Certificate that is issued by
					 Adobe. 
				  </p> 
				  <p>This certificate generates licenses for iOS devices when the
					 metadata indicates that a Key Server is required. 
				  </p> 
				</entry> 
			 </row> 
			 <row rowsep="0" class="- topic/row "> 
				<entry colname="1"
				 class="- topic/entry "><codeph>RefImpl.HSM.HandlerConfiguration.\
					 KeyServerCertificate.Alias</codeph> 
				</entry> 
				<entry colname="2" class="- topic/entry "> 
				  <p>The alias of a Key Server’s Adobe-issued License Server
					 certificate that is stored on HSM. 
				  </p> 
				  <p>When you enable HSM, you can apply this property instead of
					 the 
					 <codeph>HandlerConfiguration.KeyServerCertificate</codeph>
					 property. 
				  </p> 
				</entry> 
			 </row> 
		  </tbody> 
		</tgroup> 
	 </table> 
  </conbody> 
</concept> 
