<?xml version="1.0" encoding="UTF-8"?>
<!DOCTYPE concept PUBLIC "-//OASIS//DTD DITA Concept//EN" "concept.dtd">
<concept id="c_drm_ref-impl-requirements"> 
  <title class="- topic/title ">Command-line tools requirements</title> 
  <shortdesc/> 
  <conbody> 
	 <ul class="- topic/ul " id="ul_z1r_b4y_n4"> 
		<li class="- topic/li " id="li_205364A31D674EADA2197C65DF402F52">Java 1.5 or higher.</li> 
		<li class="- topic/li " id="li_21DE9C44B6E14D02BA67D3292482F51F">Packager, transport, and license
				server credentials (certificate and password) issued by Adobe. <p>These are
					credentials used to encrypt and sign video files, to sign Policy Update and
					Revocation lists, and to pre-generate licenses. </p>
			</li> 
	 </ul> 
	 <note class="- topic/note ">Because of a Java bug, any arguments that you type on the command line
			(such as file names, DRM policy names, or descriptions) can only use characters from
			your operating system's default character set. </note> 
  </conbody> 
</concept> 
