<?xml version="1.0" encoding="UTF-8"?>
<!DOCTYPE concept PUBLIC "-//OASIS//DTD DITA Concept//EN" "concept.dtd">
<concept id="c_drm_ref-impl-revocation-command-line-usage"> 
  <title class="- topic/title ">Revocation List Manager command-line usage</title> 
  <shortdesc> </shortdesc> 
  <conbody> 
	 <codeblock xml:space="preserve" class="+ topic/pre pr-d/codeblock ">java -jar AdobeRevocationListManager.jar <i class="+ topic/ph hi-d/i ">destfile</i> <i class="+ topic/ph hi-d/i ">crlNumber</i> [<i class="+ topic/ph hi-d/i ">options</i>] 
    java -jar AdobeRevocationListManager.jar -d <i class="+ topic/ph hi-d/i ">filename</i></codeblock> 
	 <ul class="- topic/ul " id="ul_jgy_wqy_n4"> 
		<li class="- topic/li " id="li_C784F9A51183486EAA0B8F1B76ACE069"><codeph
		  class="+ topic/ph pr-d/codeph "><i
			 class="+ topic/ph hi-d/i ">destfile</i></codeph> specifies the name of the file
		  in which the revocation list properties are saved. 
		</li> 
		<li class="- topic/li " id="li_6E9A0BD0AF974300A15C6FF3F2262FD7"><codeph
					class="+ topic/ph pr-d/codeph "><i class="+ topic/ph hi-d/i "
					>crlNumber</i></codeph> represents a non-negative version number of the
				Certificate Revocation List (CRL). You need to increment this number each time the
				CRL is updated. </li> 
	 </ul> 
	 <table frame="all" colsep="1" rowsep="1"
	  class="+ topic/table adobe-d/table " id="table_a3y_wqy_n4">
			<title>Command-line Options:</title> 
		<tgroup cols="2" colsep="1" rowsep="1" outputclass="Table.format"
		 class="- topic/tgroup "> 
		  <colspec colnum="1" colname="1" colwidth="4.000in" class="- topic/colspec "/> 
		  <colspec colnum="2" colname="2" colwidth="4in" class="- topic/colspec "/> 
		  <thead class="- topic/thead "> 
			 <row rowsep="1" class="- topic/row "> 
				<entry colname="1" class="- topic/entry ">Command line option 
				</entry> 
				<entry colname="2" class="- topic/entry ">Description 
				</entry> 
			 </row> 
		  </thead> 
		  <tbody class="- topic/tbody "> 
			 <row rowsep="1" class="- topic/row "> 
				<entry colname="1" class="- topic/entry "><codeph
				  class="+ topic/ph pr-d/codeph ">-c 
					 <i class="+ topic/ph hi-d/i ">configfile</i></codeph> 
				</entry> 
				<entry colname="2" class="- topic/entry "><p class="- topic/p ">Specifies the name and location
								of the configuration file. </p><p class="- topic/p ">If you do not
								specify a name or a location, the DRM Revocation List Manager
								searches for <filepath>flashaccesstools.properties</filepath> in the
								current working directory. </p><note>Options that you specify on the
								command line take precedence over the options you specify in the
								configuration file. </note>Specifies the location of the
							configuration file. If you do not apply this option, the Revocation List
							Manager searches for <filepath>flashaccesstools.properties</filepath> in
							the working directory. </entry> 
			 </row> 
			 <row rowsep="1" class="- topic/row "> 
				<entry colname="1" class="- topic/entry "><codeph
				  class="+ topic/ph pr-d/codeph ">-d 
					 <i class="+ topic/ph hi-d/i ">filename</i></codeph> 
				</entry> 
				<entry colname="2" class="- topic/entry "> 
				  <p class="- topic/p ">Displays information about the revocation
					 list. 
				  </p> 
				</entry> 
			 </row> 
			 <row rowsep="1" class="- topic/row "> 
				<entry colname="1" class="- topic/entry "><codeph
				  class="+ topic/ph pr-d/codeph ">-e 
					 <i class="+ topic/ph hi-d/i ">date</i></codeph> 
				</entry> 
				<entry colname="2" class="- topic/entry "> 
				  <p class="- topic/p ">(Optional) The expiration date of the
					 revocation list. Use one of the following formats: 
				  <ul id="ul_2C89F8183C3647C593CB67576D9DED07">
					 <li id="li_A866F6CBCB464193A119A6609C8F3B2A"><codeph
						class="+ topic/ph pr-d/codeph "><i
						  class="+ topic/ph hi-d/i ">yyyy-mm-dd</i></codeph>
					 </li>
					 <li id="li_B5F9F6C995E64464838DDE447848F707"><codeph
						class="+ topic/ph pr-d/codeph "><i
						  class="+ topic/ph hi-d/i ">yyyy-mm-dd-h24:min:sec</i></codeph>
					 </li>
				  </ul>For example, 2009-01-31-14:30:00 represents January 31 at
				  2:30 PM. 
				  </p> 
				</entry> 
			 </row> 
			 <row rowsep="1" class="- topic/row "> 
				<entry colname="1" class="- topic/entry "><codeph>-f 
					 <i class="+ topic/ph hi-d/i ">filename</i><i
					 class="+ topic/ph hi-d/i ">[certfile]</i></codeph> 
				</entry> 
				<entry colname="2" class="- topic/entry "> 
				  <p>Adds all entries from the existing revocation list. You can
					 only specify one existing file. 
				  </p> 
				  <p class="- topic/p ">If the existing list was signed with a
					 credential other than the one that you have used to sign the new list, you need
					 to specify its certificate file next to verify its signature. 
				  </p> 
				</entry> 
			 </row> 
			 <row rowsep="1" class="- topic/row "> 
				<entry colname="1"
				 class="- topic/entry "><codeph>-noprompt</codeph> 
				</entry> 
				<entry colname="2" class="- topic/entry "> 
				  <p class="- topic/p ">Do not ask if the destination file should
					 be overwritten. If the destination file already exists and 
					 <codeph>-o</codeph> is not set, an error occurs. 
				  </p> 
				</entry> 
			 </row> 
			 <row rowsep="1" class="- topic/row "> 
				<entry colname="1" class="- topic/entry "><codeph>-o</codeph> 
				</entry> 
				<entry colname="2" class="- topic/entry ">If the destination file
				  already exists, you can overwrite it without being prompted. 
				</entry> 
			 </row> 
			 <row rowsep="0" class="- topic/row "> 
				<entry colname="1" class="- topic/entry "><codeph>-r 
					 <i>issuerName serialNumber revocationDate</i></codeph> 
				</entry> 
				<entry colname="2" class="- topic/entry "> 
				  <p class="- topic/p ">Revokes the certificate that has been
					 identified by 
					 <codeph>issuerName</codeph> and 
					 <codeph>serialNumber</codeph> on the specified date. The 
					 <codeph>issuerName</codeph> must use the 509 name format. For
					 example, 
					 <codeph>CN=12345,O=Adobe Systems Incorporated,C=US</codeph>. 
				  </p>
				  <p>You must specify the serial numbers in a hexadecimal format. You also need to specify the
								revocation date in one of the following formats: <ul
									id="ul_1524FBC6818248F3A2B271243E649400">
									<li id="li_BC618EA2332D42A59B1B5434CAFFD2AF"><codeph
											class="+ topic/ph pr-d/codeph "><i
												class="+ topic/ph hi-d/i ">yyyy-mm-dd</i></codeph>
									</li>
									<li id="li_97F77810D20C4CF2944EFCFF5DFAE467"><codeph
											class="+ topic/ph pr-d/codeph "><i
												class="+ topic/ph hi-d/i "
												>yyyy-mm-dd-h24:min:sec</i></codeph>
									</li>
								</ul>For example, 2008-12-1 or 2008-12-1-00:00:00 for midnight on
								December 1, 2008. If you do not specify the revocation date, the
								current date is automatically applied. </p> 
				</entry> 
			 </row> 
		  </tbody> 
		</tgroup> 
	 </table> 
  </conbody> 
</concept> 
