<?xml version="1.0" encoding="UTF-8"?>
<!DOCTYPE concept PUBLIC "-//OASIS//DTD DITA Concept//EN" "concept.dtd">
<concept id="c_drm_ref-impl-deploying-license-server-determining-ref-running">
  
  <title class="- topic/title ">Determining if Reference Implementation License
	 Server runs properly</title> 
  <shortdesc/> 
  <conbody> 
	 <p class="- topic/p ">There are several ways to determine whether your
		Reference Implementation License Server has started correctly. You can view the
		
		<filepath>catalina.log</filepath> logs may not be sufficient, as the
		license server logs to its own log files. Follow the steps below to ensure your
		Reference Implementation has started up properly.
	 </p> 
	 <ul class="- topic/ul " id="ul_dfh_myy_n4"> 
		<li class="- topic/li " id="li_5407BA9FF42D45E9A57A7A70E109BB72">Check
		  your 
		  <filepath>AdobeFlashAccess.log</filepath> file. This is where the
		  Reference Implementation writes log information. The location of this log file
		  is indicated by your 
		  <filepath>log4j.xml</filepath> file and can be modified to point to any
		  location you'd like. By default, the log file copied to the working directory
		  where you run catalina.
		</li> 
		<li class="- topic/li " id="li_FA4F54C1058B4BC59E1D930200A2D889">Go to
		  the following URL: 
		  <filepath>http:///flashaccess/license/v4</filepath><i
		  class="+ topic/ph hi-d/i ">your server:server port</i>. You should see the text
		  "License Server is setup correctly".
		</li> 
	 </ul> 
	 <p class="- topic/p ">Another way to test if your server runs correctly is
		to package a segment of the test content, set up a sample video player, and
		then play it.
	 </p>
	 <p class="- topic/p ">The following procedure describes this process:
	 </p> 
	 <ol class="- topic/ol " id="ol_ggh_myy_n4"> 
		<li class="- topic/li " id="li_EBE08B05335B4587A935610F3D4DFE01">Go to
		  the 
		  <filepath>\Reference Implementation\Command Line Tools</filepath>
		  folder. 
		  <p>See 
			 <xref format="dita" scope="local"
			 href="c_drm_ref-impl-installing-the-command-line-tools.xml">Installing
				the command line tools</xref> on how to install the command line tools.
		  </p>
		</li> 
		<li class="- topic/li " id="li_09073AEF8CC541BFB973A3CA8477B8B8">Type the
		  following command to create a simple anonymous DRM policy:
		  <codeblock xml:space="preserve" class="+ topic/pre pr-d/codeblock ">    java -jar libs\AdobePolicyManager.jar new policy_test.pol -x</codeblock>
		  <p class="- topic/p ">See 
			 <xref format="dita" scope="local"
			 href="c_drm_ref-impl-command-line-usage.xml">Command line
				usage</xref> on how to create DRM policies with the DRM Policy Manager.
		  </p>
		</li> 
		<li class="- topic/li " id="li_F72F649D1F2742DC808DB2C69F05BE7F">Set the 
		  <codeph
		  class="+ topic/ph pr-d/codeph ">encrypt.license.serverurl</codeph> property in
		  the 
		  <filepath>flashaccesstools.properties</filepath> file to the URL of the
		  license server.
		  <p>For example, 
			 <filepath>http://localhost:8080/</filepath>. The 
			 <filepath>flashaccesstools.properties</filepath> file is located in
			 the 
			 <filepath>\Reference Implementation\Command Line Tools</filepath>
			 folder.
		  </p>
		</li> 
		<li class="- topic/li " id="li_5842BD750AD84C60ADF03A02E34FD83C">Type the
		  following command to package a segment of the content:
		  <codeblock xml:space="preserve" class="+ topic/pre pr-d/codeblock ">    java -jar libs\AdobePackager.jar <i class="+ topic/ph hi-d/i ">test_input_FLV </i><i class="+ topic/ph hi-d/i ">output_file</i> 
          -p policy_test.pol</codeblock>
		</li> 
		<li class="- topic/li " id="li_C2E259BE7DEA4032AB40A68D44EBC59C">Copy the
		  two generated files to the 
		  <filepath>webapps\ROOT\Content</filepath> folder on the Tomcat server.
		</li> 
		<li class="- topic/li " id="li_95C5EE59334142D7BCEA3A610863D98A">Go to
		  the 
		  <filepath>Reference Implementation\Sample Video Players\Desktop\Flash
			 Player\Release</filepath> directory and copy the contents to the 
		  <filepath>webapps\ROOT\SVP\</filepath> folder on the Tomcat server.
		</li> 
		<li class="- topic/li " id="li_9E83EACDBCFB47B8B982BAE32B29C6CA">Install
		  Flash Player version 10.1 or later.
		</li> 
		<li class="- topic/li " id="li_222F14E3C99B471DA785FCD8299D03A2">Open a
		  web browser and go to the following URL:
		  <p
		  class="- topic/p "><filepath>http://localhost:8080/SVP/player.html</filepath>
		  </p>
		</li> 
		<li class="- topic/li " id="li_B083AB0A83D443D8ADAAB774AB8B9C26">Go to
		  the following URL and then click 
		  <uicontrol>Play</uicontrol>:
		  <p
		  class="- topic/p "><filepath>http://localhost:8080/Content/</filepath><varname>your_encrypted_FLV</varname>.
		  </p>
		</li> 
		<li class="- topic/li " id="li_8C85CA466B02424F92B3A509AD6D9B86">If the
		  video fails to play, check if any error codes are displayed in the logging pane
		  of the Sample Video Player or added to the 
		  <filepath>AdobeFlashAccess.log</filepath> file. 
		  <p>You can now search for the location of the 
			 <filepath>AdobeFlashAccess.log</filepath> log file in the log4j.xml
			 file and then modify it. By default, the log file is copied into the working
			 directory where you run catalina.
		  </p>
		</li> 
	 </ol> 
  </conbody> 
</concept> 
