<?xml version="1.0" encoding="UTF-8"?>
<!DOCTYPE task PUBLIC "-//OASIS//DTD DITA Task//EN" "task.dtd">
<task id="task_cgg_qtw_fs"> 
  <title>Set up the license server database</title> 
  <shortdesc/> 
  <taskbody> 
	 <context id="context_E9ADB558FE164A2D9991680857C17E1F"> 
		<p class="- topic/p ">The reference implementation license server
		  requires a database to support the following:
		</p> 
		<ul class="- topic/ul " id="ul_aft_gxy_n4"> 
		  <li class="- topic/li " id="li_E4B08541290A44F591F8E6CC7206D2D2">User
			 authentication 
		  </li> 
		  <li class="- topic/li " id="li_752ED35BA30B403B911BA0A94CB69595">Usage
			 model demo business rules 
		  </li> 
		  <li class="- topic/li "
			id="li_45E556A7E019493BABC3E809BC320899">Metadata conversion 
		  </li> 
		  <li class="- topic/li " id="li_17C6154A8FE742D09F21C2BDC7C89300">Domain
			 support 
		  </li> 
		</ul> 
		<p class="- topic/p ">Anonymous license acquisition does not require that
		  the database be running. 
		</p> 
		<note class="- topic/note ">This procedure applies only to Microsoft
		  Windows. For other operating systems, see the documentation for your operating
		  system or see the MySQL documentation. 
		</note> 
		<p class="- topic/p ">To run the license server, you need to install and configure MySQL: </p> 
	 </context> 
	 <steps id="steps_C45DD3215875471FA2121E9A8635FA97"> 
		<step id="step_B156983CC1EB4621B9070B835A018073"> 
		  <cmd>On the DVD, go to the 
			 <filepath>Third Party\MySQL\Installer\5.1</filepath> folder and start
			 the installation program. 
		  </cmd> 
		</step> 
		<step id="step_2F9111440E7D47558676FBF340ECBE6B"> 
		  <cmd>Compete the MySQL installation.
		  </cmd> 
		</step>
		<step id="step_A07226CD946646E7A9079394ADB27591">
		  <cmd>Select 
			 <uicontrol>Configure MySQL Server Now</uicontrol> to start the
			 configuration wizard. 
		  </cmd>
		</step> 
		<step id="step_A3A7E24FD8A94CB698563A9DC6399ECD"> 
		  <cmd>Until the fifth screen, use the default settings or select
			 specific settings for your testing. 
		  </cmd> 
		</step>
		<step id="step_93BEE6BC38654C83AEEA247E2BE14395">
		  <cmd>On the fifth screen, select 
			 <uicontrol>Online Transaction Processing (OLTP)</uicontrol> or 
			 <uicontrol>Manual Setting</uicontrol> and enter the maximum number of
			 allowed connections.
		  </cmd>
		</step> 
		<step id="step_5D00A4B9DFFC4700BECD2CE929020942"> 
		  <cmd>Write down the root password. 
		  </cmd> 
		</step> 
		<step id="step_9A544D87AD2F47A0A2C12F38663F7C56"> 
		  <cmd>To re-install MySQL, if you need to start the server later,
			 complete the following steps:
		  </cmd> 
		  <substeps id="substeps_nxn_h3x_fs"> 
			 <substep id="substep_76788EE6ABF04C73AAF35AC91A18A1C3"> 
				<cmd>Delete the 
				  <i>system drive:</i> folder.
				</cmd> 
				<info>This folder is located in 
				  <filepath>\Documents and Settings\All Users\Application
					 Data\MySQL</filepath>.
				</info>
			 </substep> 
			 <substep id="substep_A98D74988B15416EAD14C79AE0E12D07"> 
				<cmd>Delete the old MySQL install folder.
				</cmd> 
				<info>For example, 
				  <i>system drive:</i>, which is located in 
				  <filepath>\Program Files\MySQL\MySQL Server 5.1</filepath>. 
				</info>
			 </substep> 
		  </substeps> 
		</step>
		<step id="step_3917385D1C6D4FF39FCEA87F833FE669">
		  <cmd>To install MySQL JDBC Driver 5.1.7, copy the 
			 <filepath>mysql-connector-java-5.1.7-bin.jar</filepath> file in the 
			 <filepath>Third Party\MySQL\Installer\5.1</filepath> folder on the
			 DVD to the 
			 <filepath>...\Tomcat6.0\lib</filepath> directory on the Tomcat
			 Server. 
		  </cmd>
		  <info>
			 <note class="- topic/note ">MySQL JDBC Driver 5.1.7 works with Tomcat
				6.0. Older versions of Tomcat are no longer supported. 
			 </note>
		  </info>
		</step> 
	 </steps>
  </taskbody> 
</task> 
