<?xml version="1.0" encoding="UTF-8"?>
<!DOCTYPE concept PUBLIC "-//OASIS//DTD DITA Concept//EN" "concept.dtd">
<concept id="c_drm_ref-impl-license-server-upgrading-existing-deplys"> 
  <title class="- topic/title ">Upgrade existing deployments</title> 
  <shortdesc>To upgrade a server that supports the version 3.0 Reference
	 Implementation License Server or Watched Folder Packager, you need to replace
	 the 
	 <filepath>.war</filepath> files that have been deployed on an Application
	 Server with the files that have been included with Adobe Primetime DRM
	 Reference Implementation Server. 
  </shortdesc> 
  <conbody> 
	 <p class="- topic/p ">To use domain registration with the Reference
		Implementation License Server, several new database tables are required. You
		need to recreate the entire reference implementation database and run 
		<codeph class="+ topic/ph pr-d/codeph ">CreateSampleDB.sql</codeph>. 
	 </p> 
	 <p> To preserve database records and add new tables: 
	 <ol id="ol_476184D8A3E64224A214F0E06B032D90"> 
		<li id="li_B86CE56515F04C6695FD104F5537CCF3">Open 
		  <codeph class="+ topic/ph pr-d/codeph ">CreateSampleDB.sql</codeph> and
		  run commands that create the following tables: 
		  <ul class="- topic/ul " id="ul_bnf_z1z_n4"> 
			 <li class="- topic/li "
			  id="li_1D9B066BEFAD46D5B9AEECDB9B320A89"><codeph
				class="+ topic/ph pr-d/codeph ">DomainServerInfo</codeph> 
			 </li> 
			 <li class="- topic/li "
			  id="li_D64E71B582D14399A784C3F99C50C26D"><codeph
				class="+ topic/ph pr-d/codeph ">DomainKeys</codeph> 
			 </li> 
			 <li class="- topic/li "
			  id="li_FE201DCC1F7C403D8D568DDECEBD8139"><codeph
				class="+ topic/ph pr-d/codeph ">DomainMembership</codeph> 
			 </li> 
			 <li class="- topic/li "
			  id="li_E7EC2030EA614F1EBFDCFDD44DEEC2A9"><codeph
				class="+ topic/ph pr-d/codeph ">UserDomainMembership</codeph> 
			 </li> 
			 <li class="- topic/li "
			  id="li_E0F235CD909641D2B638EA99126920C2"><codeph
				class="+ topic/ph pr-d/codeph ">UserDomainRefCount</codeph> 
			 </li> 
		  </ul> 
		</li> 
		<li id="li_87DB6904E070471096390A9B753EA6C3">Add the following properties
		  to 
		  <filepath>flashaccess-refimpl.properties</filepath> to use the domain
		  support: 
		  <ul class="- topic/ul " id="ul_rnf_z1z_n4"> 
			 <li class="- topic/li "
			  id="li_185098B0823A48548F178F582430613B"><codeph
				class="+ topic/ph pr-d/codeph ">HandlerConfiguration.DomainCAs.n</codeph> or 
				<codeph
				 class="+ topic/ph pr-d/codeph ">RefImpl.HSM.HandlerConfiguration.DomainCAs.Alias.n</codeph>
				
			 </li> 
			 <li class="- topic/li "
			  id="li_D823CC8750344A468FB4738DDDEAAE46"><codeph
				class="+ topic/ph pr-d/codeph ">Domain
				  RegistrationHandler.ServerCredential</codeph> and 
				<codeph
				 class="+ topic/ph pr-d/codeph ">DomainRegistrationHandler.ServerCredential.password</codeph>
				or 
				<codeph
				 class="+ topic/ph pr-d/codeph ">RefImpl.HSM.DomainRegistrationHandler.ServerCredential.Alias</codeph>
				
			 </li> 
			 <li class="- topic/li "
			  id="li_A3FA5B68269E492F892EE326732BDC20"><codeph
				class="+ topic/ph pr-d/codeph ">DomainRegistrationHandler.DomainServerUrl</codeph>
				
			 </li> 
		  </ul> 
		</li> 
		<li id="li_727F9CF909E642B080639B43A974EAD3">Add the following properties
		  to 
		  <filepath>flashaccess-refimpl.properties</filepath> to support remote
		  key delivery to iOS clients: 
		  <ul class="- topic/ul " id="ul_c4f_z1z_n4"> 
			 <li class="- topic/li "
			  id="li_9F9A196473D54FF182DA52ED16011C63"><codeph
				class="+ topic/ph pr-d/codeph ">HandlerConfiguration.KeyServerCertificate</codeph>
				or 
				<codeph
				 class="+ topic/ph pr-d/codeph ">RefImpl.HSM.HandlerConfiguration.KeyServerCertificate.Alias</codeph>
				
			 </li> 
		  </ul> 
		</li> 
	 </ol> 
	 </p> 
  </conbody> 
</concept> 
