<?xml version="1.0" encoding="UTF-8"?>
<!DOCTYPE concept PUBLIC "-//OASIS//DTD DITA Concept//EN" "concept.dtd">
<concept id="c_drm_ref-impl-usage-model-biz-rules">
 <title>Usage model demo business rules</title>
 <shortdesc/>
 <conbody>
  <p class="- topic/p ">When a user requests a license, the Reference Implementation server checks
      the metadata that the client has sent, to determine whether the content was packaged by using
      the <codeph class="+ topic/ph pr-d/codeph ">RI_UsageModelDemo</codeph> property. If that is
      the case, the server applies the following business rules. </p>
  <ul class="- topic/ul " id="ul_vz3_qyy_n4">
   <li class="- topic/li " id="li_4AD201DED9B24894B44A17B6561968DF">If one of the DRM policies
    requires authentication: <ul class="- topic/ul " id="ul_s1j_qyy_n4">
     <li class="- topic/li " id="li_1ED0FD1BD5414902904DB755E366CA8E">If the request contains a
      valid authentication token, search for the name of the user in the Customer database table.
       <p>If you cannot locate the name of the user, complete the following tasks: <ul
        id="ul_DC2CA8C229BB440C81978779C64666B8">
        <li id="li_847BDF8ED413480E997536355502481E">If the <codeph class="+ topic/ph pr-d/codeph "
          >Customer.IsSubscriber</codeph> property is set to <codeph class="+ topic/ph pr-d/codeph "
          >true</codeph>, you need to generate a license for the <term>Subscription</term> usage
         model and send it to the user. </li>
        <li id="li_A630C142D9A6486E82728A167D48CA3F">Search for a record in the
          <codeph>CustomerAuthorization</codeph> database table for the name of the user and the
         content ID. </li>
       </ul>
      </p>
      <p>If you can locate the user's record, complete the following tasks: <ul
        id="ul_4183B087C6D74A83BECB504BE41B3A7F">
        <li id="li_DF0A75F783074ACF80D3E2A392D0FDF0">If the <codeph class="+ topic/ph pr-d/codeph "
          >CustomerAuthorization.UsageType</codeph> property is set to <codeph
          class="+ topic/ph pr-d/codeph ">DTO</codeph>, generate a license for the DTO usage model
         and send it to the user. </li>
        <li id="li_C32AFB99083D4E92854F0345AA25DD6B">If the <codeph class="+ topic/ph pr-d/codeph "
          >CustomerAuthorization.UsageType</codeph> property is set to <codeph
          class="+ topic/ph pr-d/codeph ">VOD</codeph>, generate a license for the VOD usage model
         and send it to the user. </li>
       </ul>
      </p><p>If none of the DRM policies allow for anonymous access, complete the following tasks:
        <ul id="ul_AA5C231C0D9C40DB88381DBC9A5F8214">
        <li id="li_F20902376E2A423CB4BF6CEFC4AB0820">If there is not a valid authentication token in
         the request, you need to return an "authentication required" error. </li>
        <li id="li_BF79AABA0F0D4CD7BFF79CA5188B4F1E">Otherwise return a "not authorized" error.
        </li>
       </ul>
      </p>
     </li>
    </ul>
   </li>
   <li class="- topic/li " id="li_496E435679A5479C8D7215ADC63B9189">If one of the DRM policies
    allows for anonymous access, generate a license for the Ad-funded usage model and send it to the
    user. </li>
  </ul>
 </conbody>
</concept>
