<?xml version="1.0" encoding="UTF-8"?>
<!DOCTYPE concept PUBLIC "-//OASIS//DTD DITA Concept//EN" "concept.dtd">
<concept id="c-aaxs-xgep-sdg-network-topology-configuring-ssl"> 
  <title class="- topic/title ">Configuring SSL</title> 
  <conbody> 
	 <p class="- topic/p ">Secure Sockets Layer (SSL) is only necessary if you
		require support for Flash Media Rights Management Server 1.x clients. SSL with
		client authentication is required for the Adobe Access Key Server. Please see 
		<i class="+ topic/ph hi-d/i ">Using the Adobe Access Key Server 
		</i>for details.
	 </p> 
  </conbody> 
</concept> 
