<?xml version="1.0" encoding="UTF-8"?>
<!DOCTYPE concept PUBLIC "-//OASIS//DTD DITA Concept//EN" "concept.dtd">
<concept id="c-aaxs-xgep-sdg-network-topology"> 
  <title class="- topic/title ">Network topology overview</title> 
  <conbody> 
	 <p class="- topic/p ">After you successfully deploy Adobe Access, it is
		important to maintain the security of your environment. This section describes
		the tasks that are necessary to maintain the security of your Adobe Access
		production server. 
	 </p> 
	 <p class="- topic/p ">Use a 
		<i class="+ topic/ph hi-d/i ">reverse proxy</i> to ensure that different
		sets of URLs for Adobe Access web applications are available to both external
		and internal users. This configuration is more secure than allowing users to
		connect directly to the application server on which Adobe Access is running.
		The reverse proxy performs all HTTP requests for the application server that is
		running Adobe Access. Users only have network access to the reverse proxy and
		can attempt only the URL connections that are supported by the reverse proxy. 
	 </p> 
	 <fig id="fig-frx-dcg-44"> 
		<image href="images/AdobeAccess_4_SecureDeployment_web.png"
		 id="image-rj3-4jd-54"/> 
	 </fig> 
  </conbody> 
</concept> 
