<?xml version="1.0" encoding="UTF-8"?>
<!DOCTYPE concept PUBLIC "-//OASIS//DTD DITA Concept//EN" "concept.dtd">
<concept id="c-aaxs-xgep-sdg-network-topology-firewall-rules"> 
  <title class="- topic/title ">Firewall rules</title> 
  <conbody> 
	 <section id="section-F111526A9DB844CBBF21A3CAE5F50880"> 
		<title>Incoming URLs</title> 
		<p class="- topic/p ">Configure your outer firewall so that it exposes
		  only the URLs for application functionality that you want to provide to end
		  users. Allow external users access through the outer firewall only to the URLs
		  listed in the following table:
		</p> 
		<table frame="all" colsep="1" rowsep="1"
		 class="+ topic/table adobe-d/table " id="table-bqs-whz-n4"> 
		  <tgroup cols="2" colsep="1" rowsep="1"
			outputclass="Table.format" class="- topic/tgroup "> 
			 <colspec colnum="1" colname="1" colwidth="2.278in"
			  class="- topic/colspec "/> 
			 <colspec colnum="2" colname="2" colwidth="2.778in"
			  class="- topic/colspec "/> 
			 <thead class="- topic/thead "> 
				<row rowsep="1" class="- topic/row "> 
				  <entry colname="1" class="- topic/entry "> 
					 <p class="- topic/p ">Root URL
					 </p> 
				  </entry> 
				  <entry colname="2" class="- topic/entry "> 
					 <p class="- topic/p ">Purpose
					 </p> 
				  </entry> 
				</row> 
			 </thead> 
			 <tbody class="- topic/tbody "> 
				<row rowsep="1" class="- topic/row "> 
				  <entry colname="1"
					class="- topic/entry "><filepath>/flashaccess/getServerVersion/v3</filepath>
				  </entry> 
				  <entry colname="2" class="- topic/entry "> 
					 <p class="- topic/p ">URL for determining the server version.
					 </p> 
				  </entry> 
				</row> 
				<row rowsep="1" class="- topic/row "> 
				  <entry colname="1" class="- topic/entry "> 
					 <ul id="ul-xr4-hdn-44"> 
						<li
						 id="li-05925A4DE4114F7786FF93A66AB8A117"><filepath>/flashaccess/authn/v1/*</filepath>
						</li> 
						<li
						 id="li-E76E9BA0160F4E7F9EBB64428C2D9F31"><filepath>/flashaccess/authn/v3/*</filepath>
						</li> 
						<li
						 id="li-ED3C15EB4D194FFE99954BDB7D5C1E41"><filepath>/flashaccess/authn/v4/*</filepath>
						</li> 
						<li
						 id="li-4DD6CBBE939F4E6EABA474E3DCCBD893"><filepath>/flashaccess/authn/v5/*</filepath>
						</li> 
					 </ul> 
				  </entry> 
				  <entry colname="2" class="- topic/entry "> 
					 <p class="- topic/p ">URLs for user authentication. This URL
						must be accessible only if you use Adobe Access Client APIs to perform user
						authentication.
					 </p> 
				  </entry> 
				</row> 
				<row rowsep="1" class="- topic/row "> 
				  <entry colname="1" class="- topic/entry "> 
					 <ul id="ul-yxs-rdn-44"> 
						<li
						 id="li-49B9987ED6E14FADA66727448F923F84"><filepath>/flashaccess/license/v1/*</filepath>
						</li> 
						<li
						 id="li-BF4A415E573C4C728E24D548F53D923C"><filepath>/flashaccess/license/v3/*</filepath>
						</li> 
						<li
						 id="li-E6C551DDA030429B9D0073D2685B778A"><filepath>/flashaccess/license/v4/*</filepath>
						</li> 
						<li
						 id="li-57811F4CD7304DBDAFADD65244AED0D9"><filepath>/flashaccess/license/v5/*</filepath>
						</li> 
					 </ul> 
				  </entry> 
				  <entry colname="2" class="- topic/entry "> 
					 <p class="- topic/p ">URLs for issuing licenses to end users.
					 </p> 
				  </entry> 
				</row> 
				<row rowsep="1" class="- topic/row "> 
				  <entry colname="1" class="- topic/entry "> 
					 <ul id="ul-ibl-5dn-44"> 
						<li
						 id="li-189BE370CD5044F988A42335C3BFE420"><filepath>/flashaccess/sync/v3</filepath>
						</li> 
						<li
						 id="li-B333B85FFE8A46DD884595B0A620B4EE"><filepath>/flashaccess/sync/v4</filepath>
						</li> 
						<li
						 id="li-E4771D3C5AA5454CA1EDCFAA3E027CC1"><filepath>/flashaccess/sync/v5</filepath>
						</li> 
					 </ul> 
				  </entry> 
				  <entry colname="2" class="- topic/entry "> 
					 <p class="- topic/p ">URLs for synchronization requests. This
						URL must be accessible only if you specify the synchronization requirements in
						your licenses.
					 </p> 
				  </entry> 
				</row> 
				<row rowsep="1" class="- topic/row "> 
				  <entry colname="1" class="- topic/entry "> 
					 <ul id="ul-plq-ydn-44"> 
						<li
						 id="li-81C96F93BA904C8C95B907F1A77E6494"><filepath>/flashaccess/domain/v3</filepath>
						</li> 
						<li
						 id="li-40F0952F09674CA3B9AAFB5A62F9D02E"><filepath>/flashaccess/domain/v4</filepath>
						</li> 
						<li
						 id="li-3ADE44B959B548F8A31A6FF08537AF46"><filepath>/flashaccess/domain/v5</filepath>
						</li> 
					 </ul> 
				  </entry> 
				  <entry colname="2" class="- topic/entry "> 
					 <p class="- topic/p ">URLs for domain registration. This URL
						must be accessible only if you implement domain support.
					 </p> 
				  </entry> 
				</row> 
				<row rowsep="1" class="- topic/row "> 
				  <entry colname="1" class="- topic/entry "> 
					 <ul id="ul-btm-c2n-44"> 
						<li
						 id="li-3535EDF7C644406FAC471D4234C4AF98"><filepath>/flashaccess/dereg/v3</filepath>
						</li> 
						<li
						 id="li-AB33657BC7E140E695767710DF7AEC72"><filepath>/flashaccess/dereg/v4</filepath>
						</li> 
						<li
						 id="li-D15B32BCD4674269A3A2644DD5204707"><filepath>/flashaccess/dereg/v5</filepath>
						</li> 
					 </ul> 
				  </entry> 
				  <entry colname="2" class="- topic/entry "> 
					 <p class="- topic/p ">URLs for domain de-registration. This URL
						must be accessible only if you implement the domain support.
					 </p> 
				  </entry> 
				</row> 
				<row rowsep="1" class="- topic/row "> 
				  <entry colname="1"
					class="- topic/entry "><filepath>/flashaccess/headerconversion/v1/*</filepath>
				  </entry> 
				  <entry colname="2" class="- topic/entry "> 
					 <p class="- topic/p ">URLs for use by the client to convert
						FMRMS 1.x DRM metadata to Adobe Access DRM metadata.
					 </p> 
					 <p class="- topic/p ">Note: 
						<i class="+ topic/ph hi-d/i ">This URL must use SSL
						  (HTTPS)</i>.
					 </p> 
				  </entry> 
				</row> 
				<row rowsep="0" class="- topic/row "> 
				  <entry colname="1"
					class="- topic/entry "><filepath>/edcws/services/urn:EDCLicenseService/*</filepath>
				  </entry> 
				  <entry colname="2" class="- topic/entry "> 
					 <p class="- topic/p ">LiveCycle Rights Management ES web
						service URL. If content was published using an earlier version of FMRMS, this
						URL allows older clients to connect to the server and be prompted to upgrade to
						Adobe Access.
					 </p> 
					 <p class="- topic/p ">Note: 
						<i class="+ topic/ph hi-d/i ">This URL must use SSL
						  (HTTPS)</i>.
					 </p> 
				  </entry> 
				</row> 
				<row> 
				  <entry colname="1"
					class="- topic/entry "><filepath>/flashaccess/lreturn/v5</filepath>
				  </entry> 
				  <entry colname="2" class="- topic/entry "> 
					 <p>URLs for license return. The URL must be accessible only if
						you implement license return support.
					 </p> 
				  </entry> 
				</row> 
			 </tbody> 
		  </tgroup> 
		</table> 
		<note class="- topic/note ">The internal firewall must only allow
		  connections to be made to the Adobe Access license server through the reverse
		  proxy, and only to the URLs listed above. To improve scalability, the
		  connections between the reverse proxy and Adobe Access will be over HTTP.
		</note> 
	 </section> 
	 <section id="section-FFF9F7BB353149F4A27F8788E9934A48"> 
		<title>Outgoing URLs</title> 
		<p class="- topic/p ">The license server requires access through the
		  firewall to download the following CRLs from Adobe:
		</p> 
		<p class="- topic/p "> 
		<ul class="- topic/ul " id="ul-mbm-d3z-n4"> 
		  <li class="- topic/li " id="li-F22D4D4FF66D49679A8A944C131FC50E"> 
			 <p
			  class="- topic/p ">http://crl2.adobe.com/Adobe/FlashAccessRootCA.crl
			 </p> 
		  </li> 
		  <li class="- topic/li " id="li-354132A187D94419A2E451C223CF9E9C"> 
			 <p
			  class="- topic/p ">http://crl2.adobe.com/Adobe/FlashAccessIntermediateCA.crl
			 </p> 
		  </li> 
		  <li class="- topic/li " id="li-C1E3A7B67CE94D42A2E512E083BBC33B"> 
			 <p
			  class="- topic/p ">http://crl3.adobe.com/AdobeSystemsIncorporatedFlashAccessRuntime/LatestCRL.crl
			 </p> 
		  </li> 
		  <li class="- topic/li " id="li-0ADA68A298534D8F887ED213F56AB87E"> 
			 <p
			  class="- topic/p ">http://crl2.adobe.com/Adobe/FlashAccessIndividualizationCA.crl
			 </p> 
		  </li> 
		</ul> 
		</p> 
	 </section> 
  </conbody> 
</concept> 
