<?xml version="1.0" encoding="UTF-8"?>
<!DOCTYPE concept PUBLIC "-//OASIS//DTD DITA Concept//EN" "concept.dtd">
<concept
 id="c-aaxs-xgep-sdg-pkging-and-protecting-content-ensure-compat-fmrms"> 
  <title class="- topic/title ">Ensure compatibility with Flash Media Rights
	 Management Server 1.x</title> 
  <conbody> 
	 <p class="- topic/p ">Flash Media Rights Management Server 1.x and Adobe
		Access use different metadata for packaging content and requesting licenses.
		For Adobe Access to use FMRMS version 1.x content, the metadata must be
		converted. 
	 </p> 
	 <p class="- topic/p ">The Adobe Access SDK supports two options for
		converting metadata: 
	 </p> 
	 <ul class="- topic/ul " id="ul-ovb-ylz-n4"> 
		<li class="- topic/li " id="li-685436B5CC7D4F17A18DF065EB1211FF"> 
		  <p class="- topic/p ">Offline (recommended) 
		  </p> 
		  <p class="- topic/p ">Generate the Adobe Access metadata in an offline
			 process and store it for use when a client requests it. Adobe recommends this
			 option. If metadata is generated offline, the license server does not need
			 access to the 1.x CEKs or the packager credential. In addition, converting
			 offline offers better performance because the License Server doesn’t need to
			 generate the metadata in real time. 
		  </p> 
		</li> 
		<li class="- topic/li " id="li-ED48063C50E74F708848A4FF759B9D8A"> 
		  <p class="- topic/p ">On-demand 
		  </p> 
		  <p class="- topic/p ">Generate the Adobe Access metadata on-demand when
			 a client requests it. When an Adobe Access client downloads version 1.x
			 content, it sends the DRM metadata (also known as the DRM header) to the Adobe
			 Access SDK. The SDK converts the DRM metadata to the current format. The SDK
			 encrypts and embeds the content encryption key (CEK) in the metadata and sends
			 the content back to the Adobe Access client. (The Adobe Access 1.x metadata
			 does not contain the CEK.) 
		  </p> 
		  <p class="- topic/p ">To convert the metadata, Adobe Access requires
			 access to the Adobe Access 1.x content encryption keys. When you migrate from
			 Flash Media Rights Management Server 1.x, you can continue to store the content
			 encryption keys in the LiveCycle ES database, or you can implement a custom
			 solution to securely store the content encryption keys elsewhere. If you choose
			 to continue storing the content encryption keys in the LiveCycle ES database,
			 follow the recommendations outlined in "Protecting access to sensitive content
			 in the database" in 
			 <i class="+ topic/ph hi-d/i ">Hardening and Security for LiveCycle
				ES</i>. 
		  </p> 
		</li> 
	 </ul> 
	 <p class="- topic/p ">For more information on ensuring compatibility with
		content packaged using Flash Media Rights Management Server 1.x, see the 
		<i class="+ topic/ph hi-d/i ">Adobe Access API Reference</i>. 
	 </p> 
  </conbody> 
</concept> 
