<?xml version="1.0" encoding="UTF-8"?>
<!DOCTYPE concept PUBLIC "-//OASIS//DTD DITA Concept//EN" "concept.dtd">
<concept id="c-aaxs-xgep-sdg-pkging-and-protecting-content-secure-the-server"> 
  <title class="- topic/title ">Secure the server</title> 
  <conbody> 
	 <p class="- topic/p ">You need to physically secure the computer on which
		policy management and content packaging occurs. (See 
		<xref href="c-aaxs-xgep-sdg-physical-sec-and-access">Physical security
		  and access</xref>.) 
	 </p> 
	 <p class="- topic/p ">In addition, if your content packaging implementation
		requires network connectivity, you must harden your operating system and
		implement an appropriate firewall solution. For information, see 
		<xref
		 href="networkTopology.xml#WS287f927bd30d4b1f-1bb44af913073c96153-8000-ver2.0"
		 class="- topic/xref ">Network topology</xref>. 
	 </p> 
  </conbody> 
</concept> 
