<?xml version="1.0" encoding="UTF-8"?>
<!DOCTYPE concept PUBLIC "-//OASIS//DTD DITA Concept//EN" "concept.dtd">
<concept id="c-aaxs-xgep-sdg-issuing-licenses-pre-gen-licenses"> 
  <title class="- topic/title ">Pre-generating licenses</title> 
  <conbody> 
	 <p class="- topic/p ">If you are pre-generating licenses that contain
		time-based usage rules, it is highly recommended that the license includes
		synchronization requirements (See 
		<i class="+ topic/ph hi-d/i ">Using the Adobe Access SDK for Protecting
		  Content</i> guide), so the license expiration can be enforced securely.
		Implementing a ‘heart beat’ mechanism between the client and the server is
		highly recommended if you have any time-based restrictions in the license,
		since the heart beat will synchronize the client time with the server time.
	 </p> 
  </conbody> 
</concept> 
