<?xml version="1.0" encoding="UTF-8"?>
<!DOCTYPE concept PUBLIC "-//OASIS//DTD DITA Concept//EN" "concept.dtd">
<concept
 id="c-aaxs-xgep-sdg-issuing-licenses-protect-license-server-consume-local-crls">
  
  <title class="- topic/title ">Consume locally generated CRLs</title> 
  <conbody> 
	 <p class="- topic/p ">To consume locally generated certificate revocation
		lists (CRLs) and policy update lists, use Adobe Access APIs to verify the
		signature. The APIs verify that the lists have not been tampered with and that
		they were signed by the correct License Server. 
	 </p> 
	 <ul class="- topic/ul " id="ul-mrs-nmz-n4"> 
		<li class="- topic/li " id="li-9E18C38EC59F43D58374DD069D926B8B"> 
		  <p class="- topic/p ">Call 
			 <codeph
			  class="+ topic/ph pr-d/codeph ">RevocationList.verifySignature</codeph> to
			 check the signature before providing the RevocationList to any APIs. 
		  </p> 
		  <p class="- topic/p ">For more information, see 
			 <codeph
			  class="+ topic/ph pr-d/codeph ">RevocationListFactory</codeph> in the 
			 <i class="+ topic/ph hi-d/i ">Adobe Access API Reference</i>. 
		  </p> 
		</li> 
		<li class="- topic/li " id="li-D7B12469A17C4C658247F63F1B11B09B"> 
		  <p class="- topic/p ">Call 
			 <codeph
			  class="+ topic/ph pr-d/codeph ">PolicyUpdateList.verifySignature 
			 </codeph>to check the signature before providing the 
			 <codeph>PolicyUpdateList</codeph> to any APIs. 
		  </p> 
		  <p class="- topic/p ">For more information, see 
			 <codeph class="+ topic/ph pr-d/codeph ">PolicyUpdateList</codeph> in
			 the 
			 <i class="+ topic/ph hi-d/i ">Adobe Access API Reference</i>. 
		  </p> 
		</li> 
	 </ul> 
  </conbody> 
</concept> 
