<?xml version="1.0" encoding="UTF-8"?>
<!DOCTYPE concept PUBLIC "-//OASIS//DTD DITA Concept//EN" "concept.dtd">
<concept
 id="c-aaxs-xgep-sdg-issuing-licenses-protect-license-server-rollback-detection-machine-count.xml">
  
  <title class="- topic/title ">Machine count when issuing licenses</title> 
  <conbody> 
	 <p class="- topic/p ">If the business rules require that the number of
		machines for a user be tracked, the License Server or Domain Server must store
		the machine IDs associated with the user. The most robust way to track machine
		IDs is to store the value returned by the 
		<codeph class="+ topic/ph pr-d/codeph ">MachineId.getBytes()</codeph>
		method in a database. When a new request comes in, compare the machine ID in
		the request against the known machine IDs using 
		<codeph class="+ topic/ph pr-d/codeph ">MachineId.matches()</codeph>.
	 </p> 
	 <p class="- topic/p "><codeph
		class="+ topic/ph pr-d/codeph ">MachineId.matches()</codeph> performs a
		comparison of IDs to determine if they represent the same machine. This
		comparison is only practical if there is a small number of machine IDs to
		compare against. For example, if a user is allowed five machines within their
		domain, you can search the database for the machine IDs associated with the
		user’s username and obtain a small set of data to compare against.
	 </p> 
	 <note class="- topic/note ">This comparison is not practical for
		deployments allowing anonymous access. In such cases 
		<codeph class="+ topic/ph pr-d/codeph ">MachineId.getUniqueID()</codeph>
		can be used, however, this ID will not be the same if the user accesses content
		from both Flash and Adobe AIR® runtimes, and will not survive if the user
		reformats their hard drive.
	 </note> 
	 <p class="- topic/p ">To learn more about 
		<codeph
		 class="+ topic/ph pr-d/codeph ">MachineToken.getMachineId()</codeph>and 
		<codeph class="+ topic/ph pr-d/codeph ">MachineId.matches()</codeph>, see
		the 
		<i class="+ topic/ph hi-d/i ">Adobe Access API Reference</i>.
	 </p> 
  </conbody> 
</concept> 
