<?xml version="1.0" encoding="UTF-8"?>
<!DOCTYPE concept PUBLIC "-//OASIS//DTD DITA Concept//EN" "concept.dtd">
<concept
 id="c-aaxs-xgep-sdg-issuing-licenses-protect-license-server-maintain-whitelist">
  
  <title class="- topic/title ">Maintain a whitelist of trusted content
	 packagers</title> 
  <conbody> 
	 <p class="- topic/p ">A 
		<i class="+ topic/ph hi-d/i ">whitelist</i> is a list of trusted
		entities. In the case of content packagers, these are organizations trusted by
		the content owner to package (or encrypt) the FLV/F4V video files, creating DRM
		protected content. When deploying Adobe Access, it is recommended that you
		maintain a whitelist of trusted content packagers, and that you verify the
		identity of the content packager contained in the DRM metadata (the DRM header)
		of a DRM protected file prior to issuing a license.
	 </p> 
	 <p class="- topic/p ">To learn more about obtaining information about the
		entity that packaged the content, see 
		<codeph
		 class="+ topic/ph pr-d/codeph ">V2ContentMetaData.getPackagerInfo()</codeph> in
		the 
		<i class="+ topic/ph hi-d/i ">Adobe Access API Reference</i>.
	 </p> 
  </conbody> 
</concept> 
