<?xml version="1.0" encoding="UTF-8"?>
<!DOCTYPE task PUBLIC "-//OASIS//DTD DITA Task//EN" "task.dtd">
<task id="authn-workflow"> 
  <title>Authentication workflow details</title> 
  <taskbody> 
	 <context id="context_BD032451C86E45259D0C41156EEF7C08"> 
		<p>In order for your BEES endpoint to make entitlement decisions, the
		  client device must provide authentication information. You accomplish this by
		  using your own customer-specific authentication token. 
		</p> 
		<p><ph conkeyref="phrases/cloud-drm">Primetime Cloud DRM</ph> does not
		  have to understand this token - it simply passes this token through to your
		  BEES endpoint. The client device is responsible for creating or acquiring this
		  token and setting it using the 
		  <codeph>DRMManager.setAuthenticationToken()</codeph> API. 
		</p> 
		<p>To associate this token with 
		  <ph conkeyref="phrases/cloud-drm">Primetime Cloud DRM</ph>, so that it
		  is sent with the license request:
		</p> 
	 </context> 
	 <steps id="steps_0C1DEB14F6AC43C89F829425883A13A8"> 
		<step id="step_6BE85D44CB6741A2A0043603177FBB9F"> 
		  <cmd>Instantiate the 
			 <codeph>DRMManager</codeph> object with the DRM metadata of the
			 content that was packaged for 
			 <ph conkeyref="phrases/cloud-drm">Primetime Cloud DRM</ph>.
		  </cmd> 
		  <info>The 
			 <codeph>setAuthenticationToken()</codeph> method works by associating
			 the given byte array with the License Server URL provided in the DRM metadata
			 that was used to instantiate 
			 <codeph>DRMManager</codeph>.
		  </info> 
		  <stepxmp> 
			 <codeblock outputclass="syntax java">//client device acquires auth token needed by your BEES endpoint 
DRMManager mgr = new DRMManager(&lt;DRM Metadata of CloudDRM content&gt;); 
mgr.setAuthenticationToken(&lt;auth token&gt;);</codeblock> 
		  </stepxmp> 
		</step> 
	 </steps> 
	 <result id="result_A43514A01EA242ACB0AFE987760925D9">The token gets sent
		with all license requests until the token is cleared by calling 
		<codeph>.setAuthenticationToken</codeph> with null as the parameter. 
	 </result> 
  </taskbody> 
</task> 
