<?xml version="1.0" encoding="UTF-8"?>
<!DOCTYPE task PUBLIC "-//OASIS//DTD DITA Task//EN" "task.dtd">
<task id="task_hjz_yw2_z5"> 
  <title>Build the BEES reference implementation</title> 
  <taskbody> 
	 <prereq id="prereq_8016929B68864A1DAC1F38AA70196B75">Ensure you are using
		Java 1.6.0_24 or later.
	 </prereq> 
	 <context id="context_55285D4D31F64FF39C6C5CC4D67556DB"/> 
	 <steps id="steps_7D8CE4D1F1F84DC7BE7BE08B1496E105"> 
		<step id="step_8689FE60AF3149409016B1A414CD1585"> 
		  <cmd>Fill in the needed empty paths such as 
			 <codeph>tomcatdir</codeph> and 
			 <codeph>fasterxmldir</codeph> in 
			 <filepath>build-bees.xml</filepath>
		  </cmd> 
		  <info>FasterXML/Jackson is included. You can also download it from 
			 <xref href="http://wiki.fasterxml.com/JacksonDownload" format="html"
			  scope="external">http://wiki.fasterxml.com/JacksonDownload</xref>.
		  </info> 
		</step> 
		<step id="step_B68F4AE4562A48A9AE468E14D4F22057"> 
		  <cmd>Update actual jar filenames in 
			 <filepath>build.common.xml</filepath> if you want to use a different
			 version of the Jackson libraries.
		  </cmd> 
		</step> 
		<step id="step_9CBCE7C57D5D40D59202F2546A2CD3A7"> 
		  <cmd>Run the 
			 <codeph>all</codeph> target of 
			 <filepath>build-bees.xml</filepath>: 
		  </cmd> 
		  <info> 
			 <codeblock>ant -f build-bees.xml</codeblock> 
		  </info> 
		</step> 
	 </steps> 
	 <result id="result_B8108676BF5E4515A3F3E434C639B126">The 
		<filepath>bees.war</filepath> will be created in the 
		<filepath>bees-build/wars</filepath> folder.
	 </result> 
  </taskbody> 
</task> 
