<?xml version="1.0" encoding="UTF-8"?>
<!DOCTYPE concept PUBLIC "-//OASIS//DTD DITA Concept//EN" "concept.dtd">
<concept id="client-error-triaging"> 
  <title>Triaging errors overview</title> 
  <shortdesc>Occasionally, there will be times when content cannot be played
	 back. Any number of situations may cause this, including errors in the browser
	 network stack, transport layer, Operating System, Flash Player runtime, or
	 Primetime DRM system.
  </shortdesc> 
  <conbody> 
	 <p>The first diagnostic step is to determine if the problem manifests
		itself without DRM encryption introduced into the equation. Attempt to package
		the content, but instruct the packager to not encrypt the content. If the
		problem still exists, it’s likely an issue encoding or packaging the content,
		or somewhere in the network infrastructure. If the problem goes away when the
		content is packaged without encryption, the playback failure is likely due to a
		DRM issue, and you should engage in client/server triaging.
	 </p>
	 <p>Primetime DRM (outside of Primetime Cloud DRM) has been in the market
		for several years. As such, there is a wealth of community-sourced information
		on troubleshooting and configuring Primetime DRM. Adobe has provided a forum
		for Primetime DRM (formerly called Adobe Access) users to aggregate and share
		problems and resolutions. To determine if your issue has previously been
		discussed, please check: 
		<xref href="http://forums.adobe.com/community/adobe_access" format="html"
		 scope="external">http://forums.adobe.com/community/adobe_access</xref>
	 </p> 
	 <section id="section_D0EBAEB0C27F4B01BD44124DEE62F6BA">
		<title>Client error triaging</title>
		<p>If content does not play, please examine the right-side panel of the
		  Sample Video Players, which will log any 
		  <codeph>DRMErrorEvent</codeph> that occurs. If there is an error event,
		  it will correlate with one of the Flash Player Runtime Errors : 
		</p>
		<ul id="ul_35B16055B439479DB7109AA0523FC710"> 
		  <li id="li_B6A64D000CDE4054ABA3301953A39725"><xref
			 href="http://help.adobe.com/en_US/primetime/drm/index.html#reference-DRM_Client_Error_Messages"
			 format="html" scope="external">DRM Client Error Message Reference</xref>; or
		  </li> 
		  <li id="li_E64708B9EA1441C4A60B2DFBF8DA41D4"><xref
			 href="http://help.adobe.com/en_US/FlashPlatform/actionscript/3/runtimeErrors.html"
			 format="html" scope="external">AS3 Flash Runtime Errors</xref> (DRM issues
			 start at 3300)
		  </li> 
		</ul>
	 </section>
  </conbody> 
</concept> 
