<?xml version="1.0" encoding="UTF-8"?>
<!DOCTYPE task PUBLIC "-//OASIS//DTD DITA Task//EN" "task.dtd">
<task id="task_opm_qy2_z5"> 
  <title>Configure SSL on your BEES server</title> 
  <taskbody> 
	 <steps id="steps_B3ECDD1ECC4E469389158CD9437ADCBF"> 
		<step id="step_5B6DB5C80EE944C4955603669FD10A3A"> 
		  <cmd>Provide your server SSL certificate to your Adobe contact who
			 supplied this software. 
		  </cmd> 
		  <info>The certificate will be added as a trusted certificate to the 
			 <ph conkeyref="phrases/cloud-drm">Primetime Cloud DRM</ph> trust
			 store. 
		  </info> 
		</step> 
		<step id="step_B1EB0869C9F24B459EC3D78FC19973F9"> 
		  <cmd>To enable client authentication for the SSL connection (disabled
			 in this version): 
		  </cmd> 
		  <substeps id="substeps_xz3_yy2_z5"> 
			 <substep id="substep_CCB1D7F63CBB498AAA51610777C0B3B2"> 
				<cmd>Add the 
				  <filepath>clouddrm-transport.cer</filepath> and 
				  <filepath>AdobeFlashAccessIntermediateCA.cer</filepath>
				  certificates to the trust store used for client authentication. 
				</cmd> 
			 </substep> 
			 <substep id="substep_512004798A634A6DA8FD5094FD3B0513"> 
				<cmd>Enable client authentication in your SSL configuration. 
				</cmd> 
			 </substep> 
		  </substeps> 
		</step> 
	 </steps> 
  </taskbody> 
</task> 
