<?xml version="1.0" encoding="UTF-8"?>
<!DOCTYPE concept PUBLIC "-//OASIS//DTD DITA Concept//EN" "concept.dtd">
<concept id="creating-custom-drm-policies"> 
  <title>Create custom DRM policies (Optional)</title> 
  <conbody> 
	 <p>The Primetime Cloud DRM Protection Kit comes with a few pre-configured
		policies that can be used during packaging. If additional policy configurations
		are desired, for example, a specific SWF-Whitelisting right, the included
		Primetime DRM Policy Manager can be used to generate custom policies. 
	 </p> 
	 <note>All policies must use ANONYMOUS authentication (not Username Password
		or Custom) – regardless of whether or not the Custom Auth/Entitlement workflow
		is used. 
	 </note> 
	 <p>Included with the 
		<ph conkeyref="phrases/drm-short"/> Policy Manager is the 
		<filepath>flashaccesstools.properties</filepath> configuration file,
		which has been modified to expose only the configurable policy options that 
		<ph conkeyref="phrases/cloud-drm">Primetime Cloud DRM</ph> Service
		supports. Setting policy options that are not supported by the 
		<ph conkeyref="phrases/cloud-drm">Primetime Cloud DRM</ph> Service will
		result in license acquisition errors. For information on using the Primetime
		DRM Policy Manager, refer to: 
		<xref
		 href="http://help.adobe.com/en_US/primetime/drm/5.3/reference_implementations/index.html#concept-DRM_Policy_Manager"
		 format="html" scope="external">Primetime DRM Reference Implementations: Policy
		  Manager</xref>. 
	 </p> 
	 <p>To create a new policy, update the 
		<filepath>flashaccesstools.properties</filepath> file as desired, and
		then use the command: 
	 </p> 
	 <codeblock>java -jar libs/AdobePolicyManager.jar new myPolicy.pol</codeblock> 
  </conbody> 
</concept> 
