<?xml version="1.0" encoding="UTF-8"?>
<!DOCTYPE concept PUBLIC "-//OASIS//DTD DITA Concept//EN" "concept.dtd">
<concept id="creating-polices-dynamically"> 
  <title>Create policies dynamically for Custom Auth/Entitlement</title> 
  <conbody> 
	 <p>If you are using 
		<ph conkeyref="phrases/cloud-drm">Primetime Cloud DRM</ph> Custom
		Authentication/Entitlement and want to dynamically create a new DRM policy for
		each license request (instead of pulling policies from a pre-generated pool),
		Adobe recommends that you use the Primetime DRM Java SDK directly. Using the
		Java SDK directly is faster than the 
		<filepath>AdobePolicyManager.jar</filepath> tool, which automatically
		outputs the policy file to disk, incurring disk I/O overhead.
	 </p> 
	 <p>Sample code using the Java SDK can be found in the 
		<filepath>/Primetime DRM PolicyManager/sampleCode/</filepath> directory,
		named 
		<filepath>CreatePolicy.java</filepath> and 
		<filepath>CreatePolicyWithOutputProtection.java</filepath>. Javadocs and
		documentation for the Java SDK can be found at: 
		<xref
		 href="http://help.adobe.com/en_US/primetime/drm/#DRM-concept-Adobe_Primetime_DRM_Guides"
		 format="html"
		 scope="external">http://help.adobe.com/en_US/primetime/drm/#DRM-concept-Adobe_Primetime_DRM_Guides</xref>
	 </p> 
	 <p>To build and run the samples, please copy the .java files into the
		../libs/ folder and run:
	 </p> 
	 <codeblock>javac -cp adobe-flashaccess-sdk.jar:. CreatePolicy.java
java -cp adobe-flashaccess-sdk.jar:. CreatePolicy</codeblock> 
  </conbody> 
</concept> 
