<?xml version="1.0" encoding="UTF-8"?>
<!DOCTYPE concept PUBLIC "-//OASIS//DTD DITA Concept//EN" "concept.dtd">
<concept id="custom-auth-ent"> 
  <title>Custom authentication/entitlement overview (Optional)</title> 
  <conbody> 
	 <p>Primetime Cloud DRM can be configured to reach out to your own Back-End
		Authentication/Entitlement service to determine:
	 </p> 
	 <ul id="ul_tbl_qxl_gs"> 
		<li id="li_0410B1629C84401DB00E2021498AF99B">Is this user allowed to
		  acquire a license?
		</li> 
		<li id="li_C72999A40FD649EA9D6ED60BD7206DA4">What rights/restrictions
		  should go into the license?
		</li> 
	 </ul> 
	 <p>Primetime Cloud DRM includes a reference implementation of a back-end
		authentication/entitlement service. For demonstration purposes, this server is
		issuing "allow" responses to BEES requests. See 
		<filepath>BEESServlet.java</filepath> to modify the server behavior. 
		<note>Previously, this was a separate product called 
		  <i>Back End Entitlement Server</i> (BEES), thus the references to BEES
		  throughout this document and in the source files.
		</note>
	 </p> 
  </conbody> 
</concept> 
