<?xml version="1.0" encoding="UTF-8"?>
<!DOCTYPE task PUBLIC "-//OASIS//DTD DITA Task//EN" "task.dtd">
<task id="task_gym_zx2_z5"> 
  <title>Deploy the BEES reference implementation</title> 
  <taskbody> 
	 <steps id="steps_68F9BF4373124A45825E5247367F0B47"> 
		<step id="step_BEBE8B4F93ED47AD8FCA6D4862F057A2"> 
		  <cmd>Set up your Tomcat application server. (See your Tomcat
			 documentation.) 
		  </cmd> 
		</step> 
		<step id="step_29450FE3E7B845BB87D2E59CEE7CA0DD"> 
		  <cmd>Copy the 
			 <filepath>bees.war</filepath> file into Tomcat's 
			 <filepath>webapps/</filepath> folder. 
		  </cmd> 
		</step> 
		<step id="step_DC07792962DB419291C5AA5D1604C620"> 
		  <cmd>Send a request to 
			 <filepath>http://localhost:8080/bees</filepath>. 
		  </cmd> 
		  <info>If you see a "BEES is operational" message, the deployment is
			 successfully completed. 
		  </info> 
		</step> 
		<step id="step_013A5CB45794479583D429096C9C4D11"> 
		  <cmd>Enable SSL on your server. 
		  </cmd> 
		</step> 
	 </steps> 
  </taskbody> 
</task> 
