<?xml version="1.0" encoding="UTF-8"?>
<!DOCTYPE reference PUBLIC "-//OASIS//DTD DITA Reference//EN" "reference.dtd">
<reference id="error-codes"> 
  <title>BEES Error codes</title> 
  <refbody> 
	 <section id="section_81946679E1114DBA9FE173D0AA9E2F09"> 
		<p>If there is an error during a BEES check, a 
		  <codeph>DRMErrorEvent</codeph> will be returned to the client. You can
		  parse this event's properties to find details on the nature of the failure. A
		  subset of possible error codes are listed below.
		</p> 
	 </section> 
	 <table id="table_mtv_r52_z5"> 
		<tgroup cols="2"> 
		  <thead> 
			 <row> 
				<entry>Error
				</entry> 
				<entry>Description
				</entry> 
			 </row> 
		  </thead> 
		  <tbody> 
			 <row> 
				<entry><codeph>3304:305</codeph> 
				</entry> 
				<entry>Generic Authorization error from 
				  <ph conkeyref="phrases/cloud-drm">Primetime Cloud DRM</ph>
				  attempting to handle an authentication / authorization request. Typically not
				  associated with a BEES issue. If this error is consistently encountered, you
				  should submit a trouble ticket to the 
				  <ph conkeyref="phrases/cloud-drm">Primetime Cloud DRM</ph> team
				  along with diagnostic information.
				</entry> 
			 </row> 
			 <row> 
				<entry><codeph>3329:0</codeph>
				</entry> 
				<entry>Application Specific Error (from the BEES Authorizer). If no
				  sub-error code was returned, the error text will display details of the issue.
				  For instance, there was an issue parsing the response, or the BEES server was
				  unreachable.
				</entry> 
			 </row> 
			 <row> 
				<entry><codeph>3329:&lt;HTTP error code&gt;</codeph>
				</entry> 
				<entry>An HTTP response other than 200 was issued by the BEES
				  server. The HTTP error code is returned to the client in the suberror code
				  field. This could indicate a configuration problem, or a BEES server outage.
				</entry> 
			 </row> 
			 <row> 
				<entry><codeph>3329:&lt;x&gt;</codeph>
				</entry> 
				<entry>BEES server DISALLOWED the license request. The sub-error
				  code and error text are specified by the BEES server within the JSON response's
				  
				  <codeph>error</codeph> and 
				  <codeph>errorText</codeph> properties. This kind of response
				  should not be considered an error, but rather a regular denial response from
				  your BEES server.
				</entry> 
			 </row> 
		  </tbody> 
		</tgroup> 
	 </table> 
  </refbody> 
</reference> 
