<?xml version="1.0" encoding="UTF-8"?>
<!DOCTYPE task PUBLIC "-//OASIS//DTD DITA Task//EN" "task.dtd">
<task id="task_b4w_k1y_tv"> 
  <title>Create JKS for an XSTS validator</title> 
  <taskbody> 
	 <context id="context_2664E2EEDAFC47EFBF8B62903067D246"/> 
	 <steps id="steps_0A7F48161BF24C4584CD79D0E56F3CF7"> 
		<step id="step_3CEDD6B97A73451DBC15EBB3A9EB6EB3"> 
		  <cmd>Find out the private cert's alias name, located in the partner 
			 <filepath>.pfx</filepath> file. 
		  </cmd> 
		  <info> 
			 <codeblock>keytool -list -storetype pkcs12 -keystore xsts_partner_cert.pfx -v </codeblock> 
		  </info> 
		</step> 
		<step id="step_96522D11DA3741E09B2D715679595B64"> 
		  <cmd>Convert 
			 <filepath>.pfx</filepath> to 
			 <filepath>.jks</filepath>. 
		  </cmd> 
		  <info>
			 <codeblock>keytool -importkeystore -srckeystore xsts_partner_cert.pfx -srcstoretype PKCS12 \ 
        -keystore xsts.jks -srcalias <i>&lt;alias&gt;</i> -destalias xsts</codeblock> (where 
			 <codeph><i>&lt;alias&gt;</i></codeph> is the private cert's alias
			 name that you discovered in Step 1.) 
		  </info> 
		</step> 
		<step id="step_9AB736A0C7A54A1796AC87BD9C3B81AF"> 
		  <cmd>Import 
			 <filepath>x_secure_token_service.part.xboxlive.com.cer</filepath>. 
		  </cmd> 
		  <info> 
			 <codeblock>keytool -importcert -alias xsts-verify-cert -keystore xsts.jks \ 
        -file x_secure_token_service.part.xboxlive.com.cer </codeblock> 
		  </info> 
		</step> 
		<step id="step_3904DF05EF66450697A67D1263A94D7A"> 
		  <cmd>Put 
			 <filepath>xsts.jks</filepath> in your Tomcat home directory, and
			 define 
			 <codeph>-Dxsts-keystore-password=****</codeph> for Tomcat. 
		  </cmd> 
		  <info/> 
		</step> 
	 </steps> 
	 <postreq id="postreq_FAA56DE9C10E4F679AEE57A63B5E9F0D">

		If 
		<filepath>xsts_partner_cert.pfx</filepath> and 
		<filepath>xsts.jks</filepath> are using different passwords, update the 
		<codeph>xsts</codeph> password in 
		<codeph>jks</codeph> to make them the same. 
		<codeblock>keytool -keypasswd -keystore xsts.jks -alias xsts </codeblock>
	 </postreq> 
  </taskbody> 
</task> 
