<?xml version="1.0" encoding="UTF-8"?>
<!DOCTYPE concept PUBLIC "-//OASIS//DTD DITA Concept//EN" "concept.dtd">
<concept id="not-supported"> 
  <title>What is NOT supported by Primetime Cloud DRM</title> 
  <conbody> 
	 <p>Primetime Cloud DRM supports nearly all of the features currently
		available with Primetime DRM. However, due to some of the DRM features
		requiring communication with a customer's back-end business rules subsystem,
		some features are not available with Primetime Cloud DRM. 
	 </p> 
	 <p>The features currently not supported by Primetime Cloud DRM are: 
	 </p> 
	 <ul id="ul_chs_pml_gs"> 
		<li id="li_A61960788F3142D7BE7705C3228E42AB">Content packaged with an
		  External CEK (where the license server requests the content’s CEK from an
		  external key management system) 
		</li> 
		<li id="li_1CFEBF3BB96A4414863780EA46DEDB11">Device Domains 
		</li> 
		<li id="li_62B4009A84CC487F84C1B2F73DF9E61E">Advanced License Chaining 
		</li> 
		<li id="li_CF8C13D7FEAB458CAC41530D32824057">License Return/Revocation 
		</li> 
		<li id="li_CC4EFFF46F034917B7A7AB30B7E1F081">PHLS/PHDS. These are
		  protection schemes that do not make use of a License Server 
		</li> 
		<li id="li_8B910048D40B4CCCB3C514A96D5B6384">User / password
		  authentication 
		</li> 
	 </ul> 
  </conbody> 
</concept> 
