<?xml version="1.0" encoding="UTF-8"?>
<!DOCTYPE concept PUBLIC "-//OASIS//DTD DITA Concept//EN" "concept.dtd">
<concept id="overview"> 
  <title>BEES Overview</title> 
  <conbody> 
	 <p>You can implement a Back-end Entitlement Service (BEES) to provide
		custom entitlement for your Primetime Cloud DRM operation.
	 </p> 
	 <p>Primetime Cloud DRM uses anonymous license delivery by default. This
		means that all license requests sent to Primetime Cloud DRM will return a valid
		license without performing any additional authentication / authorization checks
		(unless you have applied a policy constraint that calls for using Adobe
		Primetime authentication). 
	 </p> 
	 <p>The license request contains the DRM policy that was employed during the
		packaging / encryption of the content. The DRM policy is used to generate the
		DRM license returned to the client. In the default scenario, you must make all
		DRM policy decisions at content packaging time. Customers that want finer
		control over these workflows have the following options: 
	 <ol id="ol_u45_2nx_y5"> 
		<li id="li_B5AAE87C7FFF472CB4D938D4E4CBFA59">Integrate Primetime
		  authentication to add extra entitlement checks prior to playback. 
		</li> 
		<li id="li_72B8B10AC6624E2AA17F24E04D3A4454">Create an on-premises
		  entitlement service that Primetime Cloud DRM will query before allowing any
		  device to play content that you have packaged. 
		</li> 
	 </ol>Your on-premises entitlement service must supply a response to
	 Primetime Cloud DRM that includes the following two pieces of data: 
	 <ul id="ul_vxq_snx_y5"> 
		<li id="li_FFF722F778D14F26876A9FA426D18240"><codeph>isAllowed</codeph>
		</li> 
		<li
		 id="li_A0185741F0EC4ABB97C3D805B74C5E72"><codeph>drmPolicyToUse</codeph>
		</li> 
	 </ul>These determine if a device is allowed to play the content, and which
	 DRM policy to use to generate the DRM license (if 
	 <codeph>isAllowed</codeph> is true). 
	 </p> 
	 <p>This document covers what you need to do to accomplish Option 2 above:
		Implement your own on-premises external entitlement service and make it
		available to Primetime Cloud DRM for content that you have packaged.
	 </p> 
  </conbody> 
</concept> 
