<?xml version="1.0" encoding="UTF-8"?>
<!DOCTYPE task PUBLIC "-//OASIS//DTD DITA Task//EN" "task.dtd">
<task id="policy-workflow"> 
  <title>Policy workflow details</title> 
  <taskbody> 
	 <context id="context_0FC44498CFC547D698AB33509BC75DF9"> 
		<p>When Primetime Cloud DRM processes a license request, it parses the
		  DRM policy in the request to determine if a call to a backend-entitlement
		  service is required before the content can be shown. If a BEES call 
		  <i>is</i> required, 
		  <ph conkeyref="phrases/cloud-drm">Primetime Cloud DRM</ph> will create
		  the BEES request, then parse the DRM policy to obtain a specified BEES URL
		  endpoint for the BEES request. 
		</p> 
	 </context> 
	 <steps id="steps_0C8911FCEADA4D0BB7277B0C7A39CFC4"> 
		<step id="step_938D06CB239948B5BB2A921AFE105726"> 
		  <cmd>Apply your DRM policy that indicates the BEES requirement,
			 specifying the following two custom properties in the policy: 
		  </cmd> 
		  <info> 
			 <ul id="ul_r5b_spy_y5"> 
				<li
				 id="li_E8B3EC4B02904955A8C7CE916AFD66CE"><codeph>policy.customProp.1=bees.required=&lt;true
					 | false&gt;</codeph> 
				</li> 
				<li
				 id="li_D9BCA619B8EB46B8AD1E892C4F0419CD"><codeph>policy.customProp.2=bees.url=&lt;url
					 to your BEES endpoint&gt;</codeph> 
				</li> 
			 </ul> 
		  </info> 
		</step> 
	 </steps> 
	 <example id="example_F617FC49A4824C0CB234C92E57D876D3">For example, using
		the 
		<ph conkeyref="phrases/drm-short">Primetime DRM</ph> Policy Manager
		(<filepath>AdobePolicyManager.jar</filepath>), you would specify the following
		two custom properties in the 
		<filepath>flashaccesstools.properties</filepath> configuration file: 
		<ul id="ul_yly_tqy_y5"> 
		  <li
			id="li_79A5734671AA4B7F965EDB8070B22374"><codeph>policy.customProp.1=bees.required=true</codeph>
			 
		  </li> 
		  <li
			id="li_C64527D042394F7F9BE0736B8300AFD1"><codeph>policy.customProp.2=bees.url=https://mybeesserver.example.com/bees</codeph>
			 
		  </li> 
		</ul> 
		<note>If you are already using 
		  <codeph>policy.customProp.1</codeph> or 
		  <codeph>policy.customProp.2</codeph> for another property, simply use
		  unique numbers for the newer properties. 
		</note> 
	 </example> 
  </taskbody> 
</task> 
