<?xml version="1.0" encoding="UTF-8"?>
<!DOCTYPE concept PUBLIC "-//OASIS//DTD DITA Concept//EN" "concept.dtd">
<concept id="concept_pl5_wxl_gs"> 
  <title>Adobe Primetime authentication (Optional)</title> 
  <conbody> 
	 <p>If the DRM policy that is used to package the content is an anonymous
		policy, a license will be issued to all license requests. Optionally, 
		<ph conkeyref="phrases/cloud-drm">Primetime Cloud DRM</ph> also supports
		authentication via Adobe Primetime authentication. If this feature is enabled,
		a license will not be issued unless the client device has first acquired a
		Primetime authentication Token and set it locally via the appropriate client
		API (<codeph>setAuthenticationToken</codeph>) for setting custom authentication
		tokens. For more information on integrating Primetime authentication into your
		authentication workflow, please refer to: 
		<xref href="http://tve.helpdocsonline.com/home" format="html"
		 scope="external">Adobe Primetime authentication.</xref> 
	 </p> 
	 <p>During license acquisition, if the DRM Policy states that Pri metime
		authentication is required, the license server will parse and validate the
		Primetime authentication Short Media Token. If the DRM policy specifies a 
		<codeph>ResourceID</codeph> or 
		<codeph>RequestorID</codeph>, the license server will also validate the
		token against these properties. If they are not set, the license server will
		specify the property(ies) as "null" during token validation. Only if token
		validation is successful will a license be issued; otherwise, a 3328
		DRMErrorEvent with a 305 sub-error-code (User Not Authorized) will be
		dispatched by the client. 
	 </p> 
	 <p>Primetime authentication parameters must be specified in the policy used
		to package the content that is destined to require Primetime authentication. 
	 </p> 
	 <p>The relevant properties are: 
	 </p> 
	 <codeblock>#policy.customProp.1=adobePass.required=&lt;TRUE or FALSE&gt;
#policy.customProp.1=adobePass.requestorID=&lt;Requestor ID String&gt;
#policy.customProp.1=adobePass.resourceID=&lt;Resource ID String&gt;</codeblock> 
	 <note>When using Primetime authentication in conjunction with the (DRM)
		License Rotation feature, please bear in mind that the Primetime authentication
		Short Media Token (SMT) has a short validity date. If your application plans to
		make use of License Rotation (e.g., to support the 
		<i>Blackouts</i> use case), the application must be aware of this and
		refresh its Primetime authentication Short Media Token prior to rotating its
		license. 
	 </note> 
  </conbody> 
</concept> 
