<?xml version="1.0" encoding="UTF-8"?>
<!DOCTYPE concept PUBLIC "-//OASIS//DTD DITA Concept//EN" "concept.dtd">
<concept id="concept_qt4_ybm_gs">
 <title>References</title>
 <shortdesc></shortdesc>
 <conbody>
  <ul id="ul_dq2_bcm_gs">
      <li>Primetime Technical Documentation: <ul id="ul_dgz_nrn_4v">
          <li><xref href="http://help.adobe.com/en_US/primetime/index.html" format="html"
              scope="external">http://help.adobe.com/en_US/primetime/index.html</xref></li>
        </ul></li>
   <li>Adobe Media Server Downloads: <ul id="ul_wgt_2cm_gs">
     <li><xref href="http://www.adobe.com/support/flashmediaserver/downloads_updaters.html"
       format="html" scope="external"
       >http://www.adobe.com/support/flashmediaserver/downloads_updaters.html</xref></li>
    </ul>
   </li>
   <li><ph conkeyref="phrases/auth-name"/> Resources: <ul
     id="ul_wvq_fcm_gs">
          <li><xref href="http://www.adobe.com/products/adobe-pass.html" format="html"
              scope="external">Adobe Primetime authentication overview</xref> (formerly, and
            occasionally still, called Adobe Pass)</li>
     <li><xref href="http://tve.helpdocsonline.com/home" format="html" scope="external">Adobe
              Primetime authentication documentation</xref></li>
    </ul>
   </li>
   <li><ph conkeyref="phrases/drm-short"/> Resources: <ul
          id="ul_mkf_gcm_gs">
          <li><xref href="http://help.adobe.com/en_US/primetime/drm/index.html" format="html"
              scope="external"
            >http://help.adobe.com/en_US/primetime/drm/index.html</xref></li>
        </ul></li>
   <li><ph conkeyref="phrases/drm-short"/> Community Forums: <ul
     id="ul_mxq_gcm_gs">
     <li><xref href="http://forums.adobe.com/community/adobe_access" format="html" scope="external"
              >http://forums.adobe.com/community/adobe_access</xref>
            <p>(<ph conkeyref="phrases/drm-short"/> was
              formerly called Adobe Access, and prior to that, Flash Access.)</p></li>
    </ul></li>
  </ul>
 </conbody>
</concept>
