<?xml version="1.0" encoding="UTF-8"?>
<!DOCTYPE task PUBLIC "-//OASIS//DTD DITA Task//EN" "task.dtd">
<task id="task_x2s_1dk_5v">
    <title>Set the XSTS token in your player</title>
    <shortdesc/>
    <taskbody>
        <context>
            <p>In Xbox360, you set the token asynchronously in response to the
                    <codeph>MediaPlayer.RequestKeyAttribute</codeph> event.  </p>
        </context>
        <steps>
            <step>
                <cmd>Set the XSTS token.</cmd>
                <info>The sample app bundled with your software shows how to set the XSTS token in
                    your player. Here is the relevant code snippet from the sample
                    player:<codeblock outputclass="syntax actionscript">
MediaPlayer mMediaPlayer; 

mMediaPlayer.RequestKeyAttribute += Player_RequestKeyAttribute; 

private void Player_RequestKeyAttribute(object sender, RequestKeyAttributeEventArgs args) { 
    string token = ""; 
    // XBOX XSTS Token... 
    KeyAttribute keyAttribute = new KeyAttribute(System.Text.Encoding.UTF8.GetBytes(token), null); 
    mMediaPlayer.SetKeyAttribute(args.RequestIdentifier, keyAttribute); 
}
</codeblock></info>
            </step>
        </steps>
    </taskbody>
</task>
