<?xml version="1.0" encoding="UTF-8"?>
<!DOCTYPE concept PUBLIC "-//OASIS//DTD DITA Concept//EN" "concept.dtd">
<concept id="concept_dmc_l1m_gs"> 
  <title>Update existing DRM content to use Cloud DRM (Optional)</title> 
  <conbody> 
	 <p>If you have an existing library of content protected by Primetime DRM,
		it is possible to "re-header" the existing content to use the 
		<ph conkeyref="phrases/cloud-drm">Primetime Cloud DRM</ph> service,
		instead of having to re-package/encrypt the original source files. Re-headering
		the content simply updates the DRM Metadata of the content in the HLS manifest.
		It does not perform any unencryption/re-encryption of the original asset. This
		may be a useful option if the original source content is not available, or if
		there is concern over the amount of resources required to re-package a large
		library. 
	 </p> 
	 <p>It is possible to use the Primetime DRM Java SDK to update the metadata
		programmatically. In addition, the 
		<filepath>OfflinePackager.jar</filepath> command-line tool included with
		this Protection Kit can also accomplish this task using the 
		<codeph>-drm_refresh</codeph> option. 
	 </p> 
	 <section id="section_3F3980D8E775450588C64E02A8448189"> 
		<title>Re-Header Details</title> 
		<p>Re-headering must update the following fields to use CloudDRM: 
		<ul id="ul_jf4_crd_kw"> 
		  <li id="li_C2762615E7584A13B0A4852A22E51689">License Server URL (To 
			 <filepath>http://access.adobeprimetime.com/flashaccessserver/axs_prod</filepath>)
			 
		  </li> 
		  <li id="li_A9ABA359779643EE9A91922E9A1D9864">License Server Certificate
			 (To the CloudDRM license server certificate) 
		  </li> 
		  <li id="li_9C5A839BFD244B24AE1364F410285175">Transport Certificate (To
			 the CloudDRM transport certificate) 
		  </li> 
		  <li id="li_1730859BCEC74D5BBAD00AA7EF61052E">Packager Credential (To
			 the packager credential you have activated for use with CloudDRM) 
		  </li> 
		</ul> 
		</p> 
	 </section> 
	 <section id="section_28721CB7966F40708AEC8637F2E9BB72"> 
		<title>Finding the DRM Metadata</title>Content that uses HTTP technology
		(such as HDS or HLS) utilizes a manifest that references the Adobe Access DRM
		metadata. In HDS, the metadata is referenced by the 
		<codeph>&lt;drmmeta&gt;</codeph> tag, and in HLS, it is referenced by the
		
		<codeph>#EXT-X-FAXS-CM</codeph> tag. In either scenario, the metadata can
		be contained inline in the manifest as a base-64 encoded blob, or referenced
		externally as a binary file. If the metadata is embedded/inline in the
		manifest, you may have to first base64-decode the metadata into binary data
		before using that data to instantiate DRM metadata. 
	 </section> 
	 <section id="section_37C2091856E44AA380D742C72B4DD1A7"> 
		<title>Using the included 
		  <filepath>OfflinePacakger.jar</filepath></title>Supply the 
		<codeph>-drm_refresh option</codeph> to the command line. A new manifest
		file will be created with updated DRM Metadata, while the content will not be
		re-encrypted. 
	 </section> 
	 <section id="section_7EDBAC4C78DF4CD5BE8410EEAD8437A2"> 
		<title>Using the Primetime DRM Java SDK to Re-header</title>Updating an
		existing DRM Metadata can be accomplished by using the Primetime DRM (formerly
		known as Adobe Access DRM) Java SDK for a programmatic approach. For more
		details, please refer to the 
		<filepath>RegenerateMetadata.java</filepath> code sample in the 
		<filepath>/Reference Implmentation/Command Line Tools/samples/</filepath>
		package of the SDK. The Adobe Access Java SDK is not a part of this CloudDRM
		Protection Kit, and must be acquired directly from Adobe. Please contact your
		Adobe business contact for further details. 
	 </section> 
  </conbody> 
</concept> 
