<?xml version="1.0" encoding="UTF-8"?>
<!DOCTYPE concept PUBLIC "-//OASIS//DTD DITA Concept//EN" "concept.dtd">
<concept id="use-offline-packager"> 
  <title>Use the included Primetime Offline Packager</title> 
  <conbody> 
	 <p>Your Primetime Java Packager comes pre-configured with most of the
		settings you need to package content. There are only a few areas to update in
		order to get started.
	 </p> 
	 <section id="section_99904D35E99944A28FF43D924E516CC2">
		<title>Update packager properties</title>
		<p>Context for the current task
		</p>
		<ul id="ul_0D805FA04A964C06B4369523841EB84E">
		  <li id="li_6EC69DC196034E96901CA9D5F10E96E0">Update the following
			 packager properties prior to using the configuration file to package your
			 content:
		  </li>
		</ul>
		<table id="table_jfl_ksl_gs"> 
		<title>User-Supplied XML Configuration File Properties</title> 
		<tgroup cols="2"> 
		  <thead> 
			 <row> 
				<entry>Property Name
				</entry> 
				<entry>Description
				</entry> 
			 </row> 
		  </thead> 
		  <tbody> 
			 <row> 
				<entry><codeph>policy_file</codeph>
				</entry> 
				<entry><ph conkeyref="phrases/drm-short"/> policy file path. Adobe
				  shall provide several pre-configured policies to choose from.
				</entry> 
			 </row> 
			 <row> 
				<entry><codeph>pkgr_pfx</codeph>
				</entry> 
				<entry>Packager credentials path. You must supply your own
				  Adobe-issued packager credential (<filepath>.pfx</filepath>) here.
				</entry> 
			 </row> 
			 <row> 
				<entry><codeph>pkgr_pfx_pwd</codeph>
				</entry> 
				<entry>Packager credentials password. You must supply the password
				  to your Adobe-issued packager credential here.
				</entry> 
			 </row> 
		  </tbody> 
		</tgroup> 
		</table>
	 </section>
	 <section id="section_DFBE462679E34D62963BE201FD3321F9">
		<title>Package using command line</title>
		<p>Before packaging content, make sure you’ve had all required
		  information provided in the configuration file. 
		</p>
		<ul id="ul_BCED9BD8CA8E415DA1A8A97742C62AFB">
		  <li id="li_5D702A66E25A4FB18B685B2A431867D6">To package content with
			 your configuration file, use the following syntax on the command line:
		  </li>
		</ul>
		<codeblock>java -jar OfflinePackager.jar -conf_path [configuration filename]</codeblock>
		<p>Sample configuration files to package your content to HLS or HDS
		  format are provided, named 
		  <filepath>config_hds.xml</filepath> and 
		  <filepath>config.hls.xml</filepath>.
		</p> 
		<p>The HDS or HLS content will be output to the 
		  <filepath>/output</filepath> folder under the Protection Kit directory.
		  All artifacts written to this directory must be hosted on an HTTP web server in
		  order to be played.
		</p>
	 </section>
  </conbody> 
</concept> 
