<?xml version="1.0" encoding="UTF-8"?>
<!DOCTYPE concept PUBLIC "-//OASIS//DTD DITA Concept//EN" "concept.dtd">
<concept id="concept_u3d_vtl_gs"> 
  <title>Use a third-party encoder</title> 
  <conbody> 
	 <p>Some customers may already have a content preparation pipeline in place,
		using a hardware or software video encoder (or Adobe Media Server). If this is
		the case, any product that can currently create Primetime DRM-protected content
		can package content for Primetime Cloud DRM by using the same configuration
		settings as the Primetime Cloud DRM Protection Kit. The required information
		can be obtained from either of the existing configuration files included in the
		kit: 
		<filepath>config_hls.xml</filepath> or 
		<filepath>config_hds.xml</filepath>.
	 </p> 
	 <p>The relevant configuration items are:
	 </p> 
	 <ul id="ul_onj_15l_gs"> 
		<li id="li_38D1A06A7649480C9489670673BB8F46">License Server URL
		</li> 
		<li id="li_3545BB148F0747AE82C143579DFF7610">Key Server URL
		</li> 
		<li id="li_3D41BD1CCB894879A517AAFD4CB5BC4F">License Server Certificate
		</li> 
		<li id="li_FBB21664B7BF4BD6B7CC4E1D8541FB0D">Transport Certificate
		</li> 
	 </ul> 
  </conbody> 
</concept> 
