<?xml version="1.0" encoding="UTF-8"?>
<!DOCTYPE concept PUBLIC "-//OASIS//DTD DITA Concept//EN" "concept.dtd">
<concept id="use-adobe-media-server"> 
  <title>Use Adobe Media Server</title> 
  <conbody> 
	 <p>Some customers may already be using Adobe Media Server and want to
		maintain that content delivery model. If this is the case, the required
		Primetime Cloud DRM-specific data can be harvested from either of the
		configuration files included in this kit to populate the JIT (Just In Time) XML
		configuration for AMS. 
	 </p> 
	 <p>For example: 
	 </p> 
	 <codeblock outputclass="syntax xml">&lt;?xml version="1.0"?&gt;
&lt;Application&gt;
  &lt;HDS&gt;
    &lt;HLS&gt;
      &lt;Encryption enabled="true" protection-scheme="AdobeAccessV4"&gt;
        &lt;AdobeAccessV4&gt;
          &lt;ContentID&gt;SampleVideo&lt;/ContentID&gt;
          &lt;CommonKeyPath&gt;common-key.bin&lt;/CommonKeyPath&gt;
          &lt;LicenseServerURL&gt;
            http://access.adobeprimetime.com/flashaccessserver/axs_prod
          &lt;/LicenseServerURL&gt;
          &lt;KeyServerURL&gt;
            https://access.adobeprimetime.com:443/faxsks/axs_prod/key
          &lt;/KeyServerURL&gt;
          &lt;TransportCertPath&gt;cert/Cloud DRM-transport.cer&lt;/TransportCertPath&gt;
          &lt;LicenseServerCertPath&gt;cert/Cloud DRM-license.cer&lt;/LicenseServerCertPath&gt;
          &lt;PackagerCredentialPath&gt;cert-from-adobe.pfx&lt;/PackagerCredentialPath&gt;
          &lt;PackagerCredentialPwd&gt;pass-for-cert-from-adobe&lt;/PackagerCredentialPwd&gt;
          &lt;PolicyPath&gt;policy_ios_localkeyserver.pol&lt;/PolicyPath&gt;
        &lt;/AdobeAccessV4&gt;
      &lt;/Encryption&gt;
    &lt;/HLS&gt;
  &lt;/HDS&gt;
&lt;/Application&gt;</codeblock> 
  </conbody> 
</concept> 
