<?xml version="1.0" encoding="UTF-8"?>
<!DOCTYPE concept PUBLIC "-//OASIS//DTD DITA Concept//EN" "concept.dtd">
<concept id="whats-included"> 
  <title>Background</title> 
  <shortdesc>Adobe provides a Cloud DRM service to Adobe Primetime DRM
	 customers who do not wish to develop and maintain their own Primetime DRM
	 License Server. By utilizing this service, customers can reduce the operational
	 and development complexity around DRM license issuance. Primetime Cloud DRM can
	 issue DRM licenses to all devices capable of running a Primetime Browser
	 TVSDK-enabled video application, such as iOS, Android, Desktops, and Xbox360.
	 This DRM service is hosted and maintained by Adobe, with 24/7 uptime. 
  </shortdesc> 
  <conbody> 
	 <note>Adobe Primetime DRM was formerly called Adobe Access, and prior to
		that, Flash Access.
	 </note>
	 <section id="section_788D0DD5F6DB41678FD87CFBD21B25FD">
		<title>What is included with Primetime Cloud DRM</title>
		<ul id="ul_cqd_fnl_gs"> 
		  <li id="li_C403344C97B241CEB369BEFDE0522FBE">Custom
			 Authentication/Entitlement module and instructions on how to engage custom
			 authentication for your content. For more documentation, please refer to the 
			 <filepath>Custom Authentication Entitlement</filepath> directory. 
		  </li> 
		  <li id="li_60595A5FD35D493EB094DD4D85A69EED"><ph
			 conkeyref="phrases/cloud-drm">Cloud DRM</ph>-specific License Server
			 certificate (<filepath>.pem/.cer/.der</filepath>)
		  </li> 
		  <li id="li_8CFE783AF70C472699C77264BB752B9A"><ph
			 conkeyref="phrases/cloud-drm">Cloud DRM</ph>-specific License Server Transport
			 certificate (<filepath>.pem/.cer/.der</filepath>)
		  </li> 
		  <li id="li_919A7F6777ED472A9F0AD1B816DE3FF0">Primetime Java Offline
			 Packager
		  </li> 
		  <li id="li_2CBC4B244C084B7BA8210DC1CFFCE677">Sample DRM Policies for
			 Packaging 
			 <ul id="ul_grw_3nl_gs"> 
				<li id="li_776CB29D806843B4AE717E22B176D20E"><b>policy_24hr</b> -
				  Licenses cache on disk for 24 hours. After 24 hours, a new license must be
				  acquired to view the content. All other policies in this kit also have 24 hour
				  license caching. 
				</li> 
				<li
				 id="li_3EF4C74464004CFDA277DE002B8EC485"><b>policy_ios_remotekeyserver</b> - On
				  iOS devices, the DRM license will be acquired from 
				  <ph conkeyref="phrases/cloud-drm">Cloud DRM</ph>. In addition,
				  the client will acquire all AES decryption keys from Cloud DRM. Playback is
				  disallowed on jailbroken iOS devices. 
				</li> 
				<li
				 id="li_82A245B2B4CB4C4BB9C7BD362C8F05BB"><b>policy_ios_localkeyserver</b> - On
				  iOS devices, the DRM license will be acquired from 
				  <ph conkeyref="phrases/cloud-drm">Cloud DRM</ph>. In addition,
				  the client will acquire all HLS AES decryption keys from a local HTTP server,
				  instead of 
				  <ph conkeyref="phrases/cloud-drm">Cloud DRM</ph>. Playback is
				  disallowed on jailbroken iOS devices. 
				</li> 
				<li
				 id="li_CEA2645F4B5148A9B38B2E00DE56E44D"><b>policy_adobePass</b> - The client
				  must first authenticate with 
				  <ph conkeyref="phrases/auth-name-long"/> (formerly called Adobe
				  Pass) or a license will be denied. 
				</li> 
			 </ul>
		  </li> 
		  <li id="li_D86C69B98C904B84A7245463C783ED60">Adobe Policy Manager tool
			 to create additional DRM policies
		  </li> 
		  <li id="li_1C9F0A706372465DB7BF6775FEFDFAD5">Sample video content to
			 use for packaging
		  </li> 
		</ul>
	 </section>
  </conbody> 
</concept> 
