<?xml version="1.0" encoding="UTF-8"?>
<!DOCTYPE concept PUBLIC "-//OASIS//DTD DITA Concept//EN" "concept.dtd">
<concept id="content-whitelist-flash"> 
  <title class="- topic/title ">White-list for Adobe® Flash® Player SWFs
	 allowed to play protected content</title> 
  <conbody> 
	 <p class="- topic/p ">Specifies the SWF files that can play content.
		Specify the SWF file by a SWF URL or a SHA-256 digest computed using the
		contents of the SWF. If you use the SHA-256 digest, this usage rule also
		specifies the maximum amount of time to allow for the client to download and
		verify the SWF.
	 </p> 
	 <p class="- topic/p ">Example use case: Conceptually equivalent to SWF
		Verification in the case of Flash Media Server, but enforced on the client side
		to limit which video players can play the content. Note that Adobe Access
		behavior is different in regards to enforcement of the child SWF compared to
		the parent SWF.
	 </p> 
  </conbody> 
</concept> 
