<?xml version="1.0" encoding="UTF-8"?>
<!DOCTYPE concept PUBLIC "-//OASIS//DTD DITA Concept//EN" "concept.dtd">
<concept id="content-partial-encryption-level"> 
  <title class="- topic/title ">Partial encryption level</title> 
  <conbody> 
	 <p class="- topic/p ">Specifies whether all frames, or only a subset of
		frames, should be encrypted. There are three levels of encryption: low, medium
		and high.
	 </p> 
	 <note class="- topic/note ">For video track in F4V/H.264 files only.
	 </note> 
	 <p class="- topic/p ">Partial encryption is designed to give content
		providers granularity to encode the content in parts. Encryption of content
		adds CPU overhead to the device that is decrypting and viewing the content. Use
		partial encryption to reduce CPU overhead while maintaining very strong
		protection of the content. A motivating case for using this feature is a single
		piece of content that is intended to be playable across low, medium, and high
		powered devices.
	 </p> 
	 <p class="- topic/p ">Due to the nature of video encoding, it is not
		necessary to encrypt 100% of video to make it unplayable if it is stolen.
		Partial encryption has three settings, low, medium, and high, and the
		associated percentages of encryption are dependent upon how the video is
		encoded. Because of this encoding dependency, the percentage of your content
		that is encrypted falls within the following ranges:
	 </p> 
	 <ul class="- topic/ul " id="ul_xrg_43x_n4"> 
		<li class="- topic/li " id="li_901405D9C5CD489E92A9E4F64454C387"> 
		  <p class="- topic/p ">High: Encrypts all samples.
		  </p> 
		</li> 
		<li class="- topic/li " id="li_DA06F545FE164E718EC0925CE59EB8B4"> 
		  <p class="- topic/p ">Medium: Encrypts a target 50% of the data.
		  </p> 
		</li> 
		<li class="- topic/li " id="li_7A55D3A6EB8242CAAD3D0F7C3EC68AA9"> 
		  <p class="- topic/p ">Low: Encrypts a target 20 to 30% of the data.
		  </p> 
		</li> 
	 </ul> 
	 <p class="- topic/p ">These settings were designed with the following rule:
		Any content that is encrypted at the low setting is also encrypted at the
		medium setting. This ensures that the same piece of content distributed at low
		encryption by one party and distributed at medium encryption by another party
		does not compromise the protection of the content.
	 </p> 
	 <p class="- topic/p ">Example use case: Reducing the encryption level
		decreases the decryption overhead on the client and improves playback
		performance on low-end machines.
	 </p> 
  </conbody> 
</concept> 
