<?xml version="1.0" encoding="UTF-8"?>
<!DOCTYPE concept PUBLIC "-//OASIS//DTD DITA Concept//EN" "concept.dtd">
<concept id="content-policy-criticality"> 
  <title class="- topic/title ">Policy criticality</title> 
  <conbody> 
	 <p class="- topic/p ">If new usage rules are used in the policies and these
		policies are used in content packaged for older license servers (which do not
		understand the new usage rules), you may specify how older license servers
		should behave. By default, the policy criticality is “true”, meaning that the
		license server must understand all parts of the policy in order to generate a
		license using the policy. If the policy criticality is set to “false”, an older
		license server may ignore parts of the policy it does not understand, and
		licenses generated by the server will not contain the new usage rules.
	 </p> 
	 <p class="- topic/p ">Adobe Access servers using version 2.0.2 of the SDK
		and higher will honor the policy criticality setting.
	 </p> 
  </conbody> 
</concept> 
