<?xml version="1.0" encoding="UTF-8"?>
<!DOCTYPE concept PUBLIC "-//OASIS//DTD DITA Concept//EN" "concept.dtd">
<concept id="content-user-authentication"> 
  <title class="- topic/title ">User authentication</title> 
  <conbody> 
	 <p class="- topic/p ">Specifies whether a credential, such as username and
		password, is required to acquire a license. If authenticated (identity-based)
		licensing is specified, the server authenticates the user before issuing a
		license.
	 </p> 
	 <p class="- topic/p "><b>Example use case:</b> A subscription service might
		require a username/password to be entered before issuing a content license. A
		DVD or Blu-ray disc with Digital Copy might provide a code or other token as
		proof of payment, which can be redeemed for an electronic download.
	 </p> 
  </conbody> 
</concept> 
