<?xml version="1.0" encoding="UTF-8"?>
<!DOCTYPE concept PUBLIC "-//OASIS//DTD DITA Concept//EN" "concept.dtd">
<concept id="content-aaxs-credentials"> 
  <title class="- topic/title ">Adobe Access credentials</title> 
  <conbody> 
	 <p class="- topic/p ">There are 4 types of credentials required to use
		Adobe Access:
	 </p> 
	 <ul class="- topic/ul " id="ul_irz_4px_n4"> 
		<li class="- topic/li " id="li_A738F36A00154FC3BB0E97677D085084"> 
		  <p class="- topic/p "><b class="+ topic/ph hi-d/b ">Packager</b>: used
			 during packaging to sign the metadata added to the encrypted content
		  </p> 
		</li> 
		<li class="- topic/li " id="li_20A12C816A8C4CA2A0520E94FFBA9999"> 
		  <p class="- topic/p "><b class="+ topic/ph hi-d/b ">License Server</b>:
			 used to protect the content encryption key in the metadata, and used by the
			 license server to sign licenses
		  </p> 
		</li> 
		<li class="- topic/li " id="li_66CF2875C57342FEB1CA49C3D61CC322"> 
		  <p class="- topic/p "><b class="+ topic/ph hi-d/b ">Transport:</b> used
			 to protect requests/responses exchanged between the client and the license
			 server
		  </p> 
		</li> 
		<li class="- topic/li " id="li_9C917E93A83D41A991B97DA1520C077D"> 
		  <p class="- topic/p "><b class="+ topic/ph hi-d/b ">Domain CA</b>: used
			 to issue domain certificates to devices that join a domain. 
		  </p> 
		</li> 
	 </ul> 
  </conbody> 
</concept> 
