<?xml version="1.0" encoding="UTF-8"?>
<!DOCTYPE concept PUBLIC "-//OASIS//DTD DITA Concept//EN" "concept.dtd">
<concept id="content-license-server-deployment-options"> 
  <title class="- topic/title ">License Server deployment options</title> 
  <conbody> 
	 <p class="- topic/p ">The License Server can be deployed using one of the
		following options:
	 <ul class="- topic/ul " id="ul_t2h_2by_n4"> 
		<li class="- topic/li " id="li_34BB4C6AB6FB45348312CB5BB65EB2C3"> 
		  <p class="- topic/p "><b class="+ topic/ph hi-d/b ">Adobe Access Server
				for Protected Streaming</b> -- This License Server is optimized for streaming.
			 For instance, you can set up the server for Adobe HTTP Dynamic Streaming with
			 Adobe Access. This server can be deployed easily with very little configuration
			 required and will support multiple tenants, and can achieve a high level of
			 scalability. However, since this implementation is optimized for streaming, it
			 does not support the full Adobe Access features. For instance,
			 username/password authentication, domains, and license chaining are not
			 supported. The usage rules in licenses issued by this server are controlled
			 through a server configuration file, which overrides the policy used at
			 packaging time. See the 
			 <i class="+ topic/ph hi-d/i ">Adobe Access Server for Protected
				Streaming Guide</i> for more details on the usage rules supported by this
			 server.
		  </p> 
		</li> 
		<li class="- topic/li " id="li_B24BC4FDC9D54199848EECE133E9D3D6"> 
		  <p class="- topic/p "><b class="+ topic/ph hi-d/b ">Reference
				Implementation License Server</b> -- Use this setup as a starting point for a
			 custom server implementation. This is an example license server implementation,
			 including source code, which demonstrates how to use the APIs in the Adobe
			 Access SDK to handle all types of requests and how to implement custom business
			 logic backed by a database. The usage rules in licenses issued by this server
			 are controlled through the policy associated with the content at packaging
			 time.
		  </p> 
		</li> 
		<li class="- topic/li " id="li_22E92FA5575E44DC8CFA4EDFE87E6647"> 
		  <p class="- topic/p "><b class="+ topic/ph hi-d/b ">Custom Server
				Implementation</b> -- You can also implement your own licensing server using
			 the SDK. The information in this chapter describes the APIs used to implement a
			 license server.
		  </p> 
		</li> 
	 </ul>
	 </p> 
  </conbody> 
</concept> 
