<?xml version="1.0" encoding="UTF-8"?>
<!DOCTYPE concept PUBLIC "-//OASIS//DTD DITA Concept//EN" "concept.dtd">
<concept id="content-replay-protection"> 
  <title class="- topic/title ">Replay protection</title> 
  <conbody> 
	 <p class="- topic/p ">For replay protection, it may be prudent to check
		whether the message identifier has been seen recently by calling 
		<codeph
		 class="+ topic/ph pr-d/codeph ">RequestMessageBase.getMessageId()</codeph>. If
		so, an attacker may be trying to replay the request, which should be denied. To
		detect replay attempts, the server can store a list of recently seen message
		ids and check each incoming request against the cached list. To limit the
		amount of time the message identifiers need to be stored, call 
		<codeph
		 class="+ topic/ph pr-d/codeph ">HandlerConfiguration.setTimestampTolerance()</codeph>.
		If this property is set, the SDK will deny any request that carries a timestamp
		more than the specified number of seconds off the server time.
	 </p> 
  </conbody> 
</concept> 
