<?xml version="1.0" encoding="UTF-8"?>
<!DOCTYPE concept PUBLIC "-//OASIS//DTD DITA Concept//EN" "concept.dtd">
<concept id="content-embedding-licenses"> 
  <title class="- topic/title ">Embedding licenses</title> 
  <conbody> 
	 <p class="- topic/p ">Once content has been encrypted and a license has
		been pre-generated, the license may be embedded into the encrypted content.
	 </p> 
	 <p class="- topic/p ">To embed a license, obtain an instance of 
		<codeph
		 class="+ topic/ph pr-d/codeph ">com.adobe.flashaccess.sdk.media.drm.contentupdate.MediaKeyMetaDataUpdater</codeph>.
		If you know the type of the encrypted content, use the constructor for 
		<codeph class="+ topic/ph pr-d/codeph ">FLVKeyMetaDataUpdater</codeph> or
		
		<codeph class="+ topic/ph pr-d/codeph ">F4VKeyMetaDataUpdater</codeph>;
		otherwise, use 
		<codeph
		 class="+ topic/ph pr-d/codeph ">MediaProcessorFactory.getMediaProcessor()</codeph>
		to return an instance based on the file type detected. Construct a 
		<codeph class="+ topic/ph pr-d/codeph ">KeyMetaDataCallback</codeph> and
		invoke 
		<codeph class="+ topic/ph pr-d/codeph ">modifyKeyMetaData()</codeph>.
		Your callback implementation will be invoked when the DRM metadata is located
		in the encrypted content. Based on the metadata found, you can choose a license
		to embed and set the license using 
		<codeph
		 class="+ topic/ph pr-d/codeph ">EmbedLicenseKeyMetaData.setEmbeddedLicenses()</codeph>.
	 </p> 
	 <p class="- topic/p ">For sample code demonstrating embedded licenses, see 
		<codeph
		 class="+ topic/ph pr-d/codeph ">com.adobe.flashaccess.samples.licenseembedder.EmbedLicense</codeph>
		in the Reference Implementation Command Line Tools “Samples” directory.
	 </p> 
	 <p class="- topic/p "> 
		<note class="- topic/note ">Adobe Access 2.0 clients will ignore any
		  licenses embedded in the content and will attempt to obtain a license from the
		  license server specified in the metadata. However, if the metadata indicates
		  that no license server is available, an Adobe Access 2.0 client will need to
		  upgrade to view the content.
		</note> 
	 </p> 
	 <p class="- topic/p ">See 
		<xref
		 href="overview.xml#WS5262178513756206-2cb3fd0f13088bab534-8000_ver2.0"
		 class="- topic/xref ">Out-of-band Licenses</xref>.
	 </p> 
  </conbody> 
</concept> 
