<?xml version="1.0" encoding="UTF-8"?>
<!DOCTYPE concept PUBLIC "-//OASIS//DTD DITA Concept//EN" "concept.dtd">
<concept id="content-updating-policy-using-java-api"> 
  <title class="- topic/title ">Updating a policy using the Java API</title> 
  <conbody> 
	 <p class="- topic/p ">To update a policy by using the Java API, perform the
		following steps:
	 </p> 
	 <ol class="- topic/ol " id="ol_z1j_xqx_n4"> 
		<li class="- topic/li " id="li_61D172DCC7494A0580F531E8FBD8C9F9"> 
		  <p class="- topic/p ">Set up your development environment and include
			 all of the JAR files mentioned in 
			 <xref href="content-setting-up-the-sdk.xml"
			  class="- topic/xref ">Setting up the development environment</xref> within your
			 project.
		  </p> 
		</li> 
		<li class="- topic/li " id="li_D01BA06DD8994FEC86CB8A0F8CABCEBC"> 
		  <p class="- topic/p ">Create a 
			 <codeph class="+ topic/ph pr-d/codeph ">Policy</codeph> instance and
			 read in the policy from a file or database.
			 <codeblock xml:space="preserve" class="+ topic/pre pr-d/codeblock ">Policy policy = new Policy(policyBytes);</codeblock>
		  </p> 
		</li> 
		<li class="- topic/li " id="li_EB4C4DD3658A4957B2FB144872A6455B"> 
		  <p class="- topic/p ">Update the 
			 <codeph class="+ topic/ph pr-d/codeph ">Policy</codeph> object by
			 setting its properties, such as its name and usage rules.
			 <codeblock xml:space="preserve" class="+ topic/pre pr-d/codeblock " outputclass="syntax java">		// Change the policy name. 
		policy.setName("UpdatedDemoPolicy"); 
		 
		// Add DRM module restrictions to the play right 
		for (Right r: policy.getRights()) { 
			if (r instanceof PlayRight) { 
				PlayRight pr = (PlayRight) r; 
				// Disallow Linux versions up to and including 1.9.  Allow 
				// all other OSes and Linux versions above 1.9 
				VersionInfo toExclude = new VersionInfo(); 
				toExclude.setOS("Linux"); 
				toExclude.setReleaseVersion("1.9"); 
				Collection&lt;VersionInfo&gt; exclusions = new ArrayList&lt;VersionInfo&gt;(); 
				exclusions.add(toExclude); 
				ModuleRequirements drmRestrictions = new ModuleRequirements(); 
				drmRestrictions.setExcludedVersions(exclusions); 
				pr.setDRMModuleRequirements(drmRestrictions); 
				break; 
			} 
		}</codeblock>
		  </p> 
		</li> 
		<li class="- topic/li " id="li_03678C44D1BA41648C730CAD5105DC4A"> 
		  <p class="- topic/p ">Serialize the updated 
			 <codeph class="+ topic/ph pr-d/codeph ">Policy</codeph> object and
			 store it in a file or database.
			 <codeblock xml:space="preserve" class="+ topic/pre pr-d/codeblock " outputclass="syntax java">			// Serialize the policy. 
			byte[] policyBytes = policy.getBytes(); 
			System.out.println("New policy revision number: " 
				+ 	policy.getRevision()); 			 
			// Write the policy to a file.  
			// Alternatively, the policy may be stored in a database. 
			FileOutputStream out = new FileOutputStream("demopolicy-updated.pol"); 
			out.write(policyBytes); 
			out.close(); </codeblock>
		  </p> 
		</li> 
	 </ol> 
	 <p class="- topic/p ">For the full source of this sample code, see 
		<codeph
		 class="+ topic/ph pr-d/codeph ">com.adobe.flashaccess.samples.policy.UpdatePolicy</codeph>
		in the Reference Implementation Command Line Tools "samples" directory.
	 </p> 
  </conbody> 
</concept> 
