<?xml version="1.0" encoding="UTF-8"?>
<!DOCTYPE concept PUBLIC "-//OASIS//DTD DITA Concept//EN" "concept.dtd">
<concept id="content-updating-policies"> 
  <title class="- topic/title ">Updating policies</title> 
  <conbody> 
	 <p class="- topic/p ">If policies are updated after the content is
		packaged, provide the updated policies to the license server so the updated
		version can be used when issuing a license. If your license server has access
		to a database for storing policies, you can retrieve the updated policy from
		the database and call 
		<codeph
		 class="+ topic/ph pr-d/codeph ">LicenseRequestMessage.setSelectedPolicy()</codeph>
		to provide the new version of the policy.
	 </p> 
	 <p class="- topic/p ">For license servers that do not rely on a central
		database, the SDK provides support for Policy Update Lists. A policy update
		list is a file containing a list of updated or revoked policies. When a policy
		is updated, generate a new Policy Update List and periodically push the list
		out to all the license servers. Pass the list to the SDK by setting 
		<codeph
		 class="+ topic/ph pr-d/codeph ">HandlerConfiguration.setPolicyUpdateList()</codeph>.
		If an update list is provided, the SDK consults this list when parsing the
		content metadata. 
		<codeph
		 class="+ topic/ph pr-d/codeph ">ContentInfo.getUpdatedPolicies()</codeph>
		contains the updated versions of policies specified in the metadata.
	 </p> 
	 <p class="- topic/p ">See 
		<xref href="content-working-with-policies.xml"
		 class="- topic/xref ">Working With Policies</xref> and 
		<xref href="content-policy-update-lists.xml" class="- topic/xref ">Policy
		  update lists.</xref>
	 </p> 
  </conbody> 
</concept> 
