<?xml version="1.0" encoding="UTF-8"?>
<!DOCTYPE concept PUBLIC "-//OASIS//DTD DITA Concept//EN" "concept.dtd">
<concept id="content-creating-video-players"> 
  <title class="- topic/title ">Creating video players</title> 
  <conbody> 
	 <p class="- topic/p ">In order to play back protected content, your
		application must use the ActionScript 3 DRM APIs or Adobe Primetime. Please
		refer to 
		<i class="+ topic/ph hi-d/i ">Programming ActionScript 3</i> and the 
		<i class="+ topic/ph hi-d/i ">ActionScript 3.0 Reference for the Adobe
		  Flash Platform</i> for more information. For building iOS-based video players,
		refer to the 
		<i class="+ topic/ph hi-d/i ">Adobe Primetime PSDK documentation</i>.
	 </p> 
  </conbody> 
</concept> 
