<?xml version="1.0" encoding="UTF-8"?>
<!DOCTYPE concept PUBLIC "-//OASIS//DTD DITA Concept//EN" "concept.dtd">
<concept id="content-relative-end-date"> 
  <title class="- topic/title ">Relative end date</title> 
  <conbody> 
	 <p class="- topic/p ">Specifies the license expiration date, expressed
		relative to the date of packaging.
	 </p> 
	 <p class="- topic/p ">Example use case: In an automated packaging process,
		use a single policy with this option for a series of videos to set the
		expiration date to 30 days relative to the date of packaging.
	 </p> 
  </conbody> 
</concept> 
