<?xml version="1.0" encoding="UTF-8"?>
<!DOCTYPE concept PUBLIC "-//OASIS//DTD DITA Concept//EN" "concept.dtd">
<concept id="content-domian-bound-licenses"> 
  <title class="- topic/title ">Issuing Domain-bound licenses</title> 
  <conbody> 
	 <p class="- topic/p ">In order to issue a license using a policy that
		requires domain registration, the client’s request must include a valid domain
		token issued by the domain server specified in the policy. When the client
		requests a license, it will automatically include its domain tokens for any
		domain server specified in the content metadata, if it has registered with
		those domain servers. If the selected policy requires domain registration, the
		SDK will automatically select a domain token from the request to bind the
		license to, or return an error if no appropriate domain token was found.
	 </p> 
	 <p class="- topic/p ">A domain token is considered to be valid if it is not
		expired and if it was issued by an authorized Domain CA. The license server
		must specify the domain authorities from which it will accept domain tokens by
		configuring 
		<codeph
		 class="+ topic/ph pr-d/codeph ">HandlerConfiguration.setDomainCAs()</codeph>.
		If no Domain CAs are configured, the license server will not be able to issue
		domain-bound licenses.
	 </p> 
	 <p class="- topic/p ">If the metadata includes multiple policies, the
		license server business logic could select a policy based on whether the client
		presented a domain token. Use 
		<codeph
		 class="+ topic/ph pr-d/codeph ">LicenseRequestMessage.getDomainTokens()</codeph>
		to determine the domains with which the client has registered.
	 </p> 
  </conbody> 
</concept> 
