<?xml version="1.0" encoding="UTF-8"?>
<!DOCTYPE concept PUBLIC "-//OASIS//DTD DITA Concept//EN" "concept.dtd">
<concept id="content-initial-portion-content-clear"> 
  <title class="- topic/title ">Initial portion of content in the clear</title>
  
  <conbody> 
	 <p class="- topic/p ">Specifies an optional amount of time, in seconds,
		that the beginning of the content is left in the clear (meaning it is not
		encrypted).
	 </p> 
	 <p class="- topic/p ">Example use case: Allows for faster time to playback
		while the Adobe Access client downloads the license in the background. The
		unencrypted portion of the video begins playback immediately, while the Adobe
		Access initialization and license acquisition occur behind the scenes. With
		this feature turned off, users may notice a delay in playback experience, as
		the client machine is performing all of the licensing steps before any video
		playback occurs.
	 </p> 
  </conbody> 
</concept> 
