<?xml version="1.0" encoding="UTF-8"?>
<!DOCTYPE concept PUBLIC "-//OASIS//DTD DITA Concept//EN" "concept.dtd">
<concept id="content-whitelist-air"> 
  <title class="- topic/title ">White-list for Adobe® Primetime applications
	 allowed to play protected content</title> 
  <conbody> 
	 <p class="- topic/p ">Specifies the AIR/iOS applications that can play
		content. Specify the AIR/iOS application ID, minimum version, maximum version,
		and publisher ID.
	 </p> 
	 <p class="- topic/p ">Example use case: Use this rule to limit playback to
		a particular AIR/iOS application, or to control which version can access the
		content.
		<note class="- topic/note ">If you are using Adobe Flash Builder to build
		  protected applications, make sure that you do not deploy the application in
		  ‘Debug’ mode. When deploying an application in ‘Debug’ mode, the Flash Builder
		  will append “.debug” to the AIR application ID. This will cause the white-list
		  functionality in Adobe Access to behave unexpectedly.
		</note>
	 </p> 
  </conbody> 
</concept> 
