<?xml version="1.0" encoding="UTF-8"?>
<!DOCTYPE concept PUBLIC "-//OASIS//DTD DITA Concept//EN" "concept.dtd">
<concept id="content-multiple-play-rights"> 
  <title class="- topic/title ">Multiple play rights</title> 
  <conbody> 
	 <p class="- topic/p ">Allows different usage rules to be specified for
		different platforms or applications.
	 </p> 
	 <p class="- topic/p ">Example use case: Using multiple play rights, you can
		create a policy to specify that Output Protection is required on the Microsoft®
		Windows® platform, and is optional on the Apple® Macintosh® and Linux®
		platforms.
	 </p> 
  </conbody> 
</concept> 
