<?xml version="1.0" encoding="UTF-8"?>
<!DOCTYPE concept PUBLIC "-//OASIS//DTD DITA Concept//EN" "concept.dtd">
<concept id="content-handling-domain-de-registration-reqs"> 
  <title class="- topic/title ">Handling Domain De-Registration
	 requests</title> 
  <conbody> 
	 <p class="- topic/p ">If the client application needs to leave a domain, it
		invokes the 
		<codeph
		 class="+ topic/ph pr-d/codeph ">DRMManager.removeFromDeviceGroup()</codeph>ActionScript
		API or the 
		<codeph class="+ topic/ph pr-d/codeph ">leaveLicenseDomain()</codeph> iOS
		API to initiate the domain de-registration process. Domain de-registration is a
		two phase process. The client first sends a de-registration preview request.
		The domain server examines the request and determines whether the client is
		permitted to leave the domain (an error may be returned if the machine is not
		currently part of the domain). Upon a successful response, the client deletes
		its domain credentials and any licenses issued to that domain, then sends a
		de-registration request.
	 </p> 
	 <ul class="- topic/ul " id="ul_dqs_yfy_n4"> 
		<li class="- topic/li " id="li_313B50CC4EDC4412922D8775FAF7DA98"> 
		  <p class="- topic/p ">The request handler class is 
			 <codeph
			  class="+ topic/ph pr-d/codeph ">com.adobe.flashaccess.sdk.protocol.domain.DomainDeRegistrationHandler</codeph>
		  </p> 
		</li> 
		<li class="- topic/li " id="li_AD9130D47A834BDF95CFD985D860F08E"> 
		  <p class="- topic/p ">The request message class is 
			 <codeph
			  class="+ topic/ph pr-d/codeph ">com.adobe.flashaccess.sdk.protocol.domain.DomainDeRegistrationRequestMessage</codeph>
		  </p> 
		</li> 
		<li class="- topic/li " id="li_89106EC526CA441EADCDC2921A62E739"> 
		  <p class="- topic/p ">If both the client and server support protocol
			 version 5, the request URL is "Domain Server URL in metadata: +
			 "/flashaccess/dereg/v4". Otherwise, the request URL is Domain Server URL in
			 metadata” + “/flashaccess/dereg/v3”
		  </p> 
		</li> 
	 </ul> 
	 <p class="- topic/p ">When processing domain de-registration requests, the
		server uses 
		<codeph class="+ topic/ph pr-d/codeph ">getRequestPhase()</codeph> to
		determine whether the client is in the preview or de-registration phase. In the
		preview phase, the domain server examines the request and determines whether
		the client is permitted to leave the domain (the request may be denied, for
		example, if the machine is not currently part of the domain). In the
		de-registration phase, the server records the fact that the machine has left
		the domain. The server is highly recommended to evaluate the same logic in the
		preview request as in the actual de-registration request to minimize the chance
		of the second phase failing.
	 </p> 
  </conbody> 
</concept> 
