<?xml version="1.0" encoding="UTF-8"?>
<!DOCTYPE concept PUBLIC "-//OASIS//DTD DITA Concept//EN" "concept.dtd">
<concept id="content-minimum-client-version"> 
  <title class="- topic/title ">Minimum Client Version</title> 
  <conbody> 
	 <p class="- topic/p ">Adobe Access 2.0.2 and higher introduce some new
		usage rules, which are not understood by Adobe Access 2.0 clients. By setting
		the minimum supported client version (<codeph
		class="+ topic/ph pr-d/codeph ">HandlerConfiguration.setMinSupportedClientVersion()</codeph>),
		the license server can control how older clients will behave when they
		encounter licenses with these usage rules. Based on this setting, the server
		can indicate whether older clients can ignore the usage rules they do not
		understand or whether older clients will not be able to consume licenses with
		those usage rules.
	 </p> 
	 <p class="- topic/p ">For example,
	 </p> 
	 <p class="- topic/p "> 
	 <ul class="- topic/ul " id="ul_rvv_rhy_n4"> 
		<li class="- topic/li " id="li_BBF1F641257E40C3ABF1F4F22B90C890"> 
		  <p class="- topic/p ">If the license specifies the device capabilities
			 requirements (<xref href="content-device-capabilities.xml"
			 class="- topic/xref ">Device capabilities required to play protected
				content</xref>), Adobe Access clients 2.0.2 and higher can enforce those
			 requirements.
		  </p> 
		</li> 
		<li class="- topic/li " id="li_A47A1BB0A1324EE081ADBBA4BAF71489"> 
		  <p class="- topic/p ">If the license server does not want content to
			 play on clients that do not understand the device capabilities requirements ,
			 set the minimum supported client version to 2 (for 2.0.2). This will prevent
			 the server from issuing licenses to Adobe Access clients before 2.0.2. The
			 minimum client version will also be enforced if the license is transferred from
			 one client to another.
		  </p> 
		</li> 
		<li class="- topic/li " id="li_AE699DB51DA44DF2B499FCA6BFB52B46"> 
		  <p class="- topic/p ">If the license server wants to allow older
			 clients to ignore the device capabilities requirements, set the minimum
			 supported client version to 1 (for Adobe Access 2.0). The server will issue a
			 license to any client version 2.0 and higher. If the client upgrades or
			 transfers the license to another client with version 2.0.2 or higher, the
			 device capabilities requirements in the license will be enforced, since the
			 client would now support that usage rule.
		  </p> 
		</li> 
	 </ul> 
	 </p> 
  </conbody> 
</concept> 
