<?xml version="1.0" encoding="UTF-8"?>
<!DOCTYPE concept PUBLIC "-//OASIS//DTD DITA Concept//EN" "concept.dtd">
<concept id="content-handling-license-reqs"> 
  <title class="- topic/title ">Overview</title> 
  <conbody> 
	 <p class="- topic/p ">To request a license, the client sends the metadata
		that was embedded in the content during packaging. The license server uses the
		information in the content metadata to generate a license.
	 </p> 
	 <p class="- topic/p ">The 
		<codeph class="+ topic/ph pr-d/codeph ">LicenseHandler</codeph> reads a
		license request and parses the request. 
		<codeph class="+ topic/ph pr-d/codeph ">LicenseHandler 
		</codeph>extends 
		<codeph class="+ topic/ph pr-d/codeph ">BatchHandlerBase</codeph> to
		accommodate batch license requests, although this feature is not currently
		supported by Adobe Access clients. The 
		<codeph class="+ topic/ph pr-d/codeph ">getRequests()</codeph> method
		will return a List of 
		<codeph class="+ topic/ph pr-d/codeph ">LicenseRequestMessage</codeph>
		objects. The caller should iterate through the 
		<codeph class="+ topic/ph pr-d/codeph ">LicenseRequestMessages</codeph>,
		and for each request, either generate a license or set an error code (see the 
		<codeph class="+ topic/ph pr-d/codeph ">LicenseRequestMessage</codeph>
		API reference documentation for details). For each license request, the server
		determines whether it will issue a license. Call 
		<codeph
		 class="+ topic/ph pr-d/codeph ">LicenseRequestMessage.getContentInfo()</codeph>
		to obtain information extracted from the content metadata, including the
		content ID, license ID, and policies.
	 <ul class="- topic/ul " id="ul_ygx_ggy_n4"> 
		<li class="- topic/li " id="li_D76A2F1382084FE6844DF89E014BA333"> 
		  <p class="- topic/p ">The request handler class is 
			 <codeph
			  class="+ topic/ph pr-d/codeph ">com.adobe.flashaccess.sdk.protocol.license.LicenseHandler</codeph>
		  </p> 
		</li> 
		<li class="- topic/li " id="li_914AAC73DA7E41F9B128BDF77052828E"> 
		  <p class="- topic/p ">The request message class is 
			 <codeph
			  class="+ topic/ph pr-d/codeph ">com.adobe.flashaccess.sdk.protocol.license.LicenseRequestMessage</codeph>
		  </p> 
		</li> 
		<li class="- topic/li " id="li_D49FD2298391480295C76B3A34A9B023"> 
		  <p class="- topic/p ">If both the client and server support protocol
			 version 5, the request URL is "License Server URL in metadata: +
			 "/flashaccess/license/v4". If protocol version 3 is the maximum supported by
			 either the client or server, Adobe Access clients will send authentication
			 requests to “License Server URL in metadata” + “/flashaccess/license/v3”.
			 Otherwise, authentication requests are send to “License Server URL in metadata”
			 + “/flashaccess/license/v1”
		  </p> 
		</li> 
	 </ul>
	 </p> 
	 <p class="- topic/p ">If an error occurs while parsing the request, a 
		<codeph class="+ topic/ph pr-d/codeph ">HandlerParsingException</codeph>
		is thrown. This exception contains error information to be returned to the
		client. To retrieve the error information, call 
		<codeph
		class="+ topic/ph pr-d/codeph ">HandlerParsingException.getErrorData()</codeph>.
		If an error occurs while generating a license because the policy requirements
		have not been satisfied, a 
		<codeph
		class="+ topic/ph pr-d/codeph ">PolicyEvaluationException</codeph> is thrown.
		This exception also includes 
		<codeph class="+ topic/ph pr-d/codeph ">ErrorData</codeph> to be returned
		to the client. See the API documentation for 
		<codeph
		class="+ topic/ph pr-d/codeph ">LicenseRequestMessage.generateLicense()</codeph>
		for details on how policies are evaluated during license generation.
	 </p> 
	 <p class="- topic/p ">Licenses and errors are sent at one time when 
		<codeph class="+ topic/ph pr-d/codeph ">LicenseHandler.close()</codeph>
		is called.
	 </p> 
	 <p class="- topic/p ">A device may have multiple licenses for the same
		content (same License ID), but can only have one license for a particular
		License ID and Policy ID. If it receives a license with a duplicate
		LicenseID/PolicyID, the new license will replace the old one only if the new
		license’s issue date is later than the existing license’s issue date. This
		logic is used to process licenses embedded into content, therefore, it is not
		recommended to embed more than one license with the same Policy ID in a chunk
		of content. The same logic applies to licenses passed to the client through the
		
		<codeph
		class="+ topic/ph pr-d/codeph ">DRMManager.storeVoucher()</codeph>
		ActionScript3 API; if the client already possesses a license with a later issue
		date, the provided license may be ignored.
	 </p> 
  </conbody> 
</concept> 
