<?xml version="1.0" encoding="UTF-8"?>
<!DOCTYPE concept PUBLIC "-//OASIS//DTD DITA Concept//EN" "concept.dtd">
<concept id="content-handling-cert-updates"> 
  <title class="- topic/title ">Handling certificate updates when your
	 Adobe-issued certifcates expire</title> 
  <conbody> 
	 <p class="- topic/p ">There might be times when you have to get a new
		certificate from Adobe. For example, when a production certificate expires, an
		evaluation certificate expires, or when you switch from an evaluation to a
		production certificate. When a certificate expires and you do not want to
		repackage the content that used the old certificate. You can make the License
		Server aware of both the old and new certificates.
	 </p> 
	 <p class="- topic/p ">Use the following procedure to update your server
		with the new certificates:
	 </p> 
	 <ol class="- topic/ol " id="ol_its_kjy_n4"> 
		<li class="- topic/li " id="li_B97E2777F19A4D488C27D2946069B3D2"> 
		  <p class="- topic/p ">(Optional) When adding new entries to an existing
			 policy update list or revocation list, be sure to sign with the new
			 credentials, and use the old certificate to validate the signature on the
			 existing file.
		  </p> 
		  <p class="- topic/p ">For example, use the following command line to
			 add an entry to an existing policy update list, which was signed using a
			 different credential:
		  </p> 
		  <codeblock xml:space="preserve" class="+ topic/pre pr-d/codeblock ">java -jar AdobePolicyUpdateListManager.jar newList -f oldList oldSigningCert.cer -u pol 0 "" ""</codeblock> 
		</li> 
		<li class="- topic/li " id="li_68F19AC5749743108DFB1F65AA61DEA4"> 
		  <p class="- topic/p ">Use the Java API to update the license server
			 with the new policy update list or revocation list:
		  </p> 
		  <codeblock xml:space="preserve" class="+ topic/pre pr-d/codeblock ">	HandlerConfiguration.setRevocationList() </codeblock> 
		  <p class="- topic/p ">or:
		  </p> 
		  <codeblock xml:space="preserve" class="+ topic/pre pr-d/codeblock ">	HandlerConfiguration.setPolicyUpdateList()</codeblock> 
		  <p class="- topic/p ">In the reference implementation, the properties
			 you use are 
			 <codeph
			  class="+ topic/ph pr-d/codeph ">HandlerConfiguration.RevocationList</codeph>
			 and 
			 <codeph
			  class="+ topic/ph pr-d/codeph ">HandlerConfiguration.PolicyUpdateList</codeph>.
			 Also update the certificate used to verify the signatures: 
			 <codeph
			  class="+ topic/ph pr-d/codeph ">RevocationList.verifySignature.X509Certificate</codeph>.
		  </p> 
		</li> 
		<li class="- topic/li " id="li_1883761014B14516A3A153AC1EBD7AEF"> 
		  <p class="- topic/p ">To consume content that was packaged using the
			 old certificates, the license server requires the old and new license server
			 credentials and transport credentials. Update the license server with the new
			 and old certificates.
		  </p> 
		  <p class="- topic/p ">For the license server credentials:
		  </p> 
		  <ul class="- topic/ul " id="ul_dvs_kjy_n4"> 
			 <li class="- topic/li " id="li_4B63E924213E45FFB51E6AC21E3FB8E5"> 
				<p class="- topic/p ">Ensure that the current credential is passed
				  into the 
				  <codeph class="+ topic/ph pr-d/codeph ">LicenseHandler</codeph>
				  constructor:
				</p> 
				<ul class="- topic/ul " id="ul_pws_kjy_n4"> 
				  <li class="- topic/li " id="li_33929F6D2B71453D8C44B91D906999F5">
					 
					 <p class="- topic/p ">In the reference implementation, set it
						through the 
						<codeph
						 class="+ topic/ph pr-d/codeph ">LicenseHandler.ServerCredential</codeph>
						property.
					 </p> 
				  </li> 
				  <li class="- topic/li " id="li_EC901265413A435187643C6F4E581CC4">
					 
					 <p class="- topic/p ">In the Adobe Access Server for Protected
						Streaming, the current credential must be the first credential specified in the
						
						<codeph
						 class="+ topic/ph pr-d/codeph ">LicenseServerCredential</codeph> element in the
						flashaccess-tenant.xml file.
					 </p> 
				  </li> 
				</ul> 
			 </li> 
			 <li class="- topic/li " id="li_97A00D8538A14D408EF24E62D7315485"> 
				<p class="- topic/p ">Ensure that the current and old credentials
				  are provided to 
				  <codeph
					class="+ topic/ph pr-d/codeph ">AsymmetricKeyRetrieval</codeph>
				</p> 
				<ul class="- topic/ul " id="ul_exs_kjy_n4"> 
				  <li class="- topic/li " id="li_09900C0B9C7A439EB12B24EC79A55E63">
					 
					 <p class="- topic/p ">In the reference implementation, set it
						through the 
						<codeph
						 class="+ topic/ph pr-d/codeph ">LicenseHandler.ServerCredential</codeph> and 
						<codeph
						 class="+ topic/ph pr-d/codeph ">AsymmetricKeyRetrieval.ServerCredential.<i
						  class="+ topic/ph hi-d/i ">n</i></codeph> properties.
					 </p> 
				  </li> 
				  <li class="- topic/li " id="li_D2400FA374AA4E6B9B1C9B02D09473F2">
					 
					 <p class="- topic/p ">In the Adobe Access Server for Protected
						Streaming, the old credentials are specified after the first credential in the 
						<codeph
						 class="+ topic/ph pr-d/codeph ">LicenseServerCredential</codeph> element in the
						flashaccess-tenant.xml file.
					 </p> 
				  </li> 
				</ul> 
			 </li> 
		  </ul> 
		  <p class="- topic/p ">For the transport credentials:
		  </p> 
		  <ul class="- topic/ul " id="ul_uxs_kjy_n4"> 
			 <li class="- topic/li " id="li_C2DFCDBFF1A34FC58E15BA18CCD26D09"> 
				<p class="- topic/p ">Ensure that the current credential is passed
				  into the 
				  <codeph
					class="+ topic/ph pr-d/codeph ">HandlerConfiguration.setServerTransportCredential()</codeph>
				  method:
				</p> 
				<ul class="- topic/ul " id="ul_fzs_kjy_n4"> 
				  <li class="- topic/li " id="li_3912FBFC4EBD4F2E97B13C4BBB84E813">
					 
					 <p class="- topic/p ">In the reference implementation, set it
						through the 
						<codeph
						 class="+ topic/ph pr-d/codeph ">HandlerConfiguration.ServerTransportCredential</codeph>
						property.
					 </p> 
				  </li> 
				  <li class="- topic/li " id="li_E2E369989BB64BD982D5DE93F89C0CF8">
					 
					 <p class="- topic/p ">In the Adobe Access Server for protected
						streaming, the current credential must be the first credential specified in the
						
						<codeph
						 class="+ topic/ph pr-d/codeph ">TransportCredential</codeph> element in the
						flashaccess-tenant.xml file.
					 </p> 
				  </li> 
				</ul> 
			 </li> 
			 <li class="- topic/li " id="li_4C33AD5E24D1414CA86BBB5BAC97BC05"> 
				<p class="- topic/p ">Ensure that the old credentials are provided
				  to 
				  <codeph
					class="+ topic/ph pr-d/codeph ">HandlerConfiguration.setAdditionalServerTransportCredentials</codeph>():
				</p> 
				<ul class="- topic/ul " id="ul_vzs_kjy_n4"> 
				  <li class="- topic/li " id="li_0BC0FC5E4B644209A6EE44BE11A22DCC">
					 
					 <p class="- topic/p ">In the reference implementation, set it
						through the 
						<codeph
						 class="+ topic/ph pr-d/codeph ">HandlerConfiguration.AdditionalServerTransportCredential.<i
						  class="+ topic/ph hi-d/i ">n</i></codeph> properties.
					 </p> 
				  </li> 
				  <li class="- topic/li " id="li_9AD4B23B95A04AF781D7A097988B6AE1">
					 
					 <p class="- topic/p ">In the Adobe Access Server for protected
						streaming, this is specified after the first credential in the 
						<codeph
						 class="+ topic/ph pr-d/codeph ">TransportCredential</codeph> element in the
						flashaccess-tenant.xml file.
					 </p> 
				  </li> 
				</ul> 
			 </li> 
		  </ul> 
		</li> 
		<li class="- topic/li " id="li_F8BE528849A04AC2B4AC2F447C51A001"> 
		  <p class="- topic/p ">Update packaging tools to make sure they are
			 packaging content with the current credentials. Ensure that the latest license
			 server certificate, transport certificate, and packager credential are used for
			 packaging.
		  </p> 
		</li> 
		<li class="- topic/li " id="li_CBBEA813CE6843BCAD7A0A9524768C48"> 
		  <p class="- topic/p ">To update the Key Server's License Server
			 Certificate:
		  <ul class="- topic/ul " id="ul_k1t_kjy_n4"> 
			 <li class="- topic/li " id="li_C1502ACDCE9A4247889196BAAC60FFA2"> 
				<p class="- topic/p ">Update the credentials in the Adobe Access
				  Key Server tenant configuration file. Include both the old and new Key Server
				  credentials in flashaccess-keyserver-tenant.xml.
				</p> 
			 </li> 
			 <li class="- topic/li " id="li_C2896245240041A7BACA4A165C84DE99"> 
				<p class="- topic/p ">Ensure the current certificate is passed into
				  the 
				  <codeph
				  class="+ topic/ph pr-d/codeph ">HandlerConfiguration.setKeyServerCertificate()</codeph>
				  method.
				<ul class="- topic/ul " id="ul_r1t_kjy_n4"> 
				  <li class="- topic/li " id="li_65DB65D5819D4646B8BEF3F6F400ABE3">
					 
					 <p class="- topic/p ">In the reference implementation, set it
						through the 
						<codeph
						class="+ topic/ph pr-d/codeph ">HandlerConfiguration.KeyServerCertificate</codeph>
						property.
					 </p> 
				  </li> 
				  <li class="- topic/li " id="li_C2886652D2DD40799B19530D8107E547">
					 
					 <p class="- topic/p ">In the Adobe Access Server for Protected
						Streaming, specify the Key Server's certificate in the through the
						Configuration/Tenant/Certificates/KeyServer element. 
					 </p> 
				  </li> 
				</ul>
				</p> 
			 </li> 
		  </ul>
		  </p> 
		</li> 
	 </ol> 
  </conbody> 
</concept> 
