<?xml version="1.0" encoding="UTF-8"?>
<!DOCTYPE concept PUBLIC "-//OASIS//DTD DITA Concept//EN" "concept.dtd">
<concept id="content-crossdomain-policy-file"> 
  <title class="- topic/title ">Crossdomain policy file</title> 
  <conbody> 
	 <p class="- topic/p ">If the license server is hosted on a different domain
		than the video playback SWF, then a cross-domain policy file (crossdomain.xml)
		is necessary to allow the SWF to request licenses from the license server. A
		cross-domain policy file is an XML file that provides a way for the server to
		indicate that its data and documents are available to SWF files served from
		other domains. Any SWF file served from a domain specified in the license
		server’s cross-domain policy file is permitted to access data or assets from
		that license server.
	 </p> 
	 <p class="- topic/p ">Adobe recommends that developers follow best
		practices when deploying the cross-domain policy file by only allowing trusted
		domains to access the license server and limiting the access to the license
		sub-directory on the web server.
	 </p> 
	 <p class="- topic/p ">For more information on cross-domain policy files,
		please see the following locations:
	 <ul class="- topic/ul " id="ul_o24_2fy_n4"> 
		<li class="- topic/li " id="li_6D5932C8286A4223A09FAD3044F10ABF"> 
		  <p class="- topic/p ">Web site controls (policy files): 
			 <xref
			  href="http://help.adobe.com/en_US/ActionScript/3.0_ProgrammingAS3_Flex/WS5b3ccc516d4fbf351e63e3d118a9b90204-7e08.html "
			  scope="external" class="- topic/xref " format="html"/>
		  </p> 
		</li> 
		<li class="- topic/li " id="li_63442CA468574AC3BF2B70DB84B40DC9"> 
		  <p class="- topic/p ">Cross-domain policy file specification: 
			 <xref
			  href="http://www.adobe.com/devnet/articles/crossdomain_policy_file_spec.html"
			  scope="external" class="- topic/xref "
			  format="html">https://www.adobe.com/devnet/articles/crossdomain_policy_file_spec.html</xref>
		  </p> 
		</li> 
	 </ul>
	 </p> 
  </conbody> 
</concept> 
