<?xml version="1.0" encoding="UTF-8"?>
<!DOCTYPE concept PUBLIC "-//OASIS//DTD DITA Concept//EN" "concept.dtd">
<concept id="content-packaging-media-files"> 
  <title class="- topic/title ">Overview</title> 
  <conbody> 
	 <p class="- topic/p "><i class="+ topic/ph hi-d/i ">Packaging</i> refers to
		the process of encrypting and applying a policy to FLV or F4V files. Use the
		media packaging APIs to package files. The Adobe Access Java SDK can only
		package progressive-download Flash and AIR content, such as FLV, F4V, and MP4.
		In order to package content using Adobe Access DRM for other content formats,
		such as Adobe HTTP Dynamic Streaming (HDS) or Apple HTTP Live Streaming (HLS),
		you will have to use other tools, such as Adobe Media Server (<xref
		href="http://www.adobe.com/products/adobe-media-server-family.html"
		scope="external"
		format="html">http://www.adobe.com/products/adobe-media-server-family.html</xref>)
		or an encoder that implements the Adobe Broadcast SDK (<xref
		href="http://help.adobe.com/en_US/primetime/packagers/hdkb_api_overview_3.5.pdf"
		format="pdf"
		scope="external">http://help.adobe.com/en_US/primetime/packagers/hdkb_api_overview_3.5.pdf</xref>).
		Alternatively, customers have the choice of using Adobe's Java Primetime
		Packager toolset, which can package content for a variety of target formats,
		such as HDS, HLS, and DASH.
	 </p> 
	 <p class="- topic/p ">Packaging is de-coupled from the license server.
		There is no need for the packager to connect to the license server to exchange
		any information about the content. Everything the license server needs to know
		to issue the license is included in the content metadata.
	 </p> 
	 <p class="- topic/p ">When a file is encrypted, its contents cannot be
		parsed without the appropriate license. Adobe Access allows you to select which
		parts of the file to encrypt. Because Adobe® Access™ can parse the file format
		of the FLV and F4V content, it can intelligently encrypt selective parts of the
		file instead of the entire file as a whole. Data such as metadata and cue
		points can remain unencrypted so that search engines can still search the file.
	 </p> 
	 <p class="- topic/p ">It is possible for a given piece of content to have
		multiple policies. This could be useful, for example, if you would like to
		license content under different business models without having to package the
		content multiple times. For example, you could allow anonymous access for a
		short period of time, and after that allow the customer to buy the content and
		have unlimited access. If content is packaged using multiple policies, the
		License Server must implement logic for selecting which policy to use to issue
		a license.
	 </p> 
	 <note class="- topic/note ">The architecture allows for usage policies to
		be specified and bound to content when the content is packaged. Before a client
		can play back content, the client must acquire a license for that computer. The
		license specifies the usage rules that are enforced and provides the key used
		to decrypt the content. The policy is a template for generating the license,
		but the license server may choose to override the usage rules when issuing the
		license. Note that the license may be rendered invalid by such constraints as
		expiration times or playback windows.
	 </note> 
	 <p class="- topic/p ">There are numerous options available when packaging
		content. These are specified in the 
		<codeph class="+ topic/ph pr-d/codeph ">DRMParameters</codeph> interface
		and the classes implementing that interface, which are the 
		<codeph class="+ topic/ph pr-d/codeph ">F4VDRMParameters</codeph> and 
		<codeph class="+ topic/ph pr-d/codeph ">FLVDRMParameters</codeph>. With
		these classes you can set signature and key parameters, as well as indicate
		whether to encrypt audio content, video content, or script data. To see how
		these are implemented in the reference implementation, see the descriptions of
		the Media Packager command line options discussed in 
		<i class="+ topic/ph hi-d/i ">Using the Adobe Access Reference
		  Implementations</i>. These options are based on the Java API and are therefore
		available for programmatic usage.
	 </p> 
	 <p class="- topic/p ">The packaging options include:
	 </p> 
	 <ul class="- topic/ul " id="ul_awm_yrx_n4"> 
		<li class="- topic/li " id="li_ADF5775A637C4EDE9E0038661B103B36"> 
		  <p class="- topic/p ">Encryption options (audio, video, partial
			 encryption).
		  </p> 
		</li> 
		<li class="- topic/li " id="li_A17F7E15B89D4FFAB55B758643A1B97F"> 
		  <p class="- topic/p ">License server URL (the client uses this as the
			 base URL for all requests sent to the license server)
		  </p> 
		</li> 
		<li class="- topic/li " id="li_41D8CCEF9AAA4560BB8410246E285BDD"> 
		  <p class="- topic/p ">License server transport certificate
		  </p> 
		</li> 
		<li class="- topic/li " id="li_5823405CBFC6464B880D8F24C34957E2"> 
		  <p class="- topic/p ">License sever certificate, used to encrypt the
			 CEK.
		  </p> 
		</li> 
		<li class="- topic/li " id="li_528FF580E4144FEAAC05889FE48B101A"> 
		  <p class="- topic/p ">Packager credential for signing metadata
		  </p> 
		</li> 
	 </ul> 
	 <p class="- topic/p ">Adobe Access provides an API for passing in the CEK.
		If no CEK is specified, the SDK randomly generates it. Typically you need a
		different CEK for each piece of content. However, in Dynamic Streaming, you
		would likely use the same CEK for all the files for that content, so the user
		only needs a single license and can seamlessly transition from one bit rate to
		another. To use the same key and license for multiple pieces of content, pass
		the same 
		<codeph class="+ topic/ph pr-d/codeph ">DRMParameters</codeph> object to 
		<codeph
		class="+ topic/ph pr-d/codeph ">MediaEncrypter.encryptContent()</codeph>, or
		pass in the CEK using 
		<codeph
		class="+ topic/ph pr-d/codeph ">V2KeyParameters.setContentEncryptionKey()</codeph>.
		To use a different key and license for each piece of content, create a new 
		<codeph class="+ topic/ph pr-d/codeph ">DRMParameters</codeph> instance
		for each file.
	 </p> 
	 <p class="- topic/p ">When packaging content using key rotation, you can
		control the Rotation Keys used and how often the keys change. 
		<codeph class="+ topic/ph pr-d/codeph ">F4VDRMParameters</codeph> and 
		<codeph class="+ topic/ph pr-d/codeph ">FLVDRMParameters</codeph>
		implement the 
		<codeph class="+ topic/ph pr-d/codeph ">KeyRotationParameters</codeph>
		interface. Through this interface, you can enable key rotation. You also need
		to specify a 
		<codeph
		class="+ topic/ph pr-d/codeph ">RotatingContentEncryptionKeyProvider</codeph>.
		For each sample encrypted, this class determines the Rotation Key to use. You
		may implement your own provider, or use the 
		<codeph class="+ topic/ph pr-d/codeph ">TimeBasedKeyProvider</codeph>
		included with the SDK. This implementation randomly generates a new key after a
		specified number of seconds.
	 </p> 
	 <p class="- topic/p ">In some cases you may need to store the content
		metadata as a separate file and make it available to the client separate from
		the content. To do this, invoke 
		<codeph
		class="+ topic/ph pr-d/codeph ">MediaEncrypter.encryptContent()</codeph>, which
		returns a 
		<codeph class="+ topic/ph pr-d/codeph ">MediaEncrypterResult</codeph>
		object. Call 
		<codeph
		class="+ topic/ph pr-d/codeph ">MediaEncrypterResult.getKeyInfo()</codeph> and
		cast the result to 
		<codeph class="+ topic/ph pr-d/codeph ">V2KeyStatus</codeph>. Then
		retrieve the content metadata and store it in a file.
	 </p> 
	 <p class="- topic/p ">All of these tasks can be accomplished using the Java
		API. For details about the Java API discussed in this chapter, see 
		<i class="+ topic/ph hi-d/i ">Adobe Access API Reference</i>.
	 </p> 
	 <p class="- topic/p ">For information about the Media Packager reference
		implementation, see 
		<i class="+ topic/ph hi-d/i ">Using the Adobe Access Reference
		  Implementations</i>.
	 </p> 
  </conbody> 
</concept> 
