<?xml version="1.0" encoding="UTF-8"?>
<!DOCTYPE concept PUBLIC "-//OASIS//DTD DITA Concept//EN" "concept.dtd">
<concept id="content-licenses-user-authentication"> 
  <title class="- topic/title ">User authentication</title> 
  <conbody> 
	 <p class="- topic/p ">An Adobe Access request can contain an authentication
		token. 
	 </p> 
	 <p class="- topic/p ">If username/password authentication was used, the
		request may contain an 
		<codeph class="+ topic/ph pr-d/codeph ">AuthenticationToken</codeph>
		generated by the 
		<codeph class="+ topic/ph pr-d/codeph ">AuthenticationHandler</codeph>.
		To access and verify the token, use 
		<codeph
		 class="+ topic/ph pr-d/codeph ">RequestMessageBase.getAuthenticationToken()</codeph>.
		To initiate a username/password request on the client, use the 
		<codeph
		 class="+ topic/ph pr-d/codeph ">DRMManager.authenticate()</codeph> ActionScript
		or iOS API.
	 </p> 
	 <p class="- topic/p ">If the client and server are using a custom
		authentication mechanism, the client obtains an authentication token through
		some other channel and sets the custom authentication token using the 
		<codeph
		 class="+ topic/ph pr-d/codeph ">DRMManager.setAuthenticationToken</codeph>
		ActionScript 3.0 API. Use 
		<codeph
		 class="+ topic/ph pr-d/codeph ">RequestMessageBase.getRawAuthenticationToken()</codeph>
		to get the custom authentication token. The server implementation is
		responsible for determining whether the custom authentication token is valid.
	 </p> 
  </conbody> 
</concept> 
