<?xml version="1.0" encoding="UTF-8"?>
<!DOCTYPE concept PUBLIC "-//OASIS//DTD DITA Concept//EN" "concept.dtd">
<concept id="content-encrypting-tracks"> 
  <title class="- topic/title ">Encrypting tracks</title> 
  <conbody> 
	 <p class="- topic/p ">Specifies which parts of the content are encrypted:
		audio, video, or both.
	 </p> 
	 <p class="- topic/p ">Example use case: Permits encrypting just the tracks
		of the content that require protection, thus reducing the decryption overhead
		on the client and improving playback performance.
	 </p> 
  </conbody> 
</concept> 
