<?xml version="1.0" encoding="UTF-8"?>
<!DOCTYPE concept PUBLIC "-//OASIS//DTD DITA Concept//EN" "concept.dtd">
<concept id="content-multiple-policies"> 
  <title class="- topic/title ">Multiple policies</title> 
  <conbody> 
	 <p class="- topic/p ">Specify multiple policies to be associated with a
		single piece of content. The specific policy to be used is determined by the
		license server.
	 </p> 
	 <p class="- topic/p ">Example use case: If the same asset is used for both
		electronic sell-through and rental models, this option allows you to specify
		different sets of usage rules for each business model. The license server can
		choose which policy to use based on whether the customer purchased or rented
		the content.
	 </p> 
  </conbody> 
</concept> 
