<?xml version="1.0" encoding="UTF-8"?>
<!DOCTYPE concept PUBLIC "-//OASIS//DTD DITA Concept//EN" "concept.dtd">
<concept id="content-generating-random-nos"> 
  <title class="- topic/title ">Generating random numbers</title> 
  <conbody> 
	 <p class="- topic/p ">Hardware random number generators can be used on
		Linux servers to ensure that sufficient entropy is generated. If the machine
		cannot generate enough entropy, Adobe Access operations that require a source
		of randomness will block while waiting for data from 
		<codeph class="+ topic/ph pr-d/codeph ">/dev/random</codeph>. 
	 </p> 
  </conbody> 
</concept> 
