<?xml version="1.0" encoding="UTF-8"?>
<!DOCTYPE concept PUBLIC "-//OASIS//DTD DITA Concept//EN" "concept.dtd">
<concept id="content-encrypting-content"> 
  <title class="- topic/title ">Encrypting content</title> 
  <conbody> 
	 <p class="- topic/p ">Encrypting FLV and F4V content involves the use of a 
		<codeph class="+ topic/ph pr-d/codeph ">MediaEncrypter</codeph> object.
		You can also package FLV and F4V files that contain only audio tracks. When
		encrypting H.264 content for lower-end devices, it may be practical to apply
		only partial encryption to improve performance. In such cases, an F4V file may
		be partially encrypted using the 
		<codeph
		 class="+ topic/ph pr-d/codeph ">F4VDRMParameters.setVideoEncryptionLevel 
		</codeph>method.
	 </p> 
	 <p class="- topic/p ">To encrypt an FLV or an F4V file by using the Java
		API, perform the following steps:
	 </p> 
	 <ol class="- topic/ol " id="ol_wqn_gtx_n4"> 
		<li class="- topic/li " id="li_234A875E92794FD3A85229484889A5EC"> 
		  <p class="- topic/p ">Set up your development environment and include
			 all of the JAR files mentioned in Setting up the development environment within
			 your project.
		  </p> 
		</li> 
		<li class="- topic/li " id="li_0443561A307A4B36867DB938E407BDF8"> 
		  <p class="- topic/p ">Create a 
			 <codeph class="+ topic/ph pr-d/codeph ">ServerCredential</codeph>
			 instance to load the credentials needed for signing.
		  </p> 
		</li> 
		<li class="- topic/li " id="li_50209242B81E4C5790CB26FCE1183CFD"> 
		  <p class="- topic/p ">Create a 
			 <codeph class="+ topic/ph pr-d/codeph ">MediaEncrypter</codeph>
			 instance. Use a 
			 <codeph class="+ topic/ph pr-d/codeph ">MediaEncryperFactory</codeph>
			 if you do not know what type of file you have. Otherwise you can create an 
			 <codeph class="+ topic/ph pr-d/codeph ">FLVEncrypter</codeph> or 
			 <codeph class="+ topic/ph pr-d/codeph ">F4VEncrypter</codeph>
			 directly.
		  </p> 
		</li> 
		<li class="- topic/li " id="li_DF91B0A83B504EEB9D944B06D241D2C4"> 
		  <p class="- topic/p ">Specify the encryption options by using a 
			 <codeph class="+ topic/ph pr-d/codeph ">DRMParameters</codeph>
			 object. 
		  </p> 
		</li> 
		<li class="- topic/li " id="li_65A87DBEF20942EFB4B6C4C4FAAFD238"> 
		  <p class="- topic/p ">Set the signature options using a 
			 <codeph class="+ topic/ph pr-d/codeph ">SignatureParameters</codeph>
			 object and pass the 
			 <codeph class="+ topic/ph pr-d/codeph ">ServerCredential</codeph>
			 instance to its 
			 <codeph class="+ topic/ph pr-d/codeph ">setServerCredentials</codeph>
			 method.
		  </p> 
		</li> 
		<li class="- topic/li " id="li_8E7387C2057047C094E6F295F0813ACA"> 
		  <p class="- topic/p ">Set the key and license information using an 
			 <codeph class="+ topic/ph pr-d/codeph ">V2KeyParameters</codeph>
			 object. Set the policies using the 
			 <codeph class="+ topic/ph pr-d/codeph ">setPolicies</codeph> method.
			 Set the information needed by the client to contact the license server by
			 calling the 
			 <codeph class="+ topic/ph pr-d/codeph ">setLicenseServerUrl</codeph>
			 and 
			 <codeph
			  class="+ topic/ph pr-d/codeph ">setLicenseServerTransportCertificate</codeph>
			 methods. Set the CEK encryption options using the 
			 <codeph
			  class="+ topic/ph pr-d/codeph ">setKeyProtectionOptions</codeph> method, and
			 its custom properties using the 
			 <codeph class="+ topic/ph pr-d/codeph ">setCustomProperties</codeph>
			 method. Finally, depending on the type of encryption used, cast the 
			 <codeph class="+ topic/ph pr-d/codeph ">DRMKeyParameters</codeph>
			 object to one of 
			 <codeph class="+ topic/ph pr-d/codeph ">VideoDRMParameters</codeph>, 
			 <codeph class="+ topic/ph pr-d/codeph ">AudioDRMParameters</codeph>, 
			 <codeph class="+ topic/ph pr-d/codeph ">FLVDRMParameters</codeph>, or
			 
			 <codeph class="+ topic/ph pr-d/codeph ">F4VDRMParameters</codeph>,
			 and set the encryption options.
		  </p> 
		</li> 
		<li class="- topic/li " id="li_6725B57A00364D59A8F9549D961198CA"> 
		  <p class="- topic/p ">Encrypt the content by passing the input and
			 output files and encryption options to the 
			 <codeph
			  class="+ topic/ph pr-d/codeph ">MediaEncrypter.encryptContent</codeph> method.
		  </p> 
		</li> 
	 </ol> 
	 <p class="- topic/p ">For sample code demonstrating how to encrypt content,
		see 
		<codeph
		 class="+ topic/ph pr-d/codeph ">com.adobe.flashaccess.samples.mediapackager.EncryptContent</codeph>
		in the Reference Implementation Command Line Tools “samples” directory.
	 </p> 
  </conbody> 
</concept> 
