<?xml version="1.0" encoding="UTF-8"?>
<!DOCTYPE concept PUBLIC "-//OASIS//DTD DITA Concept//EN" "concept.dtd">
<concept id="content-performance-tuning"> 
  <title class="- topic/title ">Performance tuning</title> 
  <conbody> 
	 <p class="- topic/p ">Use the following tips to help to increase
		performance:
	 </p> 
	 <ul class="- topic/ul " id="ul_sry_rjy_n4"> 
		<li class="- topic/li " id="li_EF989305A57C444894858F781D86DD1C"> 
		  <p class="- topic/p ">Using a network HSM can be significantly slower
			 than using a directly-connected HSM.
		  </p> 
		</li> 
		<li class="- topic/li " id="li_C94B5A33ACDF4F48877FAEC3C271B45D"> 
		  <p class="- topic/p ">For improved performance, you can optionally
			 enable native support for cryptographic operations by deploying the
			 platform-specific libraries located in the "thirdparty/cryptoj" folder of the
			 SDK. To enable native support, add the library for your platform (jsafe.dll for
			 Windows or libjsafe.so for Linux) to the path. 
		  </p> 
		  <note class="- topic/note ">If you run multiple web applications in the
			 same Tomcat instance and have 
			 <codeph class="+ topic/ph pr-d/codeph ">jsafe.dll</codeph> on the
			 path, only the first web application that loads is able to load the 
			 <codeph class="+ topic/ph pr-d/codeph ">jsafe.dll</codeph> library.
			 Therefore, only the first web application gets the benefit of the native
			 support. In such cases, to improve the performance of all web applications,
			 place 
			 <codeph class="+ topic/ph pr-d/codeph ">cryptoj.jar 
			 </codeph>outside of the WAR file. For example, in the 
			 <codeph
			  class="+ topic/ph pr-d/codeph ">&lt;tomcat_installation_folder&gt;/lib</codeph>
			 directory.
		  </note> 
		</li> 
		<li class="- topic/li " id="li_BBD531D6F4F6436696591EBFBFF273C7"> 
		  <p class="- topic/p ">A 64-bit operating system, such as the 64-bit
			 version of Red Hat® or Windows, provides much better performance over a 32-bit
			 operating system.
		  </p> 
		</li> 
	 </ul> 
  </conbody> 
</concept> 
