<?xml version="1.0" encoding="UTF-8"?>
<!DOCTYPE concept PUBLIC "-//OASIS//DTD DITA Concept//EN" "concept.dtd">
<concept id="content-upgrading-clients"> 
  <title class="- topic/title ">Upgrading clients</title> 
  <conbody> 
	 <p class="- topic/p ">If an FMRMS 1.x client contacts a Adobe Access
		server, the server needs to prompt the client to upgrade.
	 </p> 
	 <p class="- topic/p "> 
	 <ul class="- topic/ul " id="ul_drh_bjy_n4"> 
		<li class="- topic/li " id="li_F3E6CF931F2C452AA491AF34EC4B2C45"> 
		  <p class="- topic/p ">The request handler class is 
			 <codeph
			  class="+ topic/ph pr-d/codeph ">com.adobe.flashaccess.sdk.protocol.compatibility.FMRMSv1RequestHandler</codeph>.
		  </p> 
		</li> 
		<li class="- topic/li " id="li_547F978F49454B24BF981124FF03D301"> 
		  <p class="- topic/p ">The request URL is "<i
			 class="+ topic/ph hi-d/i ">Base URL from 1.x content</i>" +
			 "/edcws/services/urn:EDCLicenseService"
		  </p> 
		  <p class="- topic/p ">Unlike other Adobe Access request handlers, this
			 handler does not provide access to any request information or require any
			 response data to be set. Create an instance of the 
			 <codeph
			  class="+ topic/ph pr-d/codeph ">FMRMSv1RequestHandler</codeph>, and then call 
			 <codeph class="+ topic/ph pr-d/codeph ">close()</codeph>
		  </p> 
		</li> 
	 </ul> 
	 </p> 
  </conbody> 
</concept> 
