<?xml version="1.0" encoding="UTF-8"?>
<!DOCTYPE concept PUBLIC "-//OASIS//DTD DITA Concept//EN" "concept.dtd">
<concept id="content-implementing-the-license-server"> 
  <title class="- topic/title ">Overview</title> 
  <conbody> 
	 <p class="- topic/p ">In order to issue licenses to clients, you must
		deploy an Adobe Access license server. The license server uses the Adobe®
		Access™ SDK to perform these tasks:
	 </p> 
	 <ul class="- topic/ul " id="ul_wjv_z1y_n4"> 
		<li class="- topic/li " id="li_59F50EECF9E44702BC3B26282D5081D0"> 
		  <p class="- topic/p ">Process authentication requests, if
			 username/password authentication is supported.
		  </p> 
		</li> 
		<li class="- topic/li " id="li_DDE375895A9848E5B463BF843F87FCA3"> 
		  <p class="- topic/p ">Process license requests
		  </p> 
		</li> 
		<li class="- topic/li " id="li_12C5D59240094AF883E3454295C2C98D"> 
		  <p class="- topic/p ">Process Get Server Version requests -- All
			 servers must implement support for this type of request.
		  </p> 
		</li> 
		<li class="- topic/li " id="li_91DFBCFB191C4511A0DCA41FF4F81092"> 
		  <p class="- topic/p ">Process domain registration requests -- Only
			 needed if implementing a domain server.
		  </p> 
		</li> 
		<li class="- topic/li " id="li_2C5162AF7E6D4BF9BEDCCAA3D4A2E361"> 
		  <p class="- topic/p ">Process domain de-registration requests -- Only
			 needed if implementing a domain server.
		  </p> 
		</li> 
		<li class="- topic/li " id="li_C3E502F600EF402187FA44F16169F381"> 
		  <p class="- topic/p ">Process synchronization -- Only needed if
			 licenses specify Sync requirements.
		  </p> 
		</li> 
	 </ul> 
	 <p class="- topic/p ">In addition, the server needs to provide business
		logic for authenticating users, determining if users are authorized to view
		content, and optionally track license usage.
	 </p> 
	 <p class="- topic/p ">For details about the Java API discussed in this
		chapter, see 
		<i class="+ topic/ph hi-d/i ">Adobe Access API Reference</i>.
	 </p> 
  </conbody> 
</concept> 
