<?xml version="1.0" encoding="UTF-8"?>
<!DOCTYPE concept PUBLIC "-//OASIS//DTD DITA Concept//EN" "concept.dtd">
<concept id="content-upgrading-metadata"> 
  <title class="- topic/title ">Upgrading metadata</title> 
  <conbody> 
	 <p class="- topic/p ">If an Adobe Access client encounters content packaged
		with Flash Media Rights Management Server 1.x, it will extract the encryption
		metadata from the content and send it to the server. The server will convert
		the FMRMS 1.x metadata into the Adobe Access format and send it back to the
		client. The client then sends the updated metadata in a standard Adobe Access
		license request. 
	 <ul class="- topic/ul " id="ul_hqv_fjy_n4"> 
		<li class="- topic/li " id="li_F4E34CC1D77D48BBB66DAA7ECFA14C2E"> 
		  <p class="- topic/p ">The request handler class is 
			 <codeph
			  class="+ topic/ph pr-d/codeph ">com.adobe.flashaccess.sdk.protocol.compatibility.FMRMSv1MetadataHandler</codeph>.
		  </p> 
		</li> 
		<li class="- topic/li " id="li_A0DB1282A82449EA8505259EF138B4A5"> 
		  <p class="- topic/p ">The request URL is "<i
			 class="+ topic/ph hi-d/i ">Base URL from 1.x content</i>"
			 +"/flashaccess/headerconversion/v1".
		  </p> 
		</li> 
	 </ul>
	 </p> 
	 <p class="- topic/p ">The metadata conversion could be done on the fly when
		the server receives the old metadata from the client. Alternatively, the server
		could preprocess the old content and store the converted metadata; in this
		case, when the client requests new metadata, the server just needs to fetch the
		new metadata matching the license identifier of the old metadata.
	 </p> 
	 <p class="- topic/p ">To convert metadata, the server must perform the
		following steps:
	 </p> 
	 <ul class="- topic/ul " id="ul_sqv_fjy_n4"> 
		<li class="- topic/li " id="li_7E6237F922F1428DB0A028D66DD82407"> 
		  <p class="- topic/p ">Get 
			 <codeph
			  class="+ topic/ph pr-d/codeph ">LiveCycleKeyMetaData</codeph>. To pre-convert
			 the metadata, 
			 <codeph class="+ topic/ph pr-d/codeph ">LiveCycleKeyMetaData</codeph>
			 can be obtained from a 1.x packaged file using 
			 <codeph
			  class="+ topic/ph pr-d/codeph ">MediaEncrypter.examineEncryptedContent()</codeph>.
			 The metadata is also included in the metadata conversion request (<codeph class="+ topic/ph pr-d/codeph ">FMRMSv1MetadataHandler.getOriginalMetadata()</codeph>).
		  </p> 
		</li> 
		<li class="- topic/li " id="li_FE67DFF7581C4C7E800866DE8B18DDD8"> 
		  <p class="- topic/p ">Get the license identifier from the old metadata,
			 and find the encryption key and policies (this information was originally in
			 the Adobe LiveCycle ES database. The LiveCycle ES policies must be converted to
			 Adobe Access 2.0 policies.) The Reference Implementation includes scripts and
			 sample code for converting the policies and exporting license information from
			 LiveCycle ES.
		  </p> 
		</li> 
		<li class="- topic/li " id="li_A789F78FA6C74EB789F3844BC26669F2"> 
		  <p class="- topic/p ">Fill in the 
			 <codeph class="+ topic/ph pr-d/codeph ">V2KeyParameters</codeph>
			 object (which you retrieve by calling 
			 <codeph
			  class="+ topic/ph pr-d/codeph ">MediaEncrypter.getKeyParameters()</codeph>).
		  </p> 
		</li> 
		<li class="- topic/li " id="li_91BEA3A500A54938B6C11F5C42063534"> 
		  <p class="- topic/p ">Load the 
			 <codeph class="+ topic/ph pr-d/codeph ">SigningCredential</codeph>,
			 which is the packager credential issued by Adobe used to sign encryption
			 metadata. Get the 
			 <codeph class="+ topic/ph pr-d/codeph ">SignatureParameters</codeph>
			 object by calling 
			 <codeph
			  class="+ topic/ph pr-d/codeph ">MediaEncrypter.getSignatureParameters()</codeph>
			 and fill in the signing credential.
		  </p> 
		</li> 
		<li class="- topic/li " id="li_3884901E68F6469A9C2DFC48E2D31A98"> 
		  <p class="- topic/p ">Call 
			 <codeph
			  class="+ topic/ph pr-d/codeph ">MetaDataConverter.convertMetadata()</codeph> to
			 obtain the 
			 <codeph class="+ topic/ph pr-d/codeph ">V2ContentMetaData</codeph>.
		  </p> 
		</li> 
		<li class="- topic/li " id="li_E0AC4DB5E6CE4E9CBBD03B82C9673B3B"> 
		  <p class="- topic/p ">Call 
			 <codeph
			  class="+ topic/ph pr-d/codeph ">V2ContentMetaData.getBytes()</codeph> and store
			 for future use, or call 
			 <codeph
			  class="+ topic/ph pr-d/codeph ">FMRMSv1MetadataHandler.setUpdatedMetadata()</codeph>.
		  </p> 
		</li> 
	 </ul> 
  </conbody> 
</concept> 
