<?xml version="1.0" encoding="UTF-8"?>
<!DOCTYPE concept PUBLIC "-//OASIS//DTD DITA Concept//EN" "concept.dtd">
<concept id="content-min-sec-level-for-drm"> 
  <title class="- topic/title ">Minimum security level for DRM and
	 runtimes</title> 
  <conbody> 
	 <p class="- topic/p ">Specifies the security level required to access
		content. Specified by individual security levels for each component. The
		default security level for DRM/Runtime modules is 10000.
	 </p> 
	 <p class="- topic/p ">Example use case: Certain types of content (for
		example HD video) might require a higher security level than other types.
	 </p> 
  </conbody> 
</concept> 
