<?xml version="1.0" encoding="UTF-8"?>
<!DOCTYPE concept PUBLIC "-//OASIS//DTD DITA Concept//EN" "concept.dtd">
<concept id="content-device-capabilities"> 
  <title class="- topic/title ">Device capabilities required to play protected
	 content</title> 
  <conbody> 
	 <p class="- topic/p ">Specifies the hardware capabilities required to
		access content. Information about the hardware capabilities is available for
		devices that use the porting kit.
	 </p> 
	 <p class="- topic/p ">The device capabilities may be identified by the
		attributes specified in the following table:
	 </p> 
	 <table id="table_v3n_fks_n4"> 
		<tgroup cols="4"> 
		  <tbody> 
			 <row> 
				<entry><b>Attribute</b>
				</entry> 
				<entry><b>Supported Values</b>
				</entry> 
				<entry><b>Match Criteria</b>
				</entry> 
				<entry><b>Description</b>
				</entry> 
			 </row> 
			 <row> 
				<entry colname="1" class="- topic/entry "> 
				  <p class="- topic/p ">Non-user accessible bus
				  </p> 
				</entry> 
				<entry colname="2" class="- topic/entry "> 
				  <p class="- topic/p ">“true” or “false”
				  </p> 
				</entry> 
				<entry colname="3" class="- topic/entry "> 
				  <p class="- topic/p ">Exact Match
				  </p> 
				</entry> 
				<entry colname="4" class="- topic/entry "> 
				  <p class="- topic/p ">If true, device must not have a user
					 accessible bus.
				  </p> 
				</entry> 
			 </row> 
			 <row> 
				<entry colname="1" class="- topic/entry "> 
				  <p class="- topic/p ">Hardware root of trust
				  </p> 
				</entry> 
				<entry colname="2" class="- topic/entry "> 
				  <p class="- topic/p ">“true” or “false”
				  </p> 
				</entry> 
				<entry colname="3" class="- topic/entry "> 
				  <p class="- topic/p ">Exact Macth
				  </p> 
				</entry> 
				<entry colname="4" class="- topic/entry "> 
				  <p class="- topic/p ">If true, device must have a hardware root
					 of trust.
				  </p> 
				</entry> 
			 </row> 
		  </tbody> 
		</tgroup> 
	 </table> 
	 <note class="- topic/note "> This usage rule is supported by Adobe Access
		clients version 2.0.2 and higher. The behavior on older clients depends on the
		minimum client version supported by the license server. See, 
		<xref href="content-setting-up-the-dev-env.xml"
		 class="- topic/xref ">Minimum Client Version</xref>.
	 </note> 
  </conbody> 
</concept> 
