<?xml version="1.0" encoding="UTF-8"?>
<!DOCTYPE concept PUBLIC "-//OASIS//DTD DITA Concept//EN" "concept.dtd">
<concept id="requirements-for-synchronization"> 
  <title class="- topic/title ">Requirements for Synchronization</title> 
  <conbody> 
	 <p class="- topic/p ">Specifies the frequency in which the client will
		synchronize its state with the server. If the client has been issued an
		out-of-band license (without a license server being contacted), usage rules may
		specify that the client must send synchronization messages to the server in
		order to synchronize the client's secure time and report client state to the
		server.
	 </p> 
	 <p class="- topic/p ">The synchronization behavior is defined using the
		following parameters:
	 <ul class="- topic/ul " id="ul_dk4_5gs_n4"> 
		<li class="- topic/li " id="li_DC8CD6BFBE30451B879103A02BCC1AF2"> 
		  <p class="- topic/p ">Start Interval — Specifies how long to wait after
			 the last successful synchronization to start another synchronization request.
		  </p> 
		</li> 
		<li class="- topic/li " id="li_3769EA2117724973A1800A9397753662"> 
		  <p class="- topic/p ">Hard Stop Interval — (Optional). Disallow
			 playback if a successful synchronization has not occurred in the specified
			 amount of time.
		  </p> 
		</li> 
		<li class="- topic/li " id="li_A7E9CD138D744C9393CB1B1AC4F33D71"> 
		  <p class="- topic/p ">Force Sync Probability — (Optional). Probability
			 with which the client should send a synchronize message before the next start
			 interval.
		  </p> 
		</li> 
	 </ul>
	 </p> 
	 <note class="- topic/note "> This usage rule is supported by Adobe Access
		clients version 3.0 and higher. The behavior on older clients depends on the
		minimum client version supported by the license server. See, 
		<xref href="content-minimum-client-version.xml"
		class="- topic/xref ">Minimum Client Version</xref>.
	 </note> 
  </conbody> 
</concept> 
