<?xml version="1.0" encoding="UTF-8"?>
<!DOCTYPE concept PUBLIC "-//OASIS//DTD DITA Concept//EN" "concept.dtd">
<concept id="concept_nsx_lhl_g5"> 
  <title>About ECI Files</title> 
  <conbody> 
	 <p>In addition to the CRLs, you also need to periodically update Embedded
		Common Interface (ECI) files. Whenever Adobe adds support for a new Primetime
		DRM client platform (for example: iOS, Android, Windows FlashPlayer, etc.), a
		new ECI record is created. In order to support the individualization of this
		client, a corresponding ECI record needs to be present on the Individualization
		Server. 
	 </p> 
	 <p>Since the release of new Primetime DRM clients is not very frequent,
		Adobe will be releasing updated ECI data on an as needed basis. Periodically,
		Adobe will collect ECI files and host them to the location below for
		distribution: 
	 <pre>http://cdmdownload.adobe.com/indiv/onprem/eci/Latest.txt</pre> 
	 </p> 
	 <p>The 
		<filepath>Latest.txt</filepath> file will contain the URL to the most
		recent CRL distribution file. 
	 </p> 
	 <p>Adobe will create the ECI zip file in the manner described below: 
	 </p> 
	 <p>Folder Structure: 
	 <pre>ECI\*</pre> 
	 </p> 
	 <p>The contents of the folder will be zipped up recursively: 
	 <pre>zip -R ECI ECI.zip</pre> 
	 </p> 
	 <p>An OpenSSL SHA-­‐256 digest will be calculated of the zip file: 
	 <pre>openssl dgst -sha256 -hex ECI.zip</pre> 
	 </p> 
	 <p>The zip file will be renamed to contain the archive date as well as the
		SHA-256 digest: 
	 <pre>Rename ECI.zip to &lt;DATE_SHA-256&gt;.zip</pre> 
	 </p> 
	 <p>For example: 
	 <pre>20150310_aea45bf06241f04fba2b310ff9a8066c6aba73c8d22387b60509481e9cefc43e.zip</pre> 
	 </p> 
	 <p>You should periodically check the location above for updated ECI files. 
	 </p> 
	 <p>Perform the following process for installation after download: 
	 <ol id="ol_vns_4lg_jr"> 
		<li id="li_ED0C7905ED404D5FA7D13297905A3BD8">Note the SHA-256 digest and
		  recalculate it using OpenSSL or an equivalent tool. 
		</li> 
		<li id="li_0F9F588F8A794787B1FEB6813734B85C">Compare it to the one
		  specified in the file name. 
		</li> 
		<li id="li_93C8A86C4C654CEE8D6F3FA47E909AE8">Rename the file to 
		  <filepath>ECI.zip</filepath>. 
		</li> 
		<li id="li_BC76065072B64FBFB2C08A19DBE675F1">Unzip the 
		  <filepath>ECI</filepath> directory. 
		</li> 
		<li id="li_2376BAF8E242474A82E9B3171CB0BC99">Replace the old ECI
		  directory with the new one. 
		</li> 
		<li id="li_D7F5D9571E0345E0ACA22EDC1D2604B5">Restart the
		  Individualization server. 
		</li> 
	 </ol> 
	 </p> 
  </conbody> 
</concept> 
