<?xml version="1.0" encoding="UTF-8"?>
<!DOCTYPE concept PUBLIC "-//OASIS//DTD DITA Concept//EN" "concept.dtd">
<concept id="concept_u3w_hkg_jr"> 
  <title>About CRL Files</title> 
  <conbody> 
	 <p>In order to properly function, Individualization and License servers
		need to have several Certificate Revocation List (CRL) files cached to disk on
		the running application server (e.g., Tomcat). New CRL files have to be
		downloaded and cached on disk on a regularly scheduled basis. If the validity
		period of CRL files on disk are allowed to lapse, the Individualization Server
		will refuse to individualize clients, and the License Server will refuse to
		issue licenses. 
	 </p> 
	 <p>The CRLs cached to disk must have file names that match the
		corresponding URLs. Special characters such as colons ':' and '/' slashes are
		converted to underscores '_' in the file names. 
	 </p> 
	 <p>The following is a list of externally hosted CRLs that are used by both
		the Individualization and License Servers:
	 </p> 
	 <ul id="ul_eqp_4kg_jr"> 
		<li id="li_6C399C82A26A47C19741470D555319BD"><b>Intermediate CRL:</b> 
		  <ul id="ul_wzn_mgl_g5"> 
			 <li id="li_A9313AD2A3144E1B8FD3E98731365594">URL: 
				<filepath>http://crl2.adobe.com/Adobe/FlashAccessIntermediateCA.crl
				  
				</filepath>
			 </li> 
			 <li id="li_D2F8A3DA2F8A48E898A98793969A024B">File: 
				<filepath>http___crl2.adobe.com_Adobe_FlashAccessIntermediateCA.crl
				  
				</filepath>
			 </li> 
			 <li id="li_5206407056BE4AC4A0D2DADD72FDE59C">Validity: Good for
				approximately 12 months from creation 
			 </li> 
		  </ul>
		</li> 
		<li id="li_E3EEC807FA7443E8B99E1B68125F37D8"><b>Root CRL:</b> 
		  <ul id="ul_jk1_pgl_g5"> 
			 <li id="li_9CB6E3C8D984488D92C1ECF8A2D6810C">URL: 
				<filepath>http://crl2.adobe.com/Adobe/FlashAccessRootCA.crl</filepath>
				
			 </li> 
			 <li id="li_91356224DC0447A4BF1C3F67037844CF">File: 
				<filepath>http___crl2.adobe.com_Adobe_FlashAccessRootCA.crl</filepath>
				
			 </li> 
			 <li id="li_6ED962B49C61488FA9FFCBB43D44CEDA">Validity: Good for
				approximately 5 years from creation 
			 </li> 
		  </ul>
		</li> 
		<li id="li_82482F7CE50C454788D0BC5415290CF1"><b>Latest CRL:</b> 
		  <ul id="ul_uqc_qgl_g5"> 
			 <li id="li_4AAE858A92234807B10790DC9D8E6C39">URL: 
				<filepath>http://crl3.adobe.com/AdobeSystemsIncorporatedFlashAccessRuntime/LatestCRL.crl
				  
				</filepath>
			 </li> 
			 <li id="li_2BA120AAE25B47C8A24FEF32BB5F0C6A">File: 
				<filepath>http___crl3.adobe.com_AdobeSystemsIncorporatedFlashAccessRuntime_LatestCRL.crl</filepath>
				
			 </li> 
			 <li id="li_6CC5B2CB719642D7803925F5531122A7">Validity: Good for
				approximately 3 months from creation
			 </li> 
		  </ul>
		</li> 
	 </ul> 
	 <p>The following are externally hosted CRLs that are used only by the
		License Servers: 
	 <ul id="ul_gmk_z4w_kr"> 
		<li id="li_05765F537E6447FC8E96AA36A7571C19">URL: 
		  <filepath>http://crl2.adobe.com/Adobe/FlashAccessIndividualizationCA.crl</filepath>
		</li> 
		<li id="li_B7809C0EBF7F42F5AAE334C6B4E70FA0">File: 
		  <filepath>http___crl2.adobe.com_Adobe_FlashAccessIndividualizationCA.crl</filepath>
		</li> 
		<li id="li_BB8B73CE042D4508BE709DB4B16A029B">Validity: Good for
		  approximately 3 months from creation
		</li> 
	 </ul>
	 <ul id="ul_jbx_skr_fw"> 
		<li id="li_F5B3C5B8EE8049508EDB34423EA7CD9F">URL: 
		  <filepath>http://individualization-crl.primetime.adobe.com/FlashAccessIndividualizationCA.crl</filepath>
		</li> 
		<li id="li_7ACB08E92DED4741A48F7C2C3BF2E146">File: 
		  <filepath>http___individualization-crl.primetime.adobe.com_FlashAccessIndividualizationCA.crl</filepath>
		</li> 
		<li id="li_7135AF281B7B48068B4BEA51131EC8B2">Validity: Good for
		  approximately 3 months from creation
		</li> 
	 </ul>
	 <ul id="ul_umt_5kr_fw"> 
		<li id="li_86E4595DE09D453A99FA55F9DC1F1B8C">URL: 
		  <filepath>http://individualization-crl.s3-website-us-east-1.amazonaws.com/FlashAccessIndividualizationCA.crl</filepath>
		</li> 
		<li id="li_E391D54787744E94BFDDEE6A6FACA45D">File: 
		  <filepath>http___individualization-crl.s3-website-us-east-1.amazonaws.com_FlashAccessIndividualizationCA.crl</filepath>
		</li> 
		<li id="li_DF1C804407454DE08422F004457F4EC4">Validity: Good for
		  approximately 3 months from creation
		</li> 
	 </ul>
	 </p> 
	 <p>In addition to the aforementioned CRLs, you must create and maintain an
		additional CRL. This is the Individualization CA CRL, as specified in the 
		<xref href="create-i15n-ca-crl.xml" format="xml"
		 scope="peer">Create Individualization CA CRL 
		</xref> section of this document. 
	 </p> 
	 <p>CRLs are scheduled to be updated 45 days before they are to expire. This
		should allow you adequate time to acquire and install newly generated CRLs from
		the Internet. You must take care to update CRL files before they are expired. 
	 </p> 
  </conbody> 
</concept> 
