<?xml version="1.0" encoding="UTF-8"?>
<!DOCTYPE task PUBLIC "-//OASIS//DTD DITA Task//EN" "task.dtd">
<task id="t_drm_on_prem_i15n_apply-props-to-envs"> 
  <title>Apply properties to server environments</title> 
  <shortdesc>You must configure server properties to reflect your environment.
	 You can do this using any of the following:
  </shortdesc> 
  <taskbody> 
	 <context id="context_C9A84495279A4286B951F98ECF6D4998"> 
		<ul id="ul_8B5853528D4345C5999851B0D966922B">
		  <li
			id="li_30034CA39DBD4A63BF916918E8F1256C"><filepath>flashaccess-i15n.properties</filepath>
			 - Samples included in each of the 
			 <filepath>.war</filepath> files
		  </li> 
		  <li
			id="li_1A435AA506AD426B9875FD3172991FEF"><filepath>AdobeInitial.properties</filepath>
			 - Sample located in the 
			 <filepath>/shared</filepath> folder on the DVD
			 <p>You can use this file to override the properties set in the WAR
				file as follows: 
			 <ol id="ul_yx2_lpz_3r"> 
				<li id="li_3AF9E16B4A27499F9F1056681499D362">Set the overriding
				  property values in 
				  <filepath>AdobeInitial.properties</filepath>
				</li> 
				<li id="li_1A049B37CD744CA09A152376C2BE91FD">Place 
				  <filepath>AdobeInitial.properties</filepath> on the classpath.
				</li> 
			 </ol>
			 </p>
			 <note>Adobe recommends that you make use of the 
				<filepath>AdobeInitial.properties</filepath> file, since this
				allows you to update your application WAR files without risking the loss of any
				previous property configuration setup you may have done in the 
				<filepath>flashaccess-i15n.properties</filepath> file. 
			 </note>
		  </li> 
		  <li id="li_11646C3DBC8143E8A5A488D6B98F935F">The Java System property
			 mechanism.
		  </li>
		</ul>
		<p>You can apply individual properties to these specific server
		  environments:
		<ul id="ul_rgk_pgb_f5"> 
		  <li id="li_F13894CBA6324BAD9D357186615307B7"><i>Development</i>
		  </li> 
		  <li id="li_213B3B5F15BD4C0582CFD24684586B66"><i>Staging</i>
		  </li> 
		  <li id="li_F723D6B557C64A458B6E884F5056B4D9"><i>Production</i>
		  </li> 
		</ul>With this capability, you can use the same WAR file for all server
		environments. To apply properties to specific environments, do the following:
		</p> 
	 </context> 
	 <steps id="steps_C4571ED1726649948E86BA3241A3AD2E"> 
		<step id="step_BD669DCD50534B2A991E6F8AFC1151F5"> 
		  <cmd>Append two underscore characters ('<codeph>__</codeph>') plus one
			 of the following environment codes to the property 
			 <i>name</i>:
		  </cmd> 
		  <info> 
			 <ul id="ul_uhs_f41_f5"> 
				<li id="li_B6DA6C59F1AF4B6D906A2FF7A3EFEE4A"><codeph>DEV</codeph> 
				</li> 
				<li id="li_2E4DC7BE0ACB4D3AB1D840C337776629"><codeph>STAGE</codeph>
				</li> 
				<li id="li_433F360EBFDF473D8470D5BC44B083C8"><codeph>PROD</codeph>
				</li> 
			 </ul> 
		  </info> 
		</step> 
	 </steps> 
	 <example id="example_A7A58E3EE8DA4114B4F7A9EEB69D50CA"> 
		<p>For example, to set the log level to 
		  <codeph>INFO</codeph> for your production and staging servers, and to 
		  <codeph>DEBUG</codeph> for your development server: 
		  <codeblock>log.Level=INFO 
log.Level__DEV=DEBUG </codeblock>
		</p> 
	 </example> 
	 <postreq id="postreq_9AAAA591230242A3A4BFC6F1A431776B">

		<p>The server employs this search order for properties: 
		<ol id="ol_vbc_tpz_3r"> 
		  <li
			id="li_B041E149045E4342A71C94D6FDD8A8CF"><codeph>propertyname_environment</codeph>
			 in 
			 <filepath>AdobeInitial.properties</filepath> 
		  </li> 
		  <li
			id="li_DB057A0F65D745A4ADB4E40904E94CD5"><codeph>propertyname_environment</codeph>
			 in 
			 <filepath>flashaccess-15n.properties</filepath> 
		  </li> 
		  <li
			id="li_4A12D59597C44C36B4F1B4F8EB4FB3E8"><codeph>propertyname_environment</codeph>
			 in Java System properties 
		  </li> 
		  <li
			id="li_E30FCC41C3A844D399892FED6EB0C356"><codeph>propertyname</codeph> in 
			 <filepath>AdobeInitial.properties</filepath> 
		  </li> 
		  <li
			id="li_E402CFE9B6BA446DBBEED1D2AB02C70F"><codeph>propertyname</codeph> in 
			 <filepath>flashaccess-15n.properties</filepath> 
		  </li> 
		  <li
			id="li_42ADE2C9ABAA4153BE1B6492F01F011D"><codeph>propertyname</codeph> in Java
			 System properties 
		  </li> 
		</ol>
		</p> 
		<note>You must specify the server’s environment name as a Java System
		  property when starting the server. For example, when starting Tomcat with 
		  <filepath>catalina.bat</filepath>, set the 
		  <codeph>CATALINA_OPTS</codeph> environment variable as follows: 
		  <codeblock>-DENVIRONMENT_NAME=[ DEV | STAGE | PROD ]</codeblock>
		</note> 
	 </postreq> 
  </taskbody> 
</task> 
