<?xml version="1.0" encoding="UTF-8"?>
<!DOCTYPE concept PUBLIC "-//OASIS//DTD DITA Concept//EN" "concept.dtd">
<concept id="concept_rvr_ftg_jr"> 
  <title>Client Integration</title> 
  <conbody> 
	 <p>In order to direct the client into individualizing against the On
		Premises Individualization server (as opposed to the Adobe Hosted Global
		Individualization Server), the client should utilize the previously created On
		Premises DRM Metadata. Having an un-individualized client perform a license
		acquisition or initialize DRM, using the special metadata, will result in the
		client connecting to the custom Individualization Server URL. 
	 </p> 
	 <p>A sample code snippet is included in the 
		<filepath>client_sample</filepath> folder.
	 </p> 
  </conbody> 
</concept> 
