<?xml version="1.0" encoding="UTF-8"?>
<!DOCTYPE concept PUBLIC "-//OASIS//DTD DITA Concept//EN" "concept.dtd">
<concept id="concept_btg_cjz_3r"> 
  <title>Code Delivery / Package Contents</title> 
  <conbody> 
	 <p>The Adobe Primetime DRM On Premises Individualization Server package
		contains the following: 
	 </p> 
	 <ul id="ul_c13_vjz_3r"> 
		<li
		 id="li_A9665DC290D34229A7F05F6B37EDA638"><filepath>flashaccess.war</filepath> -
		  The Individualization Server 
		</li> 
		<li
		 id="li_15E39CEBA83944BBBC16C36EA7B76B22"><filepath>flashaccess-kgs.war</filepath>
		  - The optional Key Generation Server 
		</li> 
		<li id="li_604A8460A8C3490A9D23B3A8320B3952"><filepath>/shared</filepath>
		  - Contains: 
		  <ul id="ul_zc3_vt5_c5"> 
			 <li
			  id="li_5D3B3FA8C72240688052E65CFA11D1B0"><filepath>adobe-flashaccess-certs.jar</filepath>
				
			 </li> 
			 <li
			  id="li_1FD68D30AE624A08B2D37BA1BD5CD9CA"><filepath>AdobeInitial.properties</filepath>
				- Sample properties file 
			 </li> 
		  </ul> 
		</li> 
		<li
		 id="li_1BAD5FE62DF64DE8AA5E07BE4428AB81"><filepath>thirdparty/</filepath> -
		  Includes Crypto-J support as native libraries: 
		  <ul id="ul_cwb_455_c5"> 
			 <li
			  id="li_F86703ADE7D24F57815EFA47787F3B33"><filepath>libjsafe.so</filepath>
				(Linux) 
			 </li> 
			 <li
			  id="li_A15A2123D84C4F7C83362BEC9B6D280F"><filepath>jsafe.dll</filepath>
				(Windows) 
			 </li> 
		  </ul> 
		</li> 
		<li
		 id="li_E843E744E9964E20A224FBC66D93A3AF"><filepath>adobe-flashaccess-i15n-setup.jar</filepath>
		  - A utility for encrypting server credential passwords 
		</li> 
		<li id="li_0455C75C91A44F2F8B07CA764DB9D61F"><filepath>ROOT</filepath> -
		  contains a 
		  <filepath>crossdomain.xml</filepath> file 
		</li> 
		<li id="li_C38788FC16BB4768B9B7706145ED8C70">ECI cache files -
		  Pre-downloaded 
		</li> 
		<li
		 id="li_E0B2F64ED18C44DDB64168C62BD70403"><filepath>addIndivCert.py</filepath> -
		  A script for updating a License Server’s root of trust to support On Premises
		  individualizations 
		</li> 
		<li
		 id="li_129EAE5D90394B8ABD87C939AAD483AA"><filepath>CreateMetadata.jar</filepath>
		  - A utility for creating On Premises DRM Metadata 
		</li> 
		<li
		 id="li_9A6CB169476E4DEC86063C089840D3E1"><filepath>client_sample/</filepath> -
		  A folder with a client code snippet 
		</li> 
		<li id="li_1FCD5502CAC74C94B36579C1CD88B669">Release Notes - For any last
		  minute additions to the documentation 
		</li> 
	 </ul> 
  </conbody> 
</concept> 
