<?xml version="1.0" encoding="UTF-8"?>
<!DOCTYPE task PUBLIC "-//OASIS//DTD DITA Task//EN" "task.dtd">
<task id="t_drm_on_prem_i15n_configure-path-classpath"> 
  <title>Configure the Path and Classpath</title> 
  <taskbody> 
	 <context id="context_90B20A7C6D1E4B7ABA12DADC6520FE9D"> 
		<p>The 
		  <filepath>flashaccess.war</filepath> contains 
		  <filepath>jsafeWithNative.jar</filepath>, which is the Crypto-J
		  library. The latter requires an additional native library to perform crypto
		  operations. 
		</p> 
	 </context> 
	 <steps id="steps_B3AA71303BD240DDAEF63654B2EAC9D0"> 
		<step id="step_FDBBBF20C0844542BEFC2F11B497128C"> 
		  <cmd>Add the native 
			 <filepath>jsafe</filepath> library to your path. 
		  </cmd> 
		  <choices id="choices_kfs_c3f_jr"> 
			 <choice id="choice_AB15962BFB3649BB9AEC3E115E65BC60"><b>Linux / 
				  <filepath>libjsafe.so</filepath> -</b> The directory containing 
				<filepath>libjsafe.so</filepath> must be on the Path (native
				Crypto-J libraries are also available for other platforms). For example, set 
				<filepath>libjsafe.so</filepath> on 
				<codeph>LD_LIBRARY_PATH</codeph>. 
			 </choice> 
			 <choice id="choice_EDDC672A3F474B6696B2CB30895F70DE"><b>Windows / 
				  <filepath>jsafe.dll</filepath> -</b> The counterpart on Windows
				to 
				<filepath>libjsafe.so</filepath> is the appropriate 
				<filepath>jsafe.dll</filepath>. 
			 </choice> 
		  </choices> 
		  <info>These libraries are available to you in the 
			 <filepath>thirdparty</filepath> library folder. 
		  </info> 
		</step> 
		<step id="step_319F8C0EDFF24707A9D6400592058172"> 
		  <cmd>Put one of the 
			 <filepath>adobe-flashaccess-certs</filepath> jar files on the
			 classpath. 
		  </cmd> 
		  <info>This JAR file is not included in the WAR file; you must add it
			 explicitly to the classpath. 
			 <ul id="ul_myk_5vk_g5"> 
				<li id="li_4C252B461A4448359EE7A53823875AE6">Development servers -
				  Should only use 
				  <filepath>adobe-flashaccess-certs-prerelease.jar</filepath>. 
				</li> 
				<li id="li_F73477074E1D43048BA8F2A60FD9CF45">Production servers -
				  Should only use 
				  <filepath>adobe-flashaccess- certs.jar</filepath>
				</li> 
			 </ul>. 
		  </info> 
		</step> 
	 </steps> 
	 <result id="result_DE9549C5CA4C4E17BCEA08EB0D21C8A0"> 
		<p>The distribution includes a 
		  <filepath>shared</filepath> folder that includes both the jar file as
		  well as a pre-configured 
		  <filepath>AdobeInitial.properties</filepath> file. Adobe recommends
		  that you add these items to the 
		  <codeph>common.loader</codeph> via the 
		  <filepath>catalina.properties</filepath> file. For example: 
		  <codeblock>common.loader=&lt;Any Pre-Existing Values&gt;,${catalina.home}/shared/classes,${catalina.home}/shared/lib/*.jar</codeblock> 
		</p> 
	 </result> 
  </taskbody> 
</task> 
