<?xml version="1.0" encoding="UTF-8"?>
<!DOCTYPE task PUBLIC "-//OASIS//DTD DITA Task//EN" "task.dtd">
<task id="task_hhg_3hg_jr"> 
  <title>Configure Tomcat</title> 
  <taskbody> 
	 <context id="context_2F63C075D6C44E05A603B8117B6C26D5"> 
		<p>On the Individualization server, modify Tomcat’s 
		  <filepath>conf/server.xml</filepath> file to include additional
		  information in the access log. You can use this information for reporting
		  purposes.
		</p> 
	 </context> 
	 <steps id="steps_5A65844D75594130927CFD87E940679F"> 
		<step id="step_F0735DDE1D1942299B62F5F7B480F329"> 
		  <cmd>Locate the configuration for the 
			 <codeph>AccessLogValve</codeph> in 
			 <filepath>server.xml</filepath> and modify the pattern as shown here:
		  </cmd> 
		  <info> 
			 <codeblock>&lt;Valve className="org.apache.catalina.valves.AccessLogValve"
directory="logs" prefix="localhost_access_log." suffix=".txt"
pattern="%h %{x-forwarded-for}i %l %u %t &amp;quot;%r&amp;quot; %s %b
%{request-id}r" resolveHosts="false"/&gt;</codeblock> 
			 <p><codeph>%{x-forwarded-for}i</codeph> will record the value of the 
				<codeph>x-forwarded-for</codeph> header. If you use an Apache
				reverse proxy to forward requests to the Tomcat server, this header will
				contain the original client's IP address, whereas 
				<codeph>%h</codeph> records the Apache server’s IP address. 
				<codeph>%{request-id}r</codeph> will record the request identifier,
				which corresponds to the request ID contained in the Individualization
				application log.
			 </p> 
		  </info> 
		</step> 
		<step id="step_285F42F7AB8A479E8073A25289417442"> 
		  <cmd>Edit 
			 <filepath>conf/server.xml</filepath> and set the 
			 <codeph>unpackwars</codeph> property to false.
		  </cmd> 
		  <info>For both the Individualization and Key Generation servers, it is
			 a good idea to edit 
			 <filepath>conf/server.xml</filepath> and set the 
			 <codeph>unpackwars</codeph> property to 
			 <codeph>false</codeph>. Otherwise, when you update the WARs, you may
			 have to clean out the unpacked WAR folders as well.
		  </info> 
		</step> 
	 </steps> 
	 <postreq id="postreq_B1DF5015EA3046408540210085E8CFF6">

		<note>Future DRM clients will require you to enable and configure the
		  CORS (Cross-Origin Resource Sharing) filter that is available for Tomcat.
		  Currently, no DRM clients have this requirement.
		</note> 
	 </postreq> 
  </taskbody> 
</task> 
