<?xml version="1.0" encoding="UTF-8"?>
<!DOCTYPE task PUBLIC "-//OASIS//DTD DITA Task//EN" "task.dtd">
<task id="t_drm_on_prem_i15n_create-i15n-ca-crl"> 
  <title>Create Individualization CA CRL</title> 
  <taskbody> 
	 <context id="context_981A256C7C8C4F269517047B907BBC5B"> 
		<p>This Certificate Revocation List (CRL) distribution point is included
		  within each machine certificate issued by the individualization server. During
		  machine certificate validation on the license server, this CRL will be
		  downloaded from the distribution point listed in the certificate (or read from
		  the cache if already downloaded) and checked to be sure the certificate has not
		  been revoked. 
		</p> 
		<note>To set the URL for the CRL distribution point, you will need to set
		  the 
		  <filepath>AdobeInitial.properties</filepath> 
		  <codeph>cert.machine.crldp</codeph> field. This distribution point is 
		  <i>not</i> checked by Primetime DRM for validity. You must verify that
		  this URL is valid. Errors resulting from an invalid URL will not become
		  apparent until validation errors appear from the license server. 
		</note> 
		<p>Outlined below are simplified, sample instructions for using OpenSSL
		  to create CRLs that your license server can consume. Adobe recommends that you
		  perform these steps in a secure fashion and environment, once a Production
		  Individualization CA credential has been obtained. 
		</p> 
	 </context> 
	 <steps id="steps_2FC7922765E04EAB91AF448D98D8F169"> 
		<step id="step_2AD8ACC5E74B4DE486F9B9EC742C791C"> 
		  <cmd>Change the working directory to the 
			 <filepath>create_crl</filepath> directory included in this
			 distribution. 
		  </cmd> 
		</step> 
		<step id="step_509B57881B0A404FABA12D8B67AF7A41"> 
		  <cmd>Copy your Individualization CA 
			 <filepath>pfx</filepath> to the same 
			 <filepath>create_crl</filepath> directory. 
		  </cmd> 
		  <info>The subsequent steps assume that the Individualization CA pfx is
			 named 
			 <filepath>i15n.pfx</filepath>. Adjust as appropriate for your setup. 
		  </info> 
		</step> 
		<step id="step_CC181B1ECEB242729EDFB753D6BEC103"> 
		  <cmd>Extract the Individualization CA 
			 <filepath>pfx</filepath> file’s private key. 
		  </cmd> 
		  <info> 
			 <codeblock>openssl pkcs12 -ini15n.pfx -nocerts -out i15n_priv.pem</codeblock> 
		  </info> 
		</step> 
		<step id="step_47F6507DEB32480C92A23B82F93D82DC"> 
		  <cmd>Convert the private key to 
			 <filepath>pksc8</filepath> format. 
		  </cmd> 
		  <info> 
			 <codeblock>openssl pkcs8 -topk8 -in i15n_priv.pem -inform pem -out i15n_pk8.pem -outform pem -nocrypt</codeblock> 
		  </info> 
		</step> 
		<step id="step_A2FCE5832FE142F989FB00BE266FBB1E"> 
		  <cmd>Generate the CRL.
		  </cmd> 
		  <info> 
			 <codeblock>openssl ca -keyform pem -keyfile ./i15n_pk8.pem -cert i15n.pem -gencrl 
  -out onprem-individualization -ca.crl</codeblock> 
			 <p>This example creates a CRL with a default 1 month validity period.
				Use the 
				<codeph>-crldays</codeph> and 
				<codeph>-crlhours</codeph> options to override the default values. 
			 </p> 
			 <p>Generating a CRL uses the 
				<filepath>index</filepath> and 
				<filepath>crlnumber</filepath> file pointed to in your 
				<filepath>openssl.conf</filepath>. By default, the 
				<filepath>demoCA</filepath> location in the working directory is
				used. Sample 
				<filepath>index</filepath> and 
				<filepath>crlnumber</filepath> files are included in the supplied 
				<filepath>demoCA</filepath> directory. 
			 </p> 
		  </info> 
		</step> 
		<step id="step_F877B029622D42148C1FA48BEDFC92E9"> 
		  <cmd>Deploy the CRL file generated in the previous step to a suitable
			 location that is reachable by the license server (for example:
			 individualization server 
			 <filepath>ROOT</filepath>). 
		  </cmd> 
		</step> 
		<step id="step_BDA502B6ED23454A9A1224D949B76E09"> 
		  <cmd>Restart the license server, once the CRL is in place. 
		  </cmd> 
		</step> 
	 </steps> 
  </taskbody> 
</task> 
