<?xml version="1.0" encoding="UTF-8"?>
<!DOCTYPE task PUBLIC "-//OASIS//DTD DITA Task//EN" "task.dtd">
<task id="t_drm_on_prem_i15n_deploy-war-files"> 
  <title>Deploy the WAR files</title> 
  <taskbody> 
	 <steps id="steps_6F27D0D030AF42B0908C8C4A9FB24690"> 
		<step id="step_D0A26BFBB4AA42D1855C9CFC270ADDE6"> 
		  <cmd>Copy the WAR file to Tomcat’s 
			 <filepath>webapps</filepath> directory. 
		  </cmd> 
		  <info> 
			 <ul id="ul_fdh_fjg_jr"> 
				<li id="li_2BBAB8E481FC4B6093E1A37D8EEA5458">Individualization
				  Server: 
				  <filepath>flashaccess.war</filepath> 
				</li> 
				<li id="li_12671A14D2FE4CE8B2718BA68BA87AD5">Key Generation Server:
				  
				  <filepath>flashaccess-kgs.war</filepath> 
				</li> 
			 </ul> 
		  </info> 
		</step> 
		<step id="step_CDF89AD3853141038D0182F8D6BE8811"> 
		  <cmd>Copy the 
			 <filepath>ROOT</filepath> folder from the package provided by Adobe
			 to the 
			 <filepath>webapps</filepath> directory. 
		  </cmd> 
		  <info> 
			 <p>The Individualization server also needs to host the 
				<filepath>crossdomain.xml</filepath> file. (The 
				<filepath>ROOT</filepath> folder contains the 
				<filepath>crossdomain.xml</filepath> file; 
				<filepath>ROOT</filepath> must be in all caps.) The Key Generation
				server does not require this file. 
			 </p> 
		  </info> 
		</step> 
	 </steps> 
  </taskbody> 
</task> 
