<?xml version="1.0" encoding="UTF-8"?>
<!DOCTYPE task PUBLIC "-//OASIS//DTD DITA Task//EN" "task.dtd">
<task id="t_drm_on_prem_i15n_encrypt-passwords"> 
  <title>Encrypt Passwords</title> 
  <taskbody> 
	 <context id="context_79DF46066863439C972C9844832C2777"> 
		<p>The properties files include several password values that you should
		  not enter as plain text. Encrypt these values using the following command: 
		</p> 
	 </context> 
	 <steps id="steps_915EB845157C4F0A95D997C52170EF7D"> 
		<step id="step_CCFC0CC59B0C4A93B941E504B35A4ACF"> 
		  <cmd><codeph>java -jar adobe-flashaccess-i15n-setup.jar password 
			 </codeph>
		  </cmd> 
		</step> 
	 </steps> 
	 <result id="result_7EEA23D151834534A9DD257A8A28A367"> 
		<p>This command will output an encrypted password, which you then use in
		  the properties files. 
		  <note>This is not the utility used for encrypting License Server
			 passwords.
		  </note>
		</p> 
	 </result> 
  </taskbody> 
</task> 
