<?xml version="1.0" encoding="UTF-8"?>
<!DOCTYPE concept PUBLIC "-//OASIS//DTD DITA Concept//EN" "concept.dtd">
<concept id="concept_tcz_q5g_jr"> 
  <title>FAQ</title> 
  <conbody> 
	 <p> 
	 <ul id="ul_rlc_v5g_jr"> 
		<li id="li_FC10D7DBC4F2459685CBF8CB2B530D95"><i>How often do ECI changes
			 occur? 
		  </i>
		  <p>Anytime a new Adobe DRM client is released, an ECI device record is
			 added.
		  </p> 
		</li> 
		<li id="li_F46415A57AC54534947F0F04E99B5207"><i>How large are ECI
			 files?</i> 
		  <p>They are typically less than 1 Kilobyte per device record.
		  </p> 
		</li> 
		<li id="li_37A1A432EAB14DE2ACE8E1CE97D49C98"><i>What happens if the
			 server is missing an ECI device record? 
		  </i>
		  <p>That particular class of clients will not be able to individualize
			 against the On Premises Individualization Server and errors will be logged to
			 the log files.
		  </p> 
		</li> 
		<li id="li_71388A4008984814BE9368FD5408C77E"><i>What happens if a
			 server’s CRLs are expired? 
		  </i>
		  <p>The server will stop functioning correctly and errors will be logged
			 to the log files.
		  </p>
		</li> 
	 </ul> 
	 </p> 
  </conbody> 
</concept> 
