<?xml version="1.0" encoding="UTF-8"?>
<!DOCTYPE concept PUBLIC "-//OASIS//DTD DITA Concept//EN" "concept.dtd">
<concept id="concept_jgr_pjg_jr"> 
  <title>Firewall Rules</title> 
  <conbody> 
	 <p>To secure access to the Individualization server, only certain
		application paths need to be exposed. The Individualization server must accept
		requests from clients to these paths:
	 <ul id="ul_b4m_ckg_jr"> 
		<li
		 id="li_B0649844D47B4659A2861772EE28FDAA"><filepath>/flashaccess/i15n/*</filepath>
		</li> 
		<li
		 id="li_38CD5B59C8174E57A0C108F1572D2CDA"><filepath>/flashaccess/status</filepath>
		</li> 
		<li
		 id="li_D6C62842043848A9BDDBA4057CE6AE61"><filepath>/crossdomain.xml</filepath>
		</li> 
	 </ul>
	 </p> 
	 <p>Service paths, such as 
		<filepath>/flashaccess/admin/*</filepath> (i.e., status and admin pages)
		must only be accessible from within the firewall. No parts of the Key
		Generation Server should be accessed from outside the firewall.
	 </p> 
  </conbody> 
</concept> 
