<?xml version="1.0" encoding="UTF-8"?>
<!DOCTYPE task PUBLIC "-//OASIS//DTD DITA Task//EN" "task.dtd">
<task id="task_k41_1qg_jr"> 
  <title>Generate the On Premises DRM Metadata</title> 
  <taskbody> 
	 <context id="context_4400375402894516BB9B0D7FD4711380"> 
		<p>A 
		  <filepath>CreateMetadata.jar</filepath> utility is included in the 
		  <filepath>create_metadata</filepath> folder. The point of this utility
		  is to create an On Premises DRM Metadata that will initiate the client into
		  performing the individualization process against the specified On Premises
		  Individualization Server. 
		</p> 
	 </context> 
	 <steps id="steps_E42CA76D40794EFAB2CD7BF3533FE0C9"> 
		<step id="step_407F3B6382324C01AD0C88450ED90DC4"> 
		  <cmd>Update the Primetime DRM Reference Implementation - Command Line
			 Tools with the following files: 
		  </cmd> 
		  <info> 
			 <ul id="ul_ab5_lqg_jr"> 
				<li
				 id="li_C9AC8B330BB34931A6BE5C12136B39B6"><filepath>CreateMetadata.jar</filepath>
				  
				</li> 
				<li
				 id="li_3571BEDAAAD84A6C83DD3F4C2C476390"><filepath>commons-cli-1.2.jar</filepath>
				  
				</li> 
				<li
				 id="li_DB9BFAABDAA84B4A91021CD2BD2D1380"><filepath>createMetadata.properties</filepath>
				  
				</li> 
			 </ul> 
			 <p>The two JAR files can reside in the 
				<filepath>Command Line Tools/libs</filepath> folder. The 
				<filepath>createMetadata.properties</filepath> file can reside next
				to the 
				<filepath>flashaccesstools.properties</filepath> file. 
			 </p> 
		  </info> 
		</step> 
	 </steps> 
	 <example id="example_2116349CA33642CD9293EAD94A532ED8">Included is an 
		<filepath>examplecreate.sh</filepath> script that demonstrates a sample
		creation of metadata. Be sure to configure the License Server URL and
		Individualization Server URL in both the script and properties files before
		attempting to generate metadata. 
		<p>The inputs for the utility are as follows: 
		<ul id="ul_o3z_ksg_jr"> 
		  <li
			id="li_2C13B4CDC0E14D3189EB2473A8959CB3"><codeph>createMetadata.properties</codeph>
			 - Properties file containing a default Policy, Certificate locations and
			 passwords, etc. 
		  </li> 
		  <li id="li_1AE0D566E0F444179DC26DE3043040A0"><codeph>indivCert</codeph>
			 - PKCS12 file containing Individualization Transport certificate 
		  </li> 
		  <li id="li_8CA3D5B8C5574E7D817755A9C3568814"><codeph>indivURL</codeph>
			 - URL of the On Premises Individualization Server 
		  </li> 
		</ul> 
		</p> 
		<p>The output file is an On Premises DRM Metadata file that will be
		  consumed by the DRM client. For example: 
		  <codeblock>java -jar libs/CreateMetadata.jar -c createMetadata.properties -indivCert i15n_transport.cer
-indivURL http://[YOURINDIVSERVER:PORT] onpremdrm.metadata</codeblock> 
		</p>. 
	 </example> 
  </taskbody> 
</task> 
