<?xml version="1.0" encoding="UTF-8"?>
<!DOCTYPE concept PUBLIC "-//OASIS//DTD DITA Concept//EN" "concept.dtd">
<concept id="concept_u5q_lmg_jr"> 
  <title>Monitoring</title> 
  <conbody> 
	 <p>The Individualization server and Key Generation server each have a
		status page, which you can use to determine the health of the servers. 
	 <ul id="ul_or1_nmg_jr"> 
		<li id="li_58577A3E36034CA4BB937752C82EF2F2"><b>Individualization status
			 page:</b> 
		  <filepath>http://[SERVER:PORT]/flashaccess/status</filepath> 
		  <ul id="ul_nhr_smg_jr"> 
			 <li id="li_992FB1541D114E479D37951C7E33B336">Reports “Alive” if the
				app server is running and the app can make a GET request to the Key Generation
				server 
			 </li> 
			 <li id="li_02F6B2E573944EBAB8C4EA12BC0EDEB6">The page reports either
				“Alive” or nothing. No info about the application is revealed, so this page
				could be used for monitoring from outside the firewall.
			 </li> 
		  </ul> 
		</li> 
		<li id="li_491426ED91C945BF8F2AE17869FBB726"><b>Key Generation status
			 page:</b> 
		  <filepath>http://[SERVER:PORT]/flashaccess-kgs/status</filepath> 
		  <ul id="ul_sx4_wmg_jr"> 
			 <li id="li_2B4F56F81BBC48779CA56626FABDAD7C">Reports "Alive" if the
				app server is running 
			 </li> 
			 <li id="li_D95A486F82474CF99DC761E26E964CE6">All Key Generation URLs
				must only be accessible internally 
			 </li> 
		  </ul>
		</li> 
		<li id="li_34EDCE9DC0E24856BC59AC72B4892F43"><b>Individualization
			 Statistics page:</b> 
		  <filepath>http://[SERVER:PORT]/flashaccess/admin/appstats 
		  </filepath>
		  <ul id="ul_f5g_bng_jr"> 
			 <li id="li_E41696B20B5B407F95A9895E711272D2">Includes statistics
				about the Individualization server, such as number of requests served and the
				number of keys available in the cache
			 </li> 
			 <li id="li_D68A7574B1FC40EFACF6E65532E6D33B">This page must only be
				accessible internally
			 </li> 
		  </ul>
		</li> 
		<li id="li_851761F6839D4E40B1BBC88B22ED84AC"><b>Key Generation Statistics
			 page:</b> 
		  <filepath>http://[SERVER:PORT]/flashaccess-kgs/appstats</filepath> 
		  <ul id="ul_kfv_2ng_jr"> 
			 <li id="li_B659A891F1C54C059BCB2546B944A254">Includes statistics
				about the Key Generation server, such as the number of requests served and the
				number of key files available on disk 
			 </li> 
			 <li id="li_5CA08FB1FC944F4293C7C1E4C24BA8A3">All Key Generation URLs
				must only be accessible internally
			 </li> 
		  </ul>
		</li> 
	 </ul>
	 </p> 
  </conbody> 
</concept> 
