<?xml version="1.0" encoding="UTF-8"?>
<!DOCTYPE task PUBLIC "-//OASIS//DTD DITA Task//EN" "task.dtd">
<task id="task_rwl_ylz_3r"> 
  <title>Obtain Individualization Server Certificates</title> 
  <taskbody> 
	 <context id="context_1776427FDD03405BA65A08ECB876101F"> 
		<p>To use the On Premises Individualization Server, you must first obtain
		  two digital credentials (certificates): 
		</p> 
		<ul id="ul_abz_jmz_3r"> 
		  <li id="li_473975F634034CE59094FD5E08561925"><i>Individualization
				Transport Credential</i> - issued by Adobe 
		  </li> 
		  <li id="li_184CA243448543EA81890A859CF53AD0"><i>Individualization CA
				Credential</i> - issued by Symantec (VeriSign) 
		  </li> 
		</ul> 
		<p>To obtain these certificates: 
		</p> 
	 </context> 
	 <steps id="steps_4E7011479AC74DE79FFC8D165E5A9C6F"> 
		<step id="step_C712FC00950A465C926ED2C87ABA7354"> 
		  <cmd>Please submit a request via Zendesk ticket to: 
			 <xref href="https://adobeprimetime.zendesk.com" format="html"
			  scope="external">https://adobeprimetime.zendesk.com</xref> 
		  </cmd> 
		</step> 
	 </steps> 
	 <postreq id="postreq_CF815B8BBB33448AA139312B0D80F908">

		<p>Please note that these credentials are in addition to the credentials
		  required for operating a Primetime DRM License Server. 
		</p> 
	 </postreq> 
  </taskbody> 
</task> 
