<?xml version="1.0" encoding="UTF-8"?>
<!DOCTYPE concept PUBLIC "-//OASIS//DTD DITA Concept//EN" "concept.dtd">
<concept id="concept_rsv_ttg_jr"> 
  <title>Sample Client Requests</title> 
  <conbody> 
	 <p>You can collect a library of sample client requests using tools such as
		Charles Proxy or Wireshark. You should capture client requests after the
		Individualization server has been set up, using the Individualization Transport
		credential. You can then send these client requests (via 
		<i>curl</i> or another tool) to the Individualization Server’s end point
		to verify that the server is up and running properly. For example:
		<codeblock>curl http://&lt;&lt;yourindivserver:port&gt;&gt;/flashaccess/i15n/v5 -­data‐binary 
@sample_client_request.bin &gt; sample_client_response.ber</codeblock>
	 </p> 
	 <p>You may also want to send these requests again after any server
		configuration changes or ECI / CRL updates.
	 </p> 
	 <p>You should also update the Individualization Statistics page
		appropriately with successful individualization transactions.
	 </p> 
  </conbody> 
</concept> 
