<?xml version="1.0" encoding="UTF-8"?>
<!DOCTYPE reference PUBLIC "-//OASIS//DTD DITA Reference//EN" "reference.dtd">
<reference id="r_drm_on_prem_i15n_server-properties"> 
  <title>Server Properties Reference</title> 
  <refbody> 
	 <section id="section_EC8810492A454BDBA6013FE376360F4E"> 
		<table id="table_ats_tk2_jr"> 
		<title>Individualization Server</title> 
		<tgroup cols="3"> 
		  <thead> 
			 <row> 
				<entry>Configuration 
				</entry> 
				<entry>Description 
				</entry> 
				<entry>Example 
				</entry> 
			 </row> 
		  </thead> 
		  <tbody> 
			 <row> 
				<entry>Transport Credential 
				</entry> 
				<entry>The transport credential is used to decrypt requests
				  received from the client and sign the responses sent back. Be sure to configure
				  the 
				  <filepath>AdobeInitial.properties</filepath> file appropriately
				  with both the path to the transport credential file, as well as the encrypted
				  PKCS12 password. 
				</entry> 
				<entry> 
				  <ul id="ul_itx_fl2_jr"> 
					 <li
					  id="li_A2E65253F37245268A41E6B9C958C8DF"><codeph>cert.i15n.transport.file = 
						</codeph> [PKCS12 file containing the Individualization
						Transport cert and key] 
					 </li> 
					 <li
					  id="li_28CDFC0B3D684795AF4708B6D26DF83F"><codeph>cert.i15n.transport.password
						  =</codeph> [Encrypted password for PKCS12 file] 
					 </li> 
				  </ul> 
				</entry> 
			 </row> 
			 <row> 
				<entry>Individualization CA Credential 
				</entry> 
				<entry>The Individualization server uses the Individualization CA
				  credential to sign the machine certificates that it issues. Be sure to
				  configure the 
				  <filepath>AdobeInitial.properties</filepath> file appropriately
				  with both the path to the I15N CA credential file, as well as the encrypted
				  PKCS12 password. 
				</entry> 
				<entry> 
				  <ul id="ul_xsj_nl2_jr"> 
					 <li
					  id="li_5A770D8A482F41A4A9AB63CA52C2EB90"><codeph>cert.i15n.ica.file =</codeph>
						[PKCS12 file containing the Individualization CA cert and key] 
					 </li> 
					 <li
					  id="li_C3C4A2D9AA2A4F86B6DDCFFD9CB55CBB"><codeph>cert.i15n.ica.password
						  =</codeph> [Encrypted password for PKCS12 file] 
					 </li> 
				  </ul> 
				</entry> 
			 </row> 
			 <row> 
				<entry>Individualization Encryption Credential 
				</entry> 
				<entry>The Individualization server uses the Encryption credential
				  to encrypt sensitive files that need to be transmitted to the Individualization
				  servers. For example, this cert supports license migration and is also used to
				  encrypt the DRM private keys for the Individualization servers. 
				</entry> 
				<entry> 
				  <ul id="ul_nbr_kpd_w5"> 
					 <li
					  id="li_4226AD6CC85740669DAF467EFD00BBBE"><codeph>cert.i15n.decryption.file=i15n_transport.pfx</codeph>
						
					 </li> 
					 <li
					  id="li_F51BDD94F4724FA58CEF9470B6FEE33B"><codeph>cert.i15n.decryption.password=password</codeph>
						
					 </li> 
				  </ul> 
				</entry> 
			 </row> 
			 <row> 
				<entry>Content Cache 
				</entry> 
				<entry>These settings control the location from which the
				  Individualization server downloads content and where the content is cached on
				  disk. The Individualization server will check the content server for new
				  content once at startup, then at the frequency/time specified by these
				  properties. 
				  <p>For the On Premises Individualization Server, we have included
					 an initial set of content cache data. Be sure to copy the 
					 <i>CONTENTS</i> of the cache folder (not the cache folder
					 itself) to the configured 
					 <filepath>AdobeInitial.properties</filepath> 
					 <codeph>contentServer.localDirectory</codeph> location. 
				  </p> 
				</entry> 
				<entry> 
				  <ul id="ul_r4n_1r2_jr"> 
					 <li
					  id="li_CA5F562577B04B4A9966EF46E039A137"><codeph>contentServer.localDirectory
						  =</codeph> [Directory in which to store local content (normally tomcat/temp)] 
					 </li> 
					 <li
					  id="li_9A78FBD6C54D47708226378340B46E8E"><codeph>contentServer.server
						  =</codeph> [Web server to contact for ECI info (<i>unsupported in this
						  release</i>)] 
					 </li> 
					 <li
					  id="li_4E7D7F76085D411688B5003E855F860B"><codeph>contentServer.timeout
						  =</codeph> [Connection timeout, in seconds] 
					 </li> 
					 <li
					  id="li_4B751F238A1643A7AC730CD9354887B6"><codeph>contentServer.pollFrequency
						  =</codeph> [How frequently to poll the server, in days (minimum is 1 day)] 
					 </li> 
					 <li
					  id="li_8E23C3C6E7EF46B0AFDD7993DE79F142"><codeph>contentServer.pollTime
						  =</codeph> [Time of day to poll the server, in minutes since midnight] 
					 </li> 
				  </ul> 
				  <p>Please be sure to read the section 
					 <i>CRL and ECI Files</i> about keeping the cache up to date. 
				  </p> 
				</entry> 
			 </row> 
			 <row> 
				<entry>Individualization CA CRL 
				</entry> 
				<entry> 
				  <p>This Certificate Revocation List (CRL) distribution point is
					 included within each machine certificate issued by the Individualization
					 server. During machine certificate validation on the license server, the CRL
					 will be downloaded from the distribution point listed in the certificate (or
					 read from the cache if already downloaded) and checked to be sure the
					 certificate has not been revoked. It is recommended to perform this server
					 configuration change after going through the process of creating and deploying
					 the Individualization CA CRL. Restart the Individualization server after any
					 configuration change. 
				  </p> 
				  <p>To set the URL for the CRL distribution point, you will need
					 to set the 
					 <filepath>AdobeInitial.properties</filepath> 
					 <codeph>cert.machine.crldp</codeph> field. 
				  </p> 
				</entry> 
				<entry> 
				  <ul id="ul_eq3_lv2_jr"> 
					 <li
					  id="li_5E37A9E318D742B6A5E1035120888819"><codeph>cert.machine.crldp =</codeph>
						[CRL distribution point] 
					 </li> 
				  </ul> 
				  <p>For example: 
				  </p> 
				  <p> 
					 <codeblock>cert.machine.crldp__DEV=
http://onprem-individualization.com/
CRL/onprem-individualization-ca.crl</codeblock> 
				  </p> 
				  <p>The License Server should automatically download this CRL,
					 once a license request is handled. 
				  </p> 
				  <note importance="high">This distribution point is 
					 <i>not</i> checked by Primetime DRM for validity. You must
					 verify that this URL is valid. Errors resulting from an invalid URL will not
					 appear until validation errors appear from the license server. 
				  </note> 
				</entry> 
			 </row> 
			 <row> 
				<entry>Logging 
				</entry> 
				<entry>Configure the 
				  <filepath>AdobeInitial.properties</filepath> for logging as
				  necessary. 
				</entry> 
				<entry> 
				  <ul id="ul_j1v_kw2_jr"> 
					 <li
					  id="li_B60002B33A3042FCBE1F694454966469"><codeph>adobe.weblogs.loc =</codeph>
						[Directory where log files will be created] 
					 </li> 
					 <li id="li_2DD4406FBBF047589BAAAE1C9082D8B3"><codeph>log.Level
						  =</codeph> [The lowest level of log messages which may appear in the logs 
						<codeph>[DEBUG | INFO]</codeph> ] 
					 </li> 
					 <li
					  id="li_610FAF239A554CE59DAC455174F0CF0A"><codeph>log.FileName =</codeph>
						[Prefix for log files. Date/time and ".log" extension will be added to the
						filename] 
					 </li> 
					 <li
					  id="li_1F2913B209BE4A0E8207FAAD052D1764"><codeph>log.RollInterval =</codeph>
						[Specifies how frequently the logs are rolled.] 
					 </li> 
					 <li
					  id="li_3F46C15488114BB5B41035F710E7A19F"><codeph>log.RollSize =</codeph> [Roll
						the logs when they reach this size (Logs will roll when either the 
						<codeph>RollInterval</codeph> or 
						<codeph>RollSize</codeph> is reached, whichever comes first)]
						
					 </li> 
					 <li
					  id="li_DA32E862F7B0413885DA20633B682484"><codeph>log.ReportLogging.Enabled
						  =</codeph>[ [true | false ] Specifies whether a separate file should be
						generated which contains data used by Adobe to generate Individualization
						reports.] 
					 </li> 
					 <li
					  id="li_465CC6D81B8A484CBF4E7A39F7AF86AA"><codeph>log.ReportLogging.FileName
						  =</codeph> [Prefix for report log files. Date/time and 
						<filepath>.log</filepath> extension will be added to the
						filename. The l<codeph>og.Level</codeph> property does not apply to this log
						file, but 
						<codeph>log.RollInterval</codeph> and 
						<codeph>log.RollSize</codeph> do.] 
					 </li> 
				  </ul> 
				</entry> 
			 </row> 
			 <row> 
				<entry>Other 
				</entry> 
				<entry/> 
				<entry> 
				  <ul id="ul_b3b_g1f_jr"> 
					 <li
					  id="li_FACF07CB332D416E91FD34DE48152FAA"><codeph>deviceinfo.key =</codeph>
						[Encrypted Base64 encoded key used to HMAC device info before including it in
						the machine token. The key can be different for the Dev/Staging/Production
						environments, but must be the same for all servers in a particular environment.
						] 
					 </li> 
					 <li
					  id="li_B19C77FD6F91496294DBF836A1922EE1"><codeph>keys.kgs.server =</codeph>
						[Location of Key Gen Server (a single host/port, representing a pool of key
						servers) ] 
					 </li> 
					 <li
					  id="li_5DA3C89770804B148EF6FAF01A5AD958"><codeph>keys.MinQueueSize =</codeph>
						[Fetch another batch of keys from the KGS when there are this many keys left in
						the queue] 
					 </li> 
					 <li
					  id="li_0C2E5F2FDB824182A6BE418B041D2F28"><codeph>status.Timeout =</codeph>
						[Status page will ping the KGS to determine if it can reach the server. It will
						time out if a response isn’t received back in the specified amount of time.] 
					 </li> 
				  </ul> 
				</entry> 
			 </row> 
		  </tbody> 
		</tgroup> 
		</table> 
	 </section> 
	 <section id="section_37FA8EEBA258461F8CFA3ADF37714577"> 
		<title>Key Generation Server</title> 
		<table id="table_ats_tk2_js"> 
		  <tgroup cols="3"> 
			 <thead> 
				<row> 
				  <entry>Configuration 
				  </entry> 
				  <entry>Description 
				  </entry> 
				  <entry>Example 
				  </entry> 
				</row> 
			 </thead> 
			 <tbody> 
				<row> 
				  <entry>Key Generation 
				  </entry> 
				  <entry/> 
				  <entry> 
					 <ul id="ul_nlj_ydf_jr"> 
						<li
						 id="li_E4347D572F004BF0B237A662BFE7F3ED"><codeph>kgs.Threads =</codeph> [Number
						  of threads to use to generate keys (should equal the number of processors
						  available on the machine)] 
						</li> 
						<li
						 id="li_EDBC2535D48E4A66AEB240DB337187FC"><codeph>kgs.BatchSize =</codeph>
						  [Number of keys to generate per batch] 
						</li> 
						<li
						 id="li_07B41546D94F42349103BF8AF4605E14"><codeph>kgs.KeyDirectory =</codeph>
						  [Directory in which to store key batch files] 
						</li> 
						<li
						 id="li_F4962C97DC3D491DA7FAC826E38A4459"><codeph>kgs.MaxQueueSize =</codeph>
						  [Maximum number of key batch files to generate] 
						</li> 
					 </ul> 
				  </entry> 
				</row> 
				<row> 
				  <entry>Logging 
				  </entry> 
				  <entry/> 
				  <entry> 
					 <ul id="ul_kwq_12f_jr"> 
						<li
						 id="li_5E5D34FE5EB44BB898090494C7DDEBD8"><codeph>adobe.weblogs.loc =</codeph>
						  [Directory where log files will be created] 
						</li> 
						<li
						 id="li_0E34CD32CD5E47729B69B50414F93678"><codeph>log.FileName =</codeph>
						  [Prefix for log files. Date/time and 
						  <filepath>.log</filepath> extension will be added to the
						  filename] 
						</li> 
						<li
						 id="li_8AB15ACEC39041A2A04C7301154C6EDB"><codeph>log.Level =</codeph> [The
						  lowest level of log messages which may appear in the logs] 
						</li> 
						<li
						 id="li_A17E84DA3ED243F381FF3A6184A3CAA0"><codeph>log.RollInterval =</codeph>
						  [Specifies how frequently the logs are rolled.] 
						</li> 
						<li
						 id="li_C2B3D111608945DA9D1428BE98D61664"><codeph>log.RollSize =</codeph> [Roll
						  the logs when they reach this size (Logs will roll when either the 
						  <codeph>RollInterval</codeph> or 
						  <codeph>RollSize</codeph> is reached, whichever comes
						  first)] 
						</li> 
					 </ul> 
				  </entry> 
				</row> 
			 </tbody> 
		  </tgroup> 
		</table> 
	 </section> 
  </refbody> 
</reference> 
