<?xml version="1.0" encoding="UTF-8"?>
<!DOCTYPE task PUBLIC "-//OASIS//DTD DITA Task//EN" "task.dtd">
<task id="task_rw1_qng_jr"> 
  <title>Update the License Server WAR File</title> 
  <taskbody> 
	 <context id="context_D878BE2307C54A6C9E6BB735E4410FEF"> 
		<p>In order to support clients that have individualized via an On
		  Premises Individualization server, you must update the License Server’s
		  certificate root of trust to include the newly acquired Individualization CA
		  credential. A Python script (<filepath>addIndivCert.py</filepath>) is included
		  in the 
		  <filepath>update_license_server</filepath> folder. 
		</p> 
		<p>Do the following to update the License Server:
		</p> 
	 </context> 
	 <steps id="steps_861B4824F9B94720AD86E3288F6E740F"> 
		<step id="step_5CBF597F0378477FA8AC4C5060CE0F8B"> 
		  <cmd>Make a copy of the WAR files to be updated (examples: 
			 <filepath>flashaccess.war</filepath>, 
			 <filepath>faxsks.war</filepath>). 
		  </cmd> 
		</step> 
		<step id="step_B38418B9C3B6464BAC3B4494FEE6319F"> 
		  <cmd>Make sure the WAR files are unlocked and have their permissions
			 set so they can be modified. 
		  </cmd> 
		</step> 
		<step id="step_11B016EB8AAF48DABC528EEED187EADF"> 
		  <cmd>Run the 
			 <filepath>addIndivCert.py</filepath> Python script to update the
			 License Server WAR files.
		  </cmd> 
		  <info>The inputs for the script are as follows:
			 <ul id="ul_whk_f4g_jr"> 
				<li id="li_8A614E68C3FA4394AE70E15480A52726"><codeph>cert</codeph>:
				  PKCS12 file containing the Individualization CA certificate 
				</li> 
				<li id="li_E741DD3D3A0643259E3AC24B0A87AF98"><codeph>war</codeph>:
				  WAR file to be updated
				</li> 
			 </ul>
		  </info> 
		  <stepresult> 
			 <p>The output file is an updated WAR file.
			 </p> 
		  </stepresult> 
		</step> 
	 </steps> 
	 <example id="example_2618EBFFC4664D35B9CC68D74197BDC3"> 
		<codeblock>./addIndivCert.py –cert NEW_IndivCA.cer -war flashaccess.war</codeblock> 
	 </example> 
	 <postreq id="postreq_54B2E1C16ECE4F4FB10BCE4EF5743C6B">

		<p>The WAR files will be modified in place. If necessary, you can edit
		  the Python script to suit your particular needs. After you perform the updates,
		  you can deploy the WAR files normally.
		</p> 
	 </postreq> 
  </taskbody> 
</task> 
