<?xml version="1.0" encoding="UTF-8"?>
<!DOCTYPE concept PUBLIC "-//OASIS//DTD DITA Concept//EN" "concept.dtd">
<concept id="about-drm-for-protected-streaming"> 
  <title class="- topic/title "
	id="about-drm-for-protected-streaming">About Adobe Primetime DRM Server
	 for Protected Streaming</title> 
  <shortdesc>The Adobe Primetime DRM Server for Protected Streaming is a
	 license server implementation that is based on the Primetime DRM SDK. This
	 server issues licenses for protected content to Primetime DRM clients. 
  </shortdesc> 
  <conbody> 
	 <p class="- topic/p ">The Primetime DRM Server for Protected Streaming
		supports multiple tenants. You can host a single server on behalf of multiple
		content publishers, each with its own configuration settings. In addition, the
		server supports custom authorization components, so you can execute custom
		logic before a license is issued. 
	 </p> 
	 <p class="- topic/p ">This server is intended for use with HTTP Streaming.
		As a result, this server implementation does not support all capabilities that
		are available in Primetime DRM. For example, it does not support user
		authentication requests, multiple policies, domain-bound licenses, license
		chaining, or synchronization messages. 
	 </p> 
	 <note>Adobe Primetime DRM was formerly called Adobe Access, and prior to
		that, Flash Access.
	 </note> 
  </conbody> 
</concept> 
