<?xml version="1.0" encoding="UTF-8"?>
<!DOCTYPE concept PUBLIC "-//OASIS//DTD DITA Concept//EN" "concept.dtd">
<concept id="configuration-validator"> 
  <title class="- topic/title ">Configuration validator</title> 
  <shortdesc>Adobe recommends that if you make changes in the configuration file, you should run the
		Configuration Validator utility before you start the server. This utility can detect most
		configuration errors early, before they cause failures during request processing. </shortdesc> 
  <conbody> 
	 <p class="- topic/p ">To run the validator, type:
	 </p> 
	 <codeblock xml:space="preserve" class="+ topic/pre pr-d/codeblock ">Validator.bat <i class="+ topic/ph hi-d/i ">options</i> </codeblock> 
	 <p class="- topic/p ">or
	 </p> 
	 <codeblock xml:space="preserve" class="+ topic/pre pr-d/codeblock ">java -jar libs/flashaccess-validator.jar <i class="+ topic/ph hi-d/i ">options</i></codeblock> 
	 <p class="- topic/p ">For each of the license server configuration files,
		the Validator can perform file-based validation, which ensures that the XML
		file is well-formed and conforms to the configuration file schema.
	 </p>
	 <p class="- topic/p ">To perform file-based validation on the global
		configuration file, type:
	 </p> 
	 <codeblock xml:space="preserve" class="+ topic/pre pr-d/codeblock ">Validator --&lt;file path>/flashaccess-global.xml --global</codeblock> 
	 <p class="- topic/p ">To perform file-based validation on the tenant
		configuration file, type:
	 </p> 
	 <codeblock xml:space="preserve" class="+ topic/pre pr-d/codeblock ">Validator --&lt;file path>/flashaccess-tenant.xml --tenant</codeblock> 
	 <p class="- topic/p ">The Validator can also perform deployment-based validation. In addition to
			checking conformity with the schema, this level of validation also verifies that the
			values that you specified are valid. For example, it ensures that referenced files
			exist. </p>
	 <p class="- topic/p ">Deployment-based validation can be performed at the
		following levels:
	 </p> 
	 <ul class="- topic/ul " id="ul_q2v_xzr_n4"> 
		<li class="- topic/li " id="li_9012E71CCEB941F1A176E7701C15A1FB"><codeph>Tenant</codeph> —
				Validates configuration file and credentials for a specific tenant. If you want to
				validate the configuration for <codeph>&lt;tenant1></codeph>, type:
				<codeblock xml:space="preserve" class="+ topic/pre pr-d/codeblock ">    Validator --&lt;root-path-to-LicenseServer.ConfigRoot> -d flashaccessserver/tenant1 -t</codeblock></li> 
		<li class="- topic/li " id="li_DC52EADE2922433B87E2DA51973D8612"><codeph>Global</codeph> —
				Validates the global configuration file and tenant validation for all tenants. If
				you want to perform global deployment-based validation, type:
				<codeblock xml:space="preserve" class="+ topic/pre pr-d/codeblock ">    Validator --&lt;root-path-to-LicenseServer.ConfigRoot> -g</codeblock></li> 
	 </ul> 
  </conbody> 
</concept> 
