<?xml version="1.0" encoding="UTF-8"?>
<!DOCTYPE concept PUBLIC "-//OASIS//DTD DITA Concept//EN" "concept.dtd">
<concept id="custom-authorization-extensions"> 
  <title class="- topic/title ">Custom authorization extensions</title> 
  <shortdesc>You can invoke custom authorization logic during license acquisition to decide if a
		license should be issued to the requesting client. </shortdesc> 
  <conbody> 
	 <p class="- topic/p ">If you want to implement your own customer
		authorization extension, you must first take a look at the 
		<filepath>SampleAuthorizer.java</filepath> sample code that is located in
		the samples directory. The compiled version of this sample is located
		in<filepath> flashaccess-license-server-ext-sample.jar</filepath>. 
	 </p> 
	 <p class="- topic/p ">If you want to build your own extension, you need to
		implement the 
		<codeph
		 class="+ topic/ph pr-d/codeph ">com.adobe.flashaccess.server.license.extension.auth.IAuthorizer</codeph>
		interface and make sure 
		<filepath>flashaccess-license-server-exts.jar</filepath> and 
		<filepath>commons-logging.jar</filepath> are in the build path
		(<filepath>adobe-flashaccess-sdk.jar</filepath> must also be in the build path
		if you use certain fields in 
		<codeph class="+ topic/ph pr-d/codeph ">IMessageFacade</codeph>). 
	 </p> 
	 <p class="- topic/p ">If you want to deploy your extension, you need to
		copy the jar or class files to 
		<i
		 class="+ topic/ph hi-d/i ">LicenseServer.ConfigRoot</i><filepath>/flashaccessserver/libs</filepath>.
		
	 </p> 
	 <p class="- topic/p ">If you want to update the jar or class files, you
		need to restart the server before the updated version can be used. You also
		must add the authorizer class name to the tenant configuration file. 
	 </p> 
  </conbody> 
</concept> 
