<?xml version="1.0" encoding="UTF-8"?>
<!DOCTYPE concept PUBLIC "-//OASIS//DTD DITA Concept//EN" "concept.dtd">
<concept id="deplying-drm-for-protected-streaming"> 
  <title class="- topic/title ">Deploying the Adobe Primetime DRM Server for
	 Protected Streaming</title> 
  <conbody> 
	 <p>Before you can deploy the Adobe Primetime DRM Server for Protected
		Streaming, you must have installed the versions of Java and Tomcat as listed in
		the Requirements topic. 
	 </p> 
	 <p class="- topic/p ">The Primetime DRM Server for Protected Streaming
		package includes 
		<filepath>flashaccesserver.war</filepath>. If you: 
	 <ul id="ul_1E18087074094F639AC84D61C3A27AA2"> 
		<li id="li_AC7E7F16A68D4D11AAD6B78A117659D0">Want to deploy this WAR
		  file, you need to copy it to Tomcat's 
		  <filepath>webapps</filepath> directory. 
		</li> 
		<li id="li_7C61ACE4DA454C378A5CD2D2C47D8E7A">Have previously deployed the
		  WAR file, you may need to delete the unpacked WAR directory
		  (<filepath>flashaccessserver</filepath> in Tomcat's 
		  <filepath>webapps</filepath> directory). 
		</li> 
		<li id="li_00BB532874494DB5A27742D859D43675">Want to prevent Tomcat from
		  unpacking WAR files, edit the 
		  <filepath>server.xml</filepath> file in Tomcat's 
		  <filepath>conf</filepath> directory and configure the 
		  <codeph>unpackWARs</codeph> attribute iby setting it to 
		  <codeph>false</codeph>. 
		</li> 
	 </ul> 
	 </p> 
	 <p class="- topic/p "> 
		<note class="- topic/note ">If you have configured Tomcat to include 
		  <filepath>commons-logging.jar</filepath> on the System classpath (not
		  required for the Primetime DRM Server for Protected Streaming) then you must
		  configure commons-logging to use Log4J. 
		</note> 
	 </p> 
	 <p class="- topic/p ">The server optionally uses a platform-specific
		library (<filepath>jsafe.dll</filepath> on Microsoft Windows or 
		<filepath>libjsafe.so</filepath> on Linux for optimal performance. You
		can copy the appropriate library for your platform from 
		<filepath>thirdparty/cryptoj/</filepath><i
		class="+ topic/ph hi-d/i ">platform</i> to a location that is specified by the 
		<codeph>PATH</codeph> environment variable or 
		<codeph>LD_LIBRARY_PATH</codeph> on Linux. 
	 </p> 
	 <note class="- topic/note ">You should only use the 64-bit version if both
		the operating system and the JDK support 64 bit. Otherwise you need to use the
		32-bit version. 
	 </note> 
  </conbody> 
</concept> 
