<?xml version="1.0" encoding="UTF-8"?>
<!DOCTYPE concept PUBLIC "-//OASIS//DTD DITA Concept//EN" "concept.dtd">
<concept id="drm-credentials"> 
  <title class="- topic/title ">About Adobe Primetime DRM credentials</title> 
  <shortdesc>If you want to issue valid licenses that a Primetime DRM client
	 can accpt, then you must configure the Primetime DRM Server for Protected
	 Streaming with a set of credentials that Adobe has issued. You can store these
	 credentials in PKCS#12 (.pfx) files or on an HSM. 
  </shortdesc> 
  <conbody> 
	 <p class="- topic/p ">The 
		<filepath>.pfx</filepath> files can be located in any directory that you
		select. However, Adobe recommends that you locate the 
		<filepath>.pfx</filepath> files in the tenant's configuration directory
		for ease of access. 
	 </p> 
  </conbody> 
</concept> 
