<?xml version="1.0" encoding="UTF-8"?>
<!DOCTYPE concept PUBLIC "-//OASIS//DTD DITA Concept//EN" "concept.dtd">
<concept id="drm-crossdomain-policy-file"> 
  <title class="- topic/title ">Crossdomain DRM policy file</title> 
  <conbody> 
	 <p class="- topic/p ">If you want Flash Runtime clients to request a
		license from the License Server, then a crossdomain DRM policy file is
		required. 
	 </p> 
	 <p class="- topic/p ">See 
		<i class="+ topic/ph hi-d/i ">Using the Adobe Primetime DRM SDK for
		  Protecting Content</i>. 
	 </p> 
  </conbody> 
</concept> 
