<?xml version="1.0" encoding="UTF-8"?>
<!DOCTYPE concept PUBLIC "-//OASIS//DTD DITA Concept//EN" "concept.dtd">
<concept id="drm-global-configuration-file"> 
  <title class="- topic/title ">Global configuration file</title> 
  <shortdesc>The 
	 <filepath>flashaccess-global.xml 
	 </filepath>configuration file includes settings that apply to all tenants
	 of the license server. 
  </shortdesc> 
  <conbody> 
	 <p class="- topic/p ">You must place the configuration file in the 
		<filepath>LicenseServer.ConfigRoot</filepath> directory. 
	 </p> 
	 <p class="- topic/p ">See the<filepath> configs</filepath> directory for an
		example of a global configuration file. 
	 </p> 
	 <p class="- topic/p ">The global configuration file includes: 
	 </p> 
	 <ul class="- topic/ul " id="ul_uyp_t5r_n4"> 
		<li class="- topic/li " id="li_964330679283412DB371243C1581936E">Caching — Controls caching of
				config files in memory. <p class="- topic/p ">See <i>Updating configuration
						files</i> for information about the caching settings. </p></li> 
		<li class="- topic/li " id="li_145DAFBDB5864AA7AE13DDE72E169AC6">Logging — Specifies the logging
				level and how frequently log files are rolled. </li> 
		<li class="- topic/li " id="li_58266F46B49447C1A5E97DB44C86562D">HSM password — Required only if
				an HSM is used to store server credentials. </li> 
	 </ul> 
	 <p class="- topic/p ">See comments in the example global configuration file that is located in
				<filepath>Primetime DRM &lt;DVD>\Adobe Primetime DRM Server for Protected
				Streaming\configs</filepath> for more details. </p> 
  </conbody> 
</concept> 
