<?xml version="1.0" encoding="UTF-8"?>
<!DOCTYPE task PUBLIC "-//OASIS//DTD DITA Task//EN" "task.dtd">
<task id="t_multi_drm_workflow_enable-expressplay-for-fairplay"> 
  <title>Enable ExpressPlay service for FairPlay</title> 
  <shortdesc>The FairPlay DRM solution from Apple requires some setup when you
	 use it with the ExpressPlay DRM services. This involves obtaining credentials
	 from Apple and uploading them to ExpressPlay.
  </shortdesc> 
  <taskbody> 
	 <context id="context_EDF73C38E42049EDAE18DA8B5E96569C"> 
		<p>Follow these steps to enable ExpressPlay service for FairPlay content
		  protection.
		</p> 
	 </context> 
	 <steps id="steps_7A0CACD3501E465F99C66C8C651CF592"> 
		<step id="step_F3F6CF7680E040D19172C6A41F52597D"> 
		  <cmd>Obtain credentials from Apple.
		  </cmd> 
		  <info>These credentials are provisioned uniquely to each service
			 provider. You must request them by completing the following form: 
			 <xref href="https://developer.apple.com/contact/fps/" format="html"
			  scope="external">https://developer.apple.com/contact/fps/</xref>. 
			 <note>Select 
				<uicontrol>Content Provider</uicontrol> for Primary Role.
			 </note> Once your request is approved, Apple will send you a 
			 <i>FairPlay Streaming Deployment Package</i>.
		  </info> 
		</step> 
		<step id="step_6BC45498B4AE4C998CC106A429D1A706"> 
		  <cmd>Generate a Certificate Signing Request.
		  </cmd> 
		  <info>You can use 
			 <filepath>openssl</filepath> to generate your public/private key
			 pair, and your certificate signed request (CSR). 
			 <ol id="ol_ewk_c2n_sv"> 
				<li id="li_812226D5839A4486BA40EFA252CAA7E2">Generate your key
				  pair. 
				  <codeblock>openssl genrsa -aes256 -out privatekey.pem 1024 </codeblock>
				</li> 
				<li id="li_FA6742C741584440A9C196E8596AD9A1">Generate your CSR.
				  <codeblock>openssl req -new -sha1 -key privatekey.pem -out certreq.csr 
  -subj "/CN=SubjectName /OU=OrganizationalUnit /O=Organization /C=US"</codeblock>
				</li> 
			 </ol>
			 <note>The instructions for this step are located in your 
				<i>FairPlay Streaming Deployment Package</i>, but are included here
				for your convenience. If you have issues with this part of the process, check
				the instructions in 
				<i>FairPlayCertificateCreation.pdf</i> (in your deployment
				package).
			 </note>
		  </info> 
		</step> 
		<step id="step_2D5F7F7353864759A5ECA3AD35BC35EE"> 
		  <cmd>Upload your CSR through the Apple developer portal.
		  </cmd> 
		  <substeps id="substeps_jgf_s2n_sv"> 
			 <substep id="substep_694745E93FE34ECF8DAEC0E339737246"> 
				<cmd>The Team Agent for your development team must log into 
				  <filepath>developer.apple.com/account</filepath>. 
				</cmd> 
			 </substep> 
			 <substep id="substep_E8A96BB3A01144BA94C3B3892A58497F"> 
				<cmd>Click on 
				  <uicontrol>Certificates, Identifiers &amp; Profiles</uicontrol>,
				  then select the 
				  <uicontrol>iOS, tvOS, watchOS</uicontrol> drop-down on the upper
				  left of the page, then click on 
				  <uicontrol>Certificates-&gt;Production</uicontrol> on the left of
				  the page. 
				</cmd> 
			 </substep> 
			 <substep id="substep_2EED20A6772D4DAE9F09BD4B8CE7E354"> 
				<cmd>Click the 
				  <uicontrol>+</uicontrol> button on the upper right of the page to
				  request a new certificate. Select the 
				  <uicontrol>FairPlay Streaming Certificate</uicontrol> option
				  under 
				  <uicontrol>Production</uicontrol>.
				</cmd> 
				<info>The 
				  <i>Add iOS Certificate</i> dialog opens.
				</info> 
			 </substep> 
			 <substep id="substep_091B815A0AE5469DA4A737DD80D08E67"> 
				<cmd>In the 
				  <i>Add iOS Certificate</i>, upload the CSR file you generated in
				  Step 2.b., and click 
				  <uicontrol>Generate</uicontrol>.
				</cmd> 
				<info>Your Application Secret Key (ASK) is displayed in the same
				  dialog.
				</info> 
			 </substep> 
			 <substep id="substep_5DD08D3A9224417B8B410F6DCA5F530F"> 
				<cmd>Write down your ASK, and store it in a safe location.
				</cmd> 
			 </substep> 
			 <substep id="substep_1B2CECDE318343A38AFC6FD1414D7570"> 
				<cmd>Key in your ASK to complete certificate generation and click 
				  <uicontrol>Continue</uicontrol>.
				</cmd> 
			 </substep> 
			 <substep id="substep_C9E2E878346C4A19AD8506DB233D1540"> 
				<cmd>After you verify that you have saved your ASK, click 
				  <uicontrol>Generate</uicontrol> to continue.
				</cmd> 
				<info> 
				  <note importance="high">It is important that you save a copy of
					 your ASK and store it securely. 
					 <i>If your ASK is compromised, you will no longer be able to
						protect your content with FairPlay Streaming.</i> Only one (1) ASK is allocated
					 to your team. The value will not be provided again and you cannot retrieve it
					 at a later time.
				  </note> 
				</info> 
			 </substep> 
			 <substep id="substep_AE0F079DF4464E08ACAE25428E55EB81"> 
				<cmd>Download your FPS Certificate.
				</cmd> 
				<info>Be sure to save a backup copy of your private key (from Step
				  2.a.) and your public key (the FPS Certificate you downloaded in this step) in
				  a safe place.
				</info> 
			 </substep> 
		  </substeps> 
		</step> 
		<step id="step_8472DDF4B729418DBCB9B06A45CC8C83"> 
		  <cmd>Set up your ExpressPlay account with your FairPlay credentials.
		  </cmd> 
		  <substeps id="substeps_j4v_xhn_sv"> 
			 <substep id="substep_94AB5632C78A4C21AA9C0153F636C343"> 
				<cmd>Let's say the certificate name you downloaded in Step 3.h. is 
				  <filepath>fairplay.cer</filepath>. 
				</cmd> 
			 </substep> 
			 <substep id="substep_7A9C0F061AF8499F87862B6950B6E60F"> 
				<cmd>Open the 
				  <filepath>fairplay.cer</filepath> file with the Apple Keychain
				  Access utility. 
				</cmd> 
			 </substep> 
			 <substep id="substep_26CE1CCF0A654440A8F336C1FF10E8F0"> 
				<cmd>Filter your many certificates by entering
				  "<codeph>fairplay</codeph>" in the search field located up on the top right. 
				</cmd> 
			 </substep> 
			 <substep id="substep_8BC988AA96D94922BF76D4577971D07B"> 
				<cmd>Identify your company's FairPlay certificate.
				</cmd> 
				<info>Your company name should be associated with the certificate
				  issued by Apple. 
				</info> 
			 </substep> 
			 <substep id="substep_AE1ADE2F9A824357943C16F14070E640"> 
				<cmd>Expand the certificate by selecting the expand arrow, and
				  right-click on your private key. 
				</cmd> 
			 </substep> 
			 <substep id="substep_E1DAEAD47CF54B5F8AFFE620056384F9"> 
				<cmd>Select 
				  <uicontrol>Export "Your Company Name"</uicontrol> and save the 
				  <filepath>.p12</filepath> file. 
				</cmd> 
				<info>You will be asked to assign a password to secure this file.
				  Make a note of this password as you will need to send this with your
				  credentials package.
				</info> 
			 </substep> 
			 <substep id="substep_E3CCA9EB730547C385C4643719B01E1D"> 
				<cmd>Login to your account on 
				  <xref href="http://www.expressplay.com" format="html"
					scope="external">www.expressplay.com</xref>. 
				</cmd> 
			 </substep> 
			 <substep id="substep_F127F76F22CA4B61ABFB0B193B25D239"> 
				<cmd>Click 
				  <uicontrol>DRM SERVICES</uicontrol> on the upper left, then
				  select the 
				  <uicontrol>FairPlay</uicontrol> tab. 
				</cmd> 
			 </substep> 
			 <substep id="substep_DE09C47DB7B44C5CB328C252CAADD122"> 
				<cmd>Upload your FairPlay credentials to your ExpressPlay account. 
				</cmd> 
				<info> 
				  <ol id="ol_km4_d3n_sv"> 
					 <li id="li_005237064E32469699843B9744AE5E50">Create a text file
						that contains the value of your ASK (this should be 32 characters, for example:
						
						<codeph>1234567890abcdef1234567890abcdef</codeph>), and
						select this file for upload. 
					 </li> 
					 <li id="li_08F70E7472704F718F3B0EE4DCAA9A79">Select the PKCS12
						file from Step 4.f. for upload. 
					 </li> 
					 <li id="li_1B1B454FAA134DFAA05022A872E036D5">Enter the PKCS12
						file password from Step 4.f. 
					 </li> 
					 <li id="li_D4768AC74EE242C9B622D9F6717A01D0">Click the Upload
						button.
					 </li> 
				  </ol> 
				</info> 
			 </substep> 
		  </substeps> 
		</step> 
	 </steps> 
	 <result id="result_AC1B008914444F72A2321110C774A39C">Now you can create iOS
		applications or HTML5 pages with FairPlay content protection along with your 
		<filepath>fairplay.cer</filepath> certificate using the ExpressPlay
		service for FairPlay.
		<fig id="fig_sjr_2pn_sv"> 
		  <image href="images/multi_drm_expressplay_drm_services_web.png"
			id="image_rbt_hpn_sv"/> 
		</fig>
	 </result> 
  </taskbody> 
</task> 
