<?xml version="1.0" encoding="UTF-8"?>
<!DOCTYPE reference PUBLIC "-//OASIS//DTD DITA Reference//EN" "reference.dtd">
<reference id="r_multi_drm_workflows_fairplay-license-token-request"> 
  <title>FairPlay license token request / response</title> 
  <shortdesc>The FairPlay license token interface provides production and test
	 services. 
  </shortdesc> 
  <refbody> 
	 <section id="section_948C2CA38FC747C8AAC28FD8FAE90530"> 
		<p>This request returns a token that can be redeemed for a FairPlay
		  license. 
		</p> 
		<p><b>Method: GET, POST</b> (with a www-url-encoded body that contains
		  parameters for both methods) 
		</p> 
		<p><b>URLs:</b> 
		<ul id="ul_znn_xpr_pv"> 
		  <li id="li_D9D0DCAC6F6349D4B0DE8FC0DA063DC9"><b>Production: 
			 </b><codeph>https://fp-gen.{prod_domain}/hms/fp/token</codeph> 
		  </li> 
		  <li id="li_73AC98D7C64441C9ABEECE4126136870"><b>Test: 
			 </b><codeph><xref
				href="https://fp-gen.test.expressplay.com/hms/fp/token" format="html"
				scope="external">https://fp-gen.test.expressplay.com/hms/fp/token</xref></codeph>
			 
		  </li> 
		</ul> 
		</p> 
		<ul id="ul_ihj_45r_pv"> 
		  <li id="li_C74DAA80FC6E467C86064063ED0D7AB8"><b>Sample request:</b> 
			 <codeblock>
<xref href="https://pr-gen.test.expressplay.com/hms/pr/token?customerAuthenticator=201722,1ad8eed133edf43cbcc185f0236828ae&amp;kid=b366360da82e9c6e0b0984002a362cf2&amp;contentKey=b366360da82e9c6e0b0984002a362cf2&amp;rightsType=BuyToOwn&amp;analogVideoOPL=0&amp;compressedDigitalAudioOPL=0&amp;compressedDigitalVideoOPL=0&amp;uncompressedDigitalAudioOPL=0&amp;uncompressedDigitalVideoOPL=0" format="html" scope="external">https://fp-gen.test.expressplay.com/hms/fp/token?customerAuthenticator=
&lt;ExpressPlay customer authenticator identifier&gt;
&amp;kid=&lt;CEKSID&gt;
&amp;contentKey=&lt;CEK&gt;
&amp;rightsType=BuyToOwn
&amp;analogVideoOPL=0
&amp;compressedDigitalAudioOPL=0
&amp;compressedDigitalVideoOPL=0
&amp;uncompressedDigitalAudioOPL=0
&amp;uncompressedDigitalVideoOPL=0</xref></codeblock> 
		  </li> 
		</ul> 
		<ul id="ul_jhj_45r_pv"> 
		  <li id="li_8B3DFB798E9E4BBB99C21A1058B49FED"><b>Sample Response:</b> 
			 <codeblock>http://fp.service.expressplay.com:80/hms/fp/rights/?ExpressPlayToken=&lt;base64-encoded ExpressPlay token&gt;</codeblock> 
		  </li> 
		</ul> 
	 </section> 
	 <section id="section_73B0BF44A37D46328E43E0DC25BB8B16"> 
		<title>Request Query Parameters</title> 
		<table id="table_xlz_jsx_pv"> 
		<title>Token Query Parameters</title> 
		<tgroup cols="3"> 
		  <colspec colnum="1" colname="col1"/> 
		  <colspec colnum="2" colname="col2"/> 
		  <colspec colnum="3" colname="col3"/> 
		  <thead> 
			 <row> 
				<entry><b>Query Parameter</b> 
				</entry> 
				<entry><b>Description</b> 
				</entry> 
				<entry><b>Required?</b> 
				</entry> 
			 </row> 
		  </thead> 
		  <tbody> 
			 <row> 
				<entry><codeph>customerAuthenticator</codeph><indexterm>Customer
					 authenticator<indexterm> as query parameter
						customerAuthenticator<indexterm>FairPlay</indexterm></indexterm></indexterm> 
				</entry> 
				<entry> 
				  <p>This is your customer API key, one each for your production
					 and test environments. You can find this on the ExpressPlay Admin Dashboard
					 tab. 
				  </p> 
				</entry> 
				<entry>Yes 
				</entry> 
			 </row> 
			 <row> 
				<entry><codeph>errorFormat</codeph> 
				</entry> 
				<entry>Either 
				  <codeph>html</codeph> or 
				  <codeph>json</codeph>. If 
				  <codeph>html</codeph> (the default) an HTML representation of any
				  errors is provided in the entity body of the response. 
				  <p>If 
					 <codeph>json</codeph> is specified, a structured response in
					 JSON format is returned. See 
					 <xref
					  href="https://www.expressplay.com/developer/restapi/#json-errors" format="html"
					  scope="external">JSON Errors</xref> for details. 
				  </p> 
				  <p>The mime type of the response is either 
					 <codeph>text/uri-list</codeph> on success, 
					 <codeph>text/html</codeph> for HTML error format, or 
					 <codeph>application/json</codeph> for JSON error format. 
				  </p> 
				</entry> 
				<entry>No 
				</entry> 
			 </row> 
		  </tbody> 
		</tgroup> 
		</table> 
		<table id="table_vcq_ksx_pv"> 
		<title>License Query Parameters</title> 
		<tgroup cols="3"> 
		  <colspec colnum="1" colname="col1"/> 
		  <colspec colnum="2" colname="col2"/> 
		  <colspec colnum="3" colname="col3"/> 
		  <thead> 
			 <row> 
				<entry><b>Query Parameter</b> 
				</entry> 
				<entry><b>Description</b> 
				</entry> 
				<entry><b>Required?</b> 
				</entry> 
			 </row> 
		  </thead> 
		  <tbody> 
			 <row> 
				<entry><codeph>generalFlags</codeph> 
				</entry> 
				<entry>A 4 byte hexadecimal string representing the license flags.
				  ‘0000’ is the only allowed value. 
				</entry> 
				<entry>No 
				</entry> 
			 </row> 
			 <row> 
				<entry><codeph>kek</codeph> 
				</entry> 
				<entry>Key Encryption Key (KEK). Keys are stored encrypted with a
				  KEK using a key wrapping algorithm (AES Key Wrap, RFC3394). If 
				  <codeph>kek</codeph> is supplied, either one of the 
				  <codeph>kid</codeph> or the 
				  <codeph>ek</codeph> parameters needs to be supplied, 
				  <i>but not both</i>. 
				</entry> 
				<entry>No 
				</entry> 
			 </row> 
			 <row> 
				<entry><codeph>kid</codeph><indexterm>CEKSID<indexterm>as query
						parameter kid<indexterm>FairPlay</indexterm></indexterm></indexterm> 
				</entry> 
				<entry>A 16 byte hexadecimal string representation of the content
				  encryption key or a string '^somestring'. The length of the string followed by
				  the '^' cannot be greater than 64 characters. <!--Check note below for an example.-->
				</entry> 
				<entry>No 
				</entry> 
			 </row> 
			 <row> 
				<entry><codeph>ek</codeph> 
				</entry> 
				<entry>A hex string representation of the encrypted content key. 
				</entry> 
				<entry>No 
				</entry> 
			 </row> 
			 <row> 
				<entry><codeph>contentKey</codeph> 
				  <indexterm>CEK<indexterm>as query parameter
						contentKey<indexterm>FairPlay</indexterm> 
					 </indexterm> 
				  </indexterm> 
				</entry> 
				<entry>A 16 byte hexadecimal string representation of the content
				  encryption key 
				</entry> 
				<entry>Yes, unless the 
				  <codeph>kek</codeph> and 
				  <codeph>ek</codeph> or 
				  <codeph>kid</codeph> are provided. 
				</entry> 
			 </row> 
			 <row> 
				<entry><codeph>iv</codeph> 
				</entry> 
				<entry>A 16 byte hexadecimal string representation of the content
				  encryption IV 
				</entry> 
				<entry>Yes 
				</entry> 
			 </row> 
			 <row> 
				<entry><codeph>rentalDuration</codeph> 
				</entry> 
				<entry>Duration of the rental in seconds (default – 0) 
				</entry> 
				<entry>No 
				</entry> 
			 </row> 
			 <row> 
				<entry><codeph>fpExtension</codeph> 
				</entry> 
				<entry>A short form wrapping 
				  <codeph>extensionType</codeph> and 
				  <codeph>extensionPayload</codeph>, as a comma separated string.
				  For example: […]<codeph>&amp;fpExtension=wudo,AAAAAA==&amp;</codeph>[…] 
				</entry> 
				<entry>No, any number can be used 
				</entry> 
			 </row> 
		  </tbody> 
		</tgroup> 
		</table> 
		<table id="table_ar3_lsx_pv"> 
		<title>Token Restriction Query Parameters</title> 
		<tgroup cols="3"> 
		  <colspec colnum="1" colname="col1"/> 
		  <colspec colnum="2" colname="col2"/> 
		  <colspec colnum="3" colname="col3"/> 
		  <thead> 
			 <row> 
				<entry><b>Query Parameter</b> 
				</entry> 
				<entry><b>Description</b> 
				</entry> 
				<entry><b>Required?</b> 
				</entry> 
			 </row> 
		  </thead> 
		  <tbody> 
			 <row> 
				<entry><codeph>expirationTime</codeph> 
				</entry> 
				<entry>Expiration time of this token. This value MUST be a string
				  in 
				  <xref href="http://www.ietf.org/rfc/rfc3339.txt" format="html"
					scope="external">RFC 3339</xref> date/time format in the ‘Z’ zone designator
				  ("Zulu time"), or an integer preceded by a '+' sign. An example of an RFC 3339
				  date/time is 
				  <codeph>2006-04-14T12:01:10Z</codeph>. 
				  <p>If the value is a string in 
					 <xref href="http://www.ietf.org/rfc/rfc3339.txt" format="html"
					  scope="external">RFC 3339</xref> date/time format, then it represents an
					 absolute expiration date/time for the token. If the value is an integer
					 preceded by a '+' sign, then it is interpreted as a relative number of seconds,
					 from issuance, that the token is valid. 
				  </p> For example, 
				  <codeph>+60</codeph> specifies one minute. The maximum and
				  default (if not specified) token lifetime is 30 days. 
				</entry> 
				<entry>No 
				</entry> 
			 </row> 
		  </tbody> 
		</tgroup> 
		</table> 
		<table id="table_eyx_lsx_pv"> 
		<title>Correlation Query Parameters</title> 
		<tgroup cols="3"> 
		  <colspec colnum="1" colname="col1"/> 
		  <colspec colnum="2" colname="col2"/> 
		  <colspec colnum="3" colname="col3"/> 
		  <thead> 
			 <row> 
				<entry><b>Query Parameter</b> 
				</entry> 
				<entry><b>Description</b> 
				</entry> 
				<entry><b>Required?</b> 
				</entry> 
			 </row> 
		  </thead> 
		  <tbody> 
			 <row> 
				<entry><codeph>cookie</codeph><indexterm>cookie<indexterm>as query
						parameter cookie<indexterm>FairPlay</indexterm></indexterm></indexterm> 
				</entry> 
				<entry>An arbitrary string up to 32 characters long, carried in the
				  token and logged by the token redemption server. This can be used to correlate
				  log entries at the redemption server and those at the service provider’s
				  servers. 
				</entry> 
				<entry>No 
				</entry> 
			 </row> 
		  </tbody> 
		</tgroup> 
		</table> 
	 </section> 
	 <section id="section_435D5B65374A4C36A5FDCFFEEA9D1868"> 
		<title>Response</title> 
		<table id="table_tjz_xsx_pv"> 
		<title>HTTP Responses</title> 
		<tgroup cols="4"> 
		  <colspec colnum="1" colname="col1"/> 
		  <colspec colnum="2" colname="col2"/> 
		  <colspec colnum="3" colname="col3"/> 
		  <colspec colnum="4" colname="col4"/> 
		  <thead> 
			 <row> 
				<entry><b>HTTP Status Code</b> 
				</entry> 
				<entry><b>Description</b> 
				</entry> 
				<entry><b>Content-Type</b> 
				</entry> 
				<entry><b>Entity Body Contains</b> 
				</entry> 
			 </row> 
		  </thead> 
		  <tbody> 
			 <row> 
				<entry><codeph>200 OK</codeph> 
				</entry> 
				<entry>No error. 
				</entry> 
				<entry><codeph>text/uri-list</codeph> 
				</entry> 
				<entry>License acquisition URL + token 
				</entry> 
			 </row> 
			 <row> 
				<entry><codeph>400 Bad Request</codeph> 
				</entry> 
				<entry>Invalid args 
				</entry> 
				<entry><codeph>text/html</codeph> or 
				  <codeph>application/json</codeph> 
				</entry> 
				<entry>Error description 
				</entry> 
			 </row> 
			 <row> 
				<entry><codeph>401 Unauthorized</codeph> 
				</entry> 
				<entry>Auth failed 
				</entry> 
				<entry><codeph>text/html</codeph> or 
				  <codeph>application/json</codeph> 
				</entry> 
				<entry>Error description 
				</entry> 
			 </row> 
			 <row> 
				<entry><codeph>404 Not found</codeph> 
				</entry> 
				<entry>Bad URL 
				</entry> 
				<entry><codeph>text/html</codeph> or 
				  <codeph>application/json</codeph> 
				</entry> 
				<entry>Error description 
				</entry> 
			 </row> 
			 <row> 
				<entry><codeph>50x Server Error</codeph> 
				</entry> 
				<entry>Server error 
				</entry> 
				<entry><codeph>text/html</codeph> or 
				  <codeph>application/json</codeph> 
				</entry> 
				<entry>Error description 
				</entry> 
			 </row> 
		  </tbody> 
		</tgroup> 
		</table> 
		<table id="table_i2c_zsx_pv"> 
		<title>Event Error Codes</title> 
		<tgroup cols="2"> 
		  <colspec colnum="1" colname="col1"/> 
		  <colspec colnum="2" colname="col2"/> 
		  <thead> 
			 <row> 
				<entry><b>Code</b> 
				</entry> 
				<entry><b>Description</b> 
				</entry> 
			 </row> 
		  </thead> 
		  <tbody> 
			 <row> 
				<entry>-2002 
				</entry> 
				<entry>Invalid token expiration time: &lt;details&gt; 
				</entry> 
			 </row> 
			 <row> 
				<entry>-2003 
				</entry> 
				<entry>Invalid IP address 
				</entry> 
			 </row> 
			 <row> 
				<entry>-2005 
				</entry> 
				<entry>Invalid content encryption key: &lt;details&gt; 
				</entry> 
			 </row> 
			 <row> 
				<entry>-2008 
				</entry> 
				<entry>Invalid output control flags specified: &lt;details&gt; 
				</entry> 
			 </row> 
			 <row> 
				<entry>-2017 
				</entry> 
				<entry>Authentication token must be supplied 
				</entry> 
			 </row> 
			 <row> 
				<entry>-2018 
				</entry> 
				<entry>Authentication token invalid: &lt;details&gt; 
				  <note>This can happen if the authenticator is wrong or when
					 accessing the test API at 
					 <filepath>*.test.expressplay.com</filepath> using the
					 production authenticator and vice versa. 
				  </note> 
				  <note importance="high">The Test SDK and Advanced Test Tool (ATT)
					 only work with 
					 <filepath>*.test.expressplay.com</filepath>, whereas production
					 devices must use 
					 <filepath>*.service.expressplay.com</filepath>. 
				  </note> 
				</entry> 
			 </row> 
			 <row> 
				<entry>-2019 
				</entry> 
				<entry>Insufficient tokens available 
				</entry> 
			 </row> 
			 <row> 
				<entry>-2020 
				</entry> 
				<entry>Missing rights type 
				</entry> 
			 </row> 
			 <row> 
				<entry>-2021 
				</entry> 
				<entry>Invalid rights type 
				</entry> 
			 </row> 
			 <row> 
				<entry>-2022 
				</entry> 
				<entry>Missing rental period end time 
				</entry> 
			 </row> 
			 <row> 
				<entry>-2023 
				</entry> 
				<entry>Missing rental play duration 
				</entry> 
			 </row> 
			 <row> 
				<entry>-2025 
				</entry> 
				<entry>Invalid rental play duration 
				</entry> 
			 </row> 
			 <row> 
				<entry>-2027 
				</entry> 
				<entry>Content encryption key must be 32-hexadecimal digits long 
				</entry> 
			 </row> 
			 <row> 
				<entry>-2030 
				</entry> 
				<entry>ExpressPlay Admin error: &lt;details&gt; 
				</entry> 
			 </row> 
			 <row> 
				<entry>-2031 
				</entry> 
				<entry>Service Account Disabled 
				</entry> 
			 </row> 
			 <row> 
				<entry>-2033 
				</entry> 
				<entry>Invalid cookie 
				</entry> 
			 </row> 
			 <row> 
				<entry>-2034 
				</entry> 
				<entry>Invalid Output Control, values out of specified range 
				</entry> 
			 </row> 
			 <row> 
				<entry>-2035 
				</entry> 
				<entry>No corresponding value specified 
				</entry> 
			 </row> 
			 <row> 
				<entry>-2036 
				</entry> 
				<entry>Extension type should be 4 characters 
				</entry> 
			 </row> 
			 <row> 
				<entry>-2037 
				</entry> 
				<entry>Extension payload should be Base64 encoded 
				</entry> 
			 </row> 
			 <row> 
				<entry>-2040 
				</entry> 
				<entry><codeph>OutputControlFlag</codeph> must be encode 4 bytes 
				</entry> 
			 </row> 
			 <row> 
				<entry>-3004 
				</entry> 
				<entry>Invalid error format specified: &lt;format&gt; 
				</entry> 
			 </row> 
			 <row> 
				<entry>-4001 
				</entry> 
				<entry>Device could not be authenticated 
				</entry> 
			 </row> 
			 <row> 
				<entry>-4010 
				</entry> 
				<entry>Invalid token 
				</entry> 
			 </row> 
			 <row> 
				<entry>-4018 
				</entry> 
				<entry>Missing Kid 
				</entry> 
			 </row> 
			 <row> 
				<entry>-4019 
				</entry> 
				<entry>Failed to get content key from key storage service 
				</entry> 
			 </row> 
			 <row> 
				<entry>-4020 
				</entry> 
				<entry><codeph>kid</codeph> must be 32 hexadecimal characters long 
				</entry> 
			 </row> 
			 <row> 
				<entry>-4021 
				</entry> 
				<entry><codeph>kid</codeph> must be 64 characters long after the ^ 
				</entry> 
			 </row> 
			 <row> 
				<entry>-4022 
				</entry> 
				<entry>Invalid 
				  <codeph>kid</codeph> 
				</entry> 
			 </row> 
			 <row> 
				<entry>-4024 
				</entry> 
				<entry>Invalid encrypted key or 
				  <codeph>kek</codeph> 
				</entry> 
			 </row> 
			 <row> 
				<entry>-5003 
				</entry> 
				<entry>Invalid general flags 
				</entry> 
			 </row> 
			 <row> 
				<entry>-6001 
				</entry> 
				<entry>Invalid 
				  <codeph>FPExtension</codeph> parameters specified 
				</entry> 
			 </row> 
			 <row> 
				<entry>-6002 
				</entry> 
				<entry>Invalid FP Token Type 
				</entry> 
			 </row> 
			 <row> 
				<entry>-6003 
				</entry> 
				<entry>Invalid 
				  <codeph>iv</codeph> parameter specified 
				</entry> 
			 </row> 
			 <row> 
				<entry>-6004 
				</entry> 
				<entry>Failed to generate CKC for FP 
				</entry> 
			 </row> 
			 <row> 
				<entry>-6005 
				</entry> 
				<entry>Invalid key data specified 
				</entry> 
			 </row> 
			 <row> 
				<entry>-6006 
				</entry> 
				<entry>Service not authorized for FairPlay support 
				</entry> 
			 </row> 
			 <row> 
				<entry>-6007 
				</entry> 
				<entry>Invalid rental duration specified 
				</entry> 
			 </row> 
			 <row> 
				<entry>-6008 
				</entry> 
				<entry>Device ID binding is not supported for FairPlay 
				</entry> 
			 </row> 
			 <row> 
				<entry>-6009 
				</entry> 
				<entry>FairPlay option disabled 
				</entry> 
			 </row> 
		  </tbody> 
		</tgroup> 
		</table> 
	 </section> 
  </refbody> 
</reference> 