<?xml version="1.0" encoding="UTF-8"?>
<!DOCTYPE concept PUBLIC "-//OASIS//DTD DITA Concept//EN" "concept.dtd">
<concept id="concept_z5n_4kq_tv"> 
  <title>Multi-DRM Workflow for FairPlay</title> 
  <shortdesc>The DRM workflows involve packaging your content, providing
	 licensing for the content, and playing back the protected content from your own
	 video application. The workflow is generally similar for each DRM solution, but
	 with some differences is in the details.
  </shortdesc> 
  <conbody>
	 <p>This Multi-DRM workflow takes you through setup, packaging, licensing,
		and playback of HLS content protected with Apple FairPlay. This workflow also
		includes optional instructions for implementing offline playback and license
		rotation. 
	 </p>
  </conbody> 
</concept> 
