<?xml version="1.0" encoding="UTF-8"?>
<!DOCTYPE task PUBLIC "-//OASIS//DTD DITA Task//EN" "task.dtd">
<task id="task_fq5_kwb_rw">
    <title>Get Provisioned (Accounts, etc.)</title>
    <shortdesc>To get started with <i>Primetime DRM Cloud, powered by ExpressPlay</i>, you need to
        set up Adobe Cert and ExpressPlay accounts with the help of your Adobe
        representative.</shortdesc>
    <taskbody>
        <context/>
        <steps id="steps_agy_mwb_rw">
            <step>
                <cmd>Contact your Adobe representative and request the Adobe Cert and ExpressPlay
                    accounts you will need for implementing Multi-DRM with TVSDK.</cmd>
                <info>Provide your Adobe representative with the email address you will be using as
                    your contact point. Adobe then creates two accounts for you: <ul
                        id="ul_dww_gyk_5v">
                        <li><b><i>Certificate Portal Account</i></b> - (<xref
                                href="http://certportal.primetime.adobe.com" format="html"
                                scope="external">http://certportal.primetime.adobe.com</xref>) : The
                                <i>Adobe Access / Primetime DRM Certificate Enrollment Management
                                Team</i> sends an email to the addresses you provided them. The
                            email includes the URL for the Adobe cert portal, along with a link to
                            Adobe's certificate enrollment documentation (latest docs are here:
                                <xref
                                href="http://help.adobe.com/en_US/primetime/drm/5.3/certificate_enrollment/index.html#concept-Certificate_Enrollment_Guide"
                                format="html" scope="external">Certificate Enrollment
                            Guide</xref>).</li>
                        <li><b><i>ExpressPlay Account</i></b> - Adobe sends you an email that
                            contains a link you use to register for your ExpressPlay Admin
                            account.</li>
                    </ul></info>
                <stepresult> </stepresult>
            </step>
            <step>
                <cmd>Log in to the Adobe cert portal using your Adobe ID (use the same email address
                    that you provided to your Adobe representative). If you don't have an Adobe ID
                    yet, you can quickly create one by following the <i>Get an Adobe ID</i> link
                    from the cert portal:</cmd>
                <info>
                    <fig id="fig_mst_gtj_wv" frame="none">
                        <image href="images/cert_portal_sign-in-page-web.png" id="image_xkt_vtj_wv"
                        />
                    </fig>
                </info>
            </step>
            <step>
                <cmd>On the Adobe cert portal, request a <i>Trial</i> cert.</cmd>
                <info>For the Multi-DRM trial, a single trial cert will cover all of these aspects
                    of content protection: packaging, licensing, and transport. You will need to
                    supply your own <xref
                        href="http://help.adobe.com/en_US/primetime/drm/5.3/certificate_enrollment/#task-Generate_a_Certificate_Signing_Request"
                        format="html" scope="external">CSR</xref> to make a request for a cert: <fig
                        id="fig_op1_xwj_wv">
                        <image href="images/cert_portal_trial_request-web.png" id="image_tkh_ywj_wv"
                        />
                    </fig></info>
                <stepresult>Adobe will send you an email that indicates acceptance or rejection of
                    your cert request. You can see the status of your cert request(s) on the
                        <i>Request history</i> tab on the cert portal:<fig id="fig_gkl_myj_wv">
                        <image href="images/cert_portal_request_history-web.png"
                            id="image_ks2_pyj_wv"/>
                    </fig></stepresult>
            </step>
            <step>
                <cmd>Create your ExpressPlay Admin account.</cmd>
                <info>Follow the link to ExpressPlay that Adobe provided to you. This opens the
                        <i>Create an Account</i> page at ExpressPlay. Fill in the required
                    information and submit the form. You will receive an email from
                        <codeph>operations@expressplay.com</codeph> containing an activation link
                    that is good for a week. After you activate, set up your ExpressPlay
                        service:<fig id="fig_cjl_ztk_wv">
                        <image href="images/expressplay_create_service-web.png"
                            id="image_pk5_rwk_wv"/>
                    </fig><p>When you have created your service, you are presented with your own
                        Admin page. Along with some activity tracking fields, you will see your
                        Production and Test <i>customer authenticators</i> (API keys), and your
                        Production and Test service URLs:</p><fig id="fig_c5h_xdl_wv">
                        <image href="images/expressplay_admin_dashboard-web.png"
                            id="image_fyt_n2l_wv" placement="inline"/>
                        <image href="images/expressplay_admin_dashboard_2-web.png"
                            id="image_jhs_p2l_wv" placement="break"/>
                    </fig></info>
            </step>
            <step>
                <cmd>If you are using FairPlay, there are additional steps involved (on the Apple
                    developer site) to get set up with ExpressPlay. See <xref
                        href="t_multi_drm_workflow_enable-expressplay-for-fairplay.xml"/> for
                    instructions.</cmd>
            </step>
        </steps>
    </taskbody>
</task>
