<?xml version="1.0" encoding="UTF-8"?>
<!DOCTYPE task PUBLIC "-//OASIS//DTD DITA Task//EN" "task.dtd">
<task id="handle-the-licensing"> 
  <title>Licensing</title> 
  <shortdesc>Licensing is the primary mechanism by which users are allowed or
	 denied the ability to play a piece of protected video content. A legitimate
	 (entitled) user can be issued a license (a key) to decrypt and play a specific
	 piece of their content provider's encrypted content. 
  </shortdesc> 
  <taskbody> 
	 <context id="context_B89B8622E66248BEA69F1E0FA25F6DBB"> 
		<p>Before your app or web page on an end-user’s device can play
		  DRM-protected content, it must acquire a token from an entitlement or
		  storefront server that you, the customer, operate. Adobe provides a sample
		  reference server for this purpose: 
		  <xref href="sees-reference-server.xml"
		  format="xml" scope="peer">Reference Server: Sample ExpressPlay Entitlement
			 Server (SEES) 
		  </xref>. 
		</p> 
		<p>Your entitlement or storefront server will request a license token
		  from the relevant ExpressPlay Server, only after checking with your own back
		  end systems to determine if the specific user is entitled to watch the
		  requested content. The response returned from the license token request is
		  either a ready-to-use URL for the license server, or the response contains the
		  URL in a JSON structure, depending upon the DRM solution you are working with. 
		  <note importance="high">The license token request cannot be made from
			 the client itself: 
			 <ol id="ol_qpj_4mk_rx"> 
				<li id="li_8A0222C373C44993AD009455DC6548DE">The entitlements must
				  be checked in a trusted environment; and 
				</li> 
				<li id="li_A6682DABAA574D8580DAB80503F4DD10">The customer
				  authenticator must be kept secret. 
				</li> 
			 </ol> 
		  </note> 
		</p> 
	 </context> 
	 <steps id="steps_vvh_txb_rw"> 
		<step id="step_7DEF343367CB49B59F4BB5FE0D9BB816"> 
		  <cmd>Make the license token request. 
		  </cmd> 
		  <info>For a quick-start scenario, in which you merely want to make sure
			 that the various components involved are working together, you may want to use
			 something like 
			 <filepath>curl</filepath> to make your license token request, (as
			 opposed to initially getting an app up and running and testing calls from
			 there). For example: 
			 <ul id="ul_iny_c2v_sv"> 
				<li id="li_3114F3B1214A439DBD1CC4640767DADB">Widevine: 
				  <codeblock>curl "https://wv-gen.test.expressplay.com/hms/wv/token?customerAuthenticator=
&lt;Customer Authenticator&gt;
&amp;kid<indexterm>CEKSID<indexterm>as query parameter kid<indexterm>Widevine</indexterm></indexterm></indexterm>=&lt;CEKSID&gt;
&amp;contentKey<indexterm>CEK<indexterm>as query parameter contentKey<indexterm>Widevine</indexterm></indexterm></indexterm>=&lt;CEK&gt;
&amp;&lt;Any additional licensing attributes desired&gt;" &gt;&gt;WidevineToken </codeblock>Sample Widevine test token: 
				  <codeblock>https://wv.test.expressplay.com/widevine/RightsManager.asmx?ExpressPlayToken=
AQAAAJJ2Y0MAAABQbyvnJ6KgEg_w-2yZmU-MsjTEZ3f7UkhUcFhDFAvdonzBk
RGQU-xe1G-DMbel5-BVH_PozovdWhKZx0_SXRokfh9-FERmBl6OEfGfPqMI1e
O1PqRkx59Q2q1s2cFNrqfml8Y3RQ
</codeblock> 
				  <p>Note that the Widevine response is a "ready-to-use" URL
					 string. 
				  </p> 
				</li> 
				<li id="li_86C1B13007234EA6BEB5C96C9132DDE2">PlayReady: 
				  <codeblock>curl "https://pr-gen.test.expressplay.com/hms/pr/token?customerAuthenticator=
&lt;Customer Authenticator&gt;
&amp;kid<indexterm>CEKSID<indexterm>as query parameter kid<indexterm>PlayReady</indexterm></indexterm></indexterm>=&lt;Key ID&gt;
&amp;contentKey<indexterm>CEK<indexterm>as query parameter contentKey<indexterm>PlayReady</indexterm></indexterm></indexterm>=&lt;CEK&gt;
&amp;&lt;Any additional licensing attributes desired&gt;" &gt;&gt;playreadyToken</codeblock> Sample PlayReady test token: 
				  <codeblock>{"licenseAcquisitionUrl":"http://pr.test.expressplay.com/playready/RightsManager.asmx",
"token":"AQAAAxBbWv4AAABgV8_GaWjU80mObLQdfwEdy1lenXmcqvx5VLyqixigtwXLthzjPxq9QDT-TYbudNrMSOpUAy
G_2Qt8RdTGJ2_Q_xtRfnj7H6C-yt6By40IhNaSQ0nNYUsY1_MtCrHXIltlVhN2Ekr_RNyTNvCjYs0V5TqzOPY"}
</codeblock> 
				  <p>Note that the PlayReady response is a JSON object, with
					 separate URL and token elements. 
				  </p> 
				</li> 
				<li id="li_35F0D9E59970413CB9976F691BDF5392">FairPlay: 
				  <codeblock>curl "https://fp-gen.test.expressplay.com/hms/fp/token?customerAuthenticator=
&lt;Customer Authenticator&gt;
&amp;kid<indexterm>CEKSID<indexterm>as query parameter kid<indexterm>FairPlay</indexterm></indexterm></indexterm>=&lt;Key ID&gt;
&amp;contentKey<indexterm>CEK<indexterm>as query parameter contentKey<indexterm>FairPlay</indexterm></indexterm></indexterm>=&lt;CEK&gt;
&amp;iv=&lt;IV ID&gt;
&amp;&lt;Any additional licensing attributes desired&gt;"</codeblock>Sample FairPlay test token: 
				  <codeblock>https://{expressplay_test_domain_license_url}/?ExpressPlayToken=
AQAAAJJ2Y0MAAABQbyvnJ6KgEg_w-2yZmU-MsjTEZ3f7UkhUcFhDFAvdonzBk
RGQU-xe1G-DMbel5-BVH_PozovdWhKZx0_SXRokfh9-FERmBl6OEfGfPqMI1e
O1PqRkx59Q2q1s2cFNrqfml8Y3RQ
</codeblock> 
				  <p>Note that the FairPlay response is a "ready-to-use" URL
					 string. 
				  </p> 
				</li> 
			 </ul> 
		  </info> 
		</step> 
	 </steps> 
  </taskbody> 
</task> 
