<?xml version="1.0" encoding="UTF-8"?>
<!DOCTYPE concept PUBLIC "-//OASIS//DTD DITA Concept//EN" "concept.dtd">
<concept id="keys-ids-and-authenticators"> 
  <title>Keys, IDs, and Authenticators</title> 
  <shortdesc>To implement DRM you need particular certs and keys, including a
	 content encryption key or CEK to encrypt your content, a customer authenticator
	 for protecting communications with ExpressPlay servers, and CEKSIDs for
	 identifying your content encryption keys as stored in a key management system. 
  </shortdesc> 
  <conbody> 
	 <p>You need these items to package, license, and play your protected
		content: 
	 </p> 
	 <section id="section_8D16D36BAE3B4D1F92A0C43567D782D0">
		<title>Content Encryption Key</title>
		<p>The Content Encryption Key (CEK) is a 16-byte string used for
		  encrypting content.
		</p>
		<p><indexterm>CEK</indexterm><b>What is the CEK?</b> - The CEK is the key
		  that your packager uses to encrypt your content. It's a 16 byte hex encoded
		  string. 
		</p> 
		<p><b>Where does the CEK come from?</b> - You (the content provider)
		  create this key yourself, using a tool such as OpenSSL, or Notepad++. For
		  example: 
		  <codeblock>openssl rand 16 -hex &gt; cek_hex_file</codeblock> or (for the Adobe Offline Packager): 
		  <ol id="ol_idz_hwd_rw"> 
			 <li id="li_D324289755034C028C2165AF341B5D14">Generate the 16 byte hex
				encoded string, as above or using some other tool. It will look something like
				this: 
				<codeblock>7debe705d938c76bfd886f077b8fa5f7</codeblock> 
			 </li> 
			 <li id="li_D829C2A6CFB549D3AB0BC3DA165F5F58">Open Notepad++ and paste
				in the 16 byte hex string. 
			 </li> 
			 <li id="li_CA12C93896934769BDEB76E1C6A6F4E7">Convert this value from
				hex ASCII by Base64-encoding the value to create your 
				<filepath>keyfile.bin</filepath>. (This is covered in 
				<xref href="package-your-content.xml"/>.) 
			 </li> 
		  </ol> 
		</p> 
		<p><b>Same key, different name?</b> - Yes, you may see the CEK referred
		  to by other names in other places, such as: 
		<ul id="ul_dq1_nqh_qw"> 
		  <li id="li_DDD2D29DCD4F42E580123CB76BE2A3CE"> 
			 <p><b><filepath>[somefile].bin</filepath></b> - The Adobe Offline
				Packager refers to the CEK as 
				<filepath>[somefile].bin</filepath>; e.g., 
				<i><filepath>Keyfile.bin</filepath></i> - This is your CEK as used
				by the Adobe Offline Packager, in the form of a file on the machine you use for
				packaging content. 
			 </p> 
			 <p> You "Base64" your random CEK hex string, and save it as a file
				(e.g., 
				<filepath>keyfile.bin</filepath>), usually located in the 
				<filepath>creds</filepath> directory beneath 
				<filepath>offlinepkgr/</filepath>. In your Packager config file
				(e.g., you might call it 
				<filepath>widevine.xml</filepath> if you're packaging for the
				Widevine DRM), you refer to your CEK in your config file like this: 
			 </p> 
			 <codeblock>&lt;config&gt; 
  &lt;in_path&gt;sample.mp4&lt;/in_path&gt; 
  &lt;out_type&gt;dash&lt;/out_type&gt;
  <b>&lt;key_file_path&gt;keyfile.bin&lt;/key_file_path&gt;</b> // This is your CEK 
  […]
&lt;/config&gt; </codeblock> 
		  </li> 
		  <li id="li_B9948D3EEFB245A59322BFF85DACCE90"><b>Content Key</b> - You
			 also may see the CEK referred to as a Content Key in calls
			 (<codeph>&amp;contentKey=</codeph>), in error messages, in support tickets, and
			 in other documentation. 
		  </li> 
		</ul> 
		</p> 
		<p><b>When / where do I use it?</b> 
		<ol id="ol_mns_rxd_rw"> 
		  <li id="li_7341E18B83C54007B4150621F4019A04">First, you need to have
			 the CEK available on the machine on which you are doing your packaging. Your
			 packaging tool uses your CEK to encrypt your content. 
		  </li> 
		  <li id="li_FA54F181C9324AB09A8B2CED690C9EBF">Second, you need to store
			 the CEK in some form of Key Management System (KMS), with each CEK associated
			 with its own 
			 <xref href="key-id.xml"/>. You can create your
			 own KMS, or use 
			 <xref
			  href="http://www.expressplay.com/developer/key-storage/" format="html"
			  scope="external">ExpressPlay's Key Storage</xref>. This lets your storefront
			 (your entitlement server, that handles customer entitlement and License Token
			 provision) pull a license token for the customer from the KMS using a Key ID
			 instead of the actual CEK (this is much more secure). 
		  </li> 
		</ol> 
		</p>
	 </section>
	 <section id="section_0C94F54970E04BDB82DE3C8A33A62CD4">
		<title>Content Encryption Key Storage ID</title>
		<p>The Content Encryption Key Storage ID (CEKSID) uniquely identifies the
		  stored key that decrypts an encrypted piece of video content. 
		</p>
		<p><indexterm>CEKSID</indexterm><b>What is the CEKSID?</b> - The CEKSID
		  is the unique identifier for a Content Encryption Key (CEK). The CEK is
		  necessary to unlock the protected content; the CEKSID is necessary to access
		  the CEK from where it is stored. When you are testing your setup, you can
		  provide a random CEKSID and CEK at Packaging time, as long as you use the same
		  information for the licensing and playback checks. 
		</p> 
		<p><b>Where does it come from?</b> - You (the content provider) can
		  create this ID yourself, or you can use a service such as 
		  <xref href="http://www.expressplay.com/developer/key-storage/"
		  format="html" scope="external">ExpressPlay's Key Storage</xref> to generate
		  CEKSIDs for each of your CEKs (and store both of them). Further, you can use
		  randomly generated CEKSIDs, or employ a scheme that suits your business model.
		  For example, you could use CEKSIDs that are meaningful strings rather than
		  random Hex strings (the ID name could consist of subjects, dates, times, etc.) 
		</p> 
		<p><b>What else is the CEKSID called?</b> - It is sometimes referred to
		  as a 
		  <i>Content ID</i>. 
		</p>
	 </section>
	 <section id="section_F9DDBAA54C544D82A42320CBEEB6CD74">
		<title>Customer authenticator</title>
		<p>The customer authenticator is a key you obtain from ExpressPlay when
		  you set up an admin account there. The authenticator is used in communications
		  with ExpressPlay servers. 
		</p>
		<p><b>What are the customer authenticators?</b> - The two 
		  <indexterm>Customer authenticator</indexterm>customer authenticators
		  make up the pair of IDs — one for testing, one for production — that
		  ExpressPlay registers for you hen you sign up with their service. They are
		  always available to you on your ExpressPlay admin page: 
		  <fig id="fig_c5h_xdl_wv"> 
			 <image href="images/expressplay_admin_dashboard-web.png"
			  id="image_fyt_n2l_wv"/> 
		  </fig> 
		</p> 
		<p><b>When do I use this?</b> - You include this in all calls to
		  ExpressPlay servers — for example, license servers, 
		  <xref href="http://www.expressplay.com/developer/key-storage/"
			format="html" scope="external">ExpressPlay Key Storage</xref>, and other calls.
		  
		</p>
	 </section>
  </conbody> 
</concept> 
