<?xml version="1.0" encoding="UTF-8"?>
<!DOCTYPE concept PUBLIC "-//OASIS//DTD DITA Concept//EN" "concept.dtd">
<concept id="r_multi_drm_workflows_license-token-req-resp-ref"> 
  <title>ExpressPlay license token request / response reference
	 overview</title> 
  <shortdesc>ExpressPlay provides reference documentation on their site. Some
	 of ExpressPlay's request / response reference documentation that is relevant to
	 
	 <i>Primetime Cloud DRM, powered by ExpressPlay</i> is also posted here for
	 convenience.
  </shortdesc> 
  <conbody> 
	 <p>The latest, comprehensive ExpressPlay API documentation is located here:
		
		<xref href="https://www.expressplay.com/developer/restapi/" format="html"
		scope="external">https://www.expressplay.com/developer/restapi/</xref>.
	 </p> 
  </conbody> 
</concept> 
