<?xml version="1.0" encoding="UTF-8"?>
<!DOCTYPE task PUBLIC "-//OASIS//DTD DITA Task//EN" "task.dtd">
<task id="task_cpr_fwl_wy"> 
  <title>Device Binding</title> 
  <shortdesc>In some cases you may want to restrict end users from playing
	 content on multiple devices when the content is purchased or rented. If the
	 customer is using Expressplay, this can be done by using the Expressplay APIs
	 to bind the user's Expressplay token to the user's machine. 
  </shortdesc> 
  <taskbody> 
	 <context id="context_72CA412BB87C4506BEAC56297DC83545"> 
		<p>You can use the APIs in the following way. 
		</p> 
	 </context> 
	 <steps id="steps_3E63859C85614341B4AE8648AD7402EC"> 
		<step id="step_ECF671361B4A4DF286318EB85F7A1659"> 
		  <cmd>Generate a cookie. 
		  </cmd> 
		</step> 
		<step id="step_FFB98B24D15844818353DE596F075EC9"> 
		  <cmd>Send a dummy token generation request with the generated cookie
			 attached as either a query string (cookie=&lt;cookie&gt;) or as headers. 
		  </cmd> 
		</step> 
		<step id="step_99579F139C6A46CEA411984F63D4965A"> 
		  <cmd>Have the user's machine send a license request to the Expressplay
			 license server using the above token, for example by playing a dummy content. 
		  </cmd> 
		  <info>This dummy license request, when successful, associates the
			 user's device_id (calculated or generated by the DRM implementation on the
			 user's device) to the cookie in the Expressplay back-end. This cookie is then
			 used in the following manner: 
			 <ul id="ul_CDAC901DB53E49E29515AC7E7001940F"> 
				<li id="li_DF1D5CF4EBC94CFEBDABCB4AD2241D3D">At content
				  purchase/rent time, the code queries the Expressplay back-end for the user's
				  device_id by sending the associated cookie (<xref format="html"
				  href="https://www.expressplay.com/developer/restapi/#record-retrieval">https://www.expressplay.com/developer/restapi/#record-retrieval</xref>)
				  
				</li> 
				<li id="li_F65844F00E964E1E9B4E7C1FD63DF275"> Send a token
				  generation request with the purchased content's key (CEK), keyID (CEKSID),
				  policies, and other information, attaching the cookie and device_id above as,
				  respectively, the 
				  <codeph>cookie</codeph> correlation parameter and 
				  <codeph>deviceid</codeph> token restriction parameter. 
				</li> 
				<li id="li_64F7008E5E81494F8126992E75B23E96"> Provide this token to
				  the user. 
				</li> 
			 </ul> 
			 <p>This process generates a token for the content bound to the user's
				device_id. When the user's machine sends out a license request with this token,
				the Expressplay back-end will cross check the token's device_id with the
				license request's device_id. 
			 </p> 
			 <p>A sample Expressplay entitlement server implements this workflow. 
			 </p> 
		  </info> 
		</step> 
	 </steps> 
  </taskbody> 
</task> 
