<?xml version="1.0" encoding="UTF-8"?>
<!DOCTYPE concept PUBLIC "-//OASIS//DTD DITA Concept//EN" "concept.dtd">
<concept id="concept_rzg_lwf_3y"> 
  <title>Client Key Request workflow overview</title> 
  <shortdesc>To play the DASH content resulting from content packaging, the
	 TVSDK client will need to obtain the content decryption key that was passed
	 during the packaging process in the key acquisition workflow. The client
	 content decryption key is typically delivered to the client by a
	 Widevine/PlayReady license server in response to one or more HTTP/HTTPS posts
	 from the client. 
  </shortdesc> 
  <conbody> 
	 <p>To acquire the content decryption key, the PSDK client must do the
		following 
	 </p> 
	 <ul id="ul_ggd_qwf_3y"> 
		<li id="li_90EC9EBA4C32445A88F13F453034098D">Grab the content's pssh box,
		  give it to the platform, and obtain in response a key request. 
		</li> 
		<li id="li_C975985AE65A49F4B45CDB9E47AC8742">Send the key request out to
		  the appropriate Widevine/PlayReady license server through an HTTP POST. 
		</li> 
		<li id="li_A6D84D12E7AF4C088AD7BC4439721AE6">Pass the server's response
		  to the platform which will extract the client content decryption key from the
		  response and use it for content decryption. 
		</li> 
	 </ul> 
	 <p>To send out the HTTP POST for the key request, your code must pass to
		the PSDK client the license server URL along with any extra data that needs to
		be attached to the post. The choice of URL and data to pass depends the
		Widevine/PlayReady service provider you work with. For example, if you use
		ExpressPlay for providing the service, you pass in the appropriate ExpressPlay
		Widevine/PlayReady license server URL and attach to the outgoing key request
		the ExpressPlay token associated with the content's encryption key. You can get
		the appropriate ExpressPlay Widevine/PlayReady license server URL from the
		ExpressPlay documentation. 
	 </p> 
  </conbody> 
</concept> 
