<?xml version="1.0" encoding="UTF-8"?>
<!DOCTYPE concept PUBLIC "-//OASIS//DTD DITA Concept//EN" "concept.dtd">
<concept id="concept_yr3_dpl_wy"> 
  <title>Expressplay tokens</title> 
  <shortdesc>You can generate Expressplay tokens for their encrypted content by
	 sending token requests to the appropriate Expressplay token server. 
  </shortdesc> 
  <conbody> 
	 <p>An example is the following URL: 
	 </p> 
	 <pre>
https://wv-gen.service.expressplay.com/hms/wv/
token?customerAuthenticator=&lt;your expressplay customer authenticator&gt;
&amp;kid<indexterm>CEKSID<indexterm>as query parameter kid<indexterm>Widevine</indexterm></indexterm></indexterm>=fd1a706ac2b36002888f6d4a414333c3
&amp;contentKey<indexterm>CEK<indexterm>as query parameter contentKey<indexterm>Widevine</indexterm></indexterm></indexterm>=5438b719bf47a2f5678237477db2f9e6
&amp;securityLevel=1
&amp;hdcpOutputControl=0</pre> 
	 <p>The content encryption key storage ID or CEKSID given to the 
		<codeph>kid</codeph> parameter and the content encryption key or CEK
		given to the 
		<codeph>contentKey</codeph> parameter must match the content encryption
		key storage ID and content encryption key used for packaging. The following
		text is an example of the token server response: 
	 </p> 
	 <pre>https://wv.service.expressplay.com/hms/wv/rights/
?ExpressPlayToken=AQAAABIDKbgAAABQbt68jktab0YRY-r9mo6VP
 VqDDvkHq78x4V9_AyBUTtcNFHw5JtNKlKrMt-4HBdJ3Fopr7fqFSBp
 SJ4o-d8teAkUZUtW3Od5V-SHsCLnAlbFW84K71h2xNUiMAvRcUFBG3bjxMQ</pre> 
	 <p>You can then either 
	 </p> 
	 <ul id="ul_EEC0E8EE0FBF4A3AAAD385E70052E4F5"> 
		<li id="li_44BED6BFA89C44139AD033D3DDAC90EF">use the returned URL and
		  query as the license server URL, or 
		</li> 
		<li id="li_0B0885646B324BE1B68CB17C78A0F5F8">take out the query from the
		  URL and pass in the ExpressPlayToken separately as a HTTP POST header 
		</li> 
	 </ul> 
  </conbody>
</concept>
