<?xml version="1.0" encoding="UTF-8"?>
<!DOCTYPE concept PUBLIC "-//OASIS//DTD DITA Concept//EN" "concept.dtd">
<concept id="concept_m21_hcz_mx"> 
  <title>Licensing and playback for FairPlay</title> 
  <shortdesc>Licensing and playback of FairPlay-protected content requires
	 swapping of URL schemes, between the scheme used in the video manifest file
	 (<codeph>skd:</codeph>) and the one used in ExpressPlay token requests
	 (<codeph>https:</codeph>). 
  </shortdesc> 
  <conbody> 
	 <p>Instructions for implementing licensing and playback from an iOS TVSDK
		client are here: 
		<xref
		 href="http://help.adobe.com/en_US/primetime/psdk/ios/index.html#PSDKs-task-Enable_Apple_FairPlay_in_TVSDK_applications"
		 format="html" scope="external">Enable Apple FairPlay in TVSDK
		  applications</xref>. You can also optionally implement offline playback and
		license rotation for FairPlay.
	 </p> 
	 <section id="section_047A05D1E3B64883858BC601CFC8F759">
		<title>HLS Offline with FairPlay</title>
		<p>You may want to make it possible for users to play FairPlay-protected
		  content when its licensing is not retrievable because the player is isolated
		  from the web (such as on an airplane). 
		</p>
		<p>Before you begin this task, download and read the Apple document 
		  <xref
			href="/en_US/primetime/drm/multi-drm-workflows/OfflineHLSGuide_withFPS.pdf"
			scope="peer" format="pdf">Offline Playback with FairPlay Streaming and HTTP
			 Live Streaming</xref>. Read the guide to learn how to download Transport Stream
		  (TS) segments and save them to your local machine. 
		</p> 
		<p>Implement offline play for FairPlay with this workflow: 
		</p>
		<ol id="ol_688E285583A04F13A80574E37DD07DE5">
		  <li id="li_EA75F3ADBE7C48BFA161F7E82BECC96E">Download the HLS TS
			 segment.
		  </li>
		  <li id="li_2D699A12FE7244539F4A42D8F85E6947">Request Persistent Rental
			 license from the FairPlay server (see 
			 <xref
			  href="c_multi_drm_workflow_fairplay_persistent_rental_policy.xml">FairPlay
				Persistent Rental Policy</xref>).
		  </li>
		  <li id="li_3F22678EA6624AE2B6276FF0E50ECC9A">Save the 
			 <codeph>persistentContentKey</codeph>. 
		  </li>
		  <li id="li_5C69C87718A94C8998E1A5C27F34F4EF">Play the FairPlay content
			 offline. 
		  </li>
		</ol>
		<note> 
		  <p>FairPlay Streaming on the client does not start decryption if the
			 persisted content key has expired. However, it will continue the user
			 experience if the content key expires during playback. 
		  </p> 
		  <p>See 
			 <xref
			  href="https://developer.apple.com/library/content/documentation/AudioVideo/Conceptual/MediaPlaybackGuide/Contents/Resources/en.lproj/HTTPLiveStreaming/HTTPLiveStreaming.html#//apple_ref/doc/uid/TP40016757-CH11-SW3"
			  format="html" scope="external" type="web">Working with HTTP Live
				Streaming</xref> document for more details. 
		  </p> 
		</note>
	 </section>
	 <section id="section_D32AA08C61474B4F876AC2A5F18CB879">
		<title>FairPlay license rotation</title>
		<p>License rotation is a scheme for preventing license hacking of content
		  that plays for a long time. 
		</p>
		<p>In an M3U8 manifest, each key tag will apply to the following TS
		  segments until the next key tag, or until the end of the file. 
		</p> 
		<p>To add license rotation, do the following: 
		</p>
		<ul id="ul_651B4C3AEC4F42F6BAA1F0DB156C7236">
		  <li id="li_F8F86FEAF0BB4D9D92B4B3A7534EE33F">Insert a new FairPlay key
			 tag during license rotation time.
			 <p>Any number of key tags can be added. 
			 </p> 
			 <p>For linear contents, make sure to maintain the most recent key tag
				in the M3U8 window. iOS will request the next M3U8 when there are about two TS
				segments left to be played (around 20 seconds). If the new M3U8 contains new
				key tags, all of the key requests will happen immediately. The previous
				existing keys will not be requested again. iOS will wait for all of the key
				requests to finish before playback will start. 
			 </p> 
			 <p>For VOD contents with license rotation, all of the key requests
				will happen at the beginning of playback. 
			 </p> 
			 <p>Following is a sample M3U8 with key rotation: 
			 </p> 
			 <pre>#EXTM3U
#EXT-X-TARGETDURATION:10
#EXT-X-VERSION:5
#EXT-X-MEDIA-SEQUENCE:0
#EXT-X-PLAYLIST-TYPE:VOD
#EXT-X-KEY:METHOD=SAMPLE-AES,URI="skd://one?cek<indexterm>CEK<indexterm>as query parameter cek<indexterm>FairPlay license rotation</indexterm></indexterm></indexterm>=1dc2cc71d913f4f74eca0c4632
212b25&amp;iv=e21f0f72b6363ff6143737cb1e9ca8d7",KEYFORMAT="com.apple.streaming
keydelivery",KEYFORMATVERSIONS="1"
#EXTINF:10,
fileSequence0.ts
#EXTINF:10,
fileSequence1.ts
#EXTINF:10,
fileSequence2.ts
#EXTINF:10,
fileSequence3.ts
#EXTINF:10,
fileSequence4.ts
#EXTINF:10,
fileSequence5.ts
#EXTINF:10,
fileSequence6.ts
#EXTINF:10,
fileSequence7.ts
#EXTINF:10,
#EXT-X-KEY:METHOD=SAMPLE-AES,URI="skd://two?cek<indexterm>CEK<indexterm>as query parameter cek<indexterm>FairPlay license rotation</indexterm></indexterm></indexterm>=f6efc698b96cf8f4fa46d5237d
337c77&amp;iv=18401077091784bcda8079acf978dc95",KEYFORMAT="com.apple.streaming
keydelivery",KEYFORMATVERSIONS="1"
#EXTINF:10,
fileSequence8.ts
#EXTINF:10,</pre>
		  </li>
		</ul>
	 </section>
  </conbody> 
</concept> 
