<?xml version="1.0" encoding="UTF-8"?>
<!DOCTYPE concept PUBLIC "-//OASIS//DTD DITA Concept//EN" "concept.dtd">
<concept id="overview"> 
  <title>Multi-DRM overview</title> 
  <shortdesc>You can implement multiple DRM solutions for your TVSDK apps using
	 
	 <i>Primetime DRM Cloud, powered by ExpressPlay</i>. DRM solutions include
	 Apple's FairPlay, Google's Widevine, Microsoft's PlayReady, and Primetime
	 Access from Adobe. 
  </shortdesc> 
  <conbody>
	 <p>Adobe TVSDK supports DRM protection using multiple DRM schemes. Adobe
		offers 
		<i>Primetime DRM Cloud, powered by ExpressPlay</i> to provide packaging,
		licensing, and playback of your video content on multiple platforms. 
	 </p> 
	 <p>DRM schemes supported include Adobe’s 
		<i>Primetime Access</i> DRM (AAXS), as well as native DRMs on various
		devices including 
		<xref href="http://www.widevine.com" format="html"
		scope="external">Widevine</xref> on Chrome and Android, 
		<xref href="https://developer.apple.com/streaming/fps/" format="html"
		scope="external">FairPlay</xref> on Safari and iOS, and 
		<xref href="https://www.microsoft.com/playready/" format="html"
		scope="external">PlayReady</xref> on Edge and XboxOne. Check with an Adobe
		representative for information on which DRM schemes are currently available on
		these platforms, as well as the scheduled dates of future releases. 
	 </p> 
	 <p>TVSDK supports DRM licenses issued by any license server using these
		protocols. In addition to support for multiple DRM solutions, Adobe offers 
		<i>Primetime DRM Cloud, powered by ExpressPlay</i> as a solution in which
		ExpressPlay operates the license servers for each solution. This can simplify
		setup and maintenance for your DRM license issuance needs. 
	 </p> 
	 <p>To use 
		<i>Primetime DRM Cloud, powered by ExpressPlay</i> for implementing your
		DRM needs in TVSDK apps, you must first obtain an 
		<xref href="https://www.expressplay.com" format="html"
		scope="external">ExpressPlay.com</xref> account. ExpressPlay provides the
		licensing capability for several different DRM protection schemes, and also
		provides other services including packaging and key management. 
	 </p> 
	 <p>Your Adobe representative will initially set up your ExpressPlay
		account. You can then configure your account and obtain the 
		<i>customer authenticators</i> that you will use in license token
		requests to the ExpressPlay servers. 
	 </p> 
  </conbody> 
</concept> 
