<?xml version="1.0" encoding="UTF-8"?>
<!DOCTYPE task PUBLIC "-//OASIS//DTD DITA Task//EN" "task.dtd">
<task id="package-and-play"> 
  <title>ExpressPlay Packager / Cloud DRM / TVSDK</title> 
  <shortdesc>You can use ExpressPlay's Bento4 packager to prepare content for
	 any of the DRM solutions supported by Primetime Cloud DRM, powered by
	 ExpressPlay. 
  </shortdesc> 
  <taskbody> 
	 <context id="context_6686682DB1FA4FEEAC6C9F18D97482CE">This task describes
		how to use a 3rd-party tool to prepare protected content, in this case 
		<i>ExpressPlay Bento4 Tools</i>, for use with a variety of DRM solutions.
		For additional information, see the 
		<i>Bento4 tools</i> documentation on the 
		<xref href="https://www.expressplay.com/developer/" format="html"
		scope="external">ExpressPlay</xref> web site. 
	 </context> 
	 <steps id="steps_3256A81AE96B44B8B7ADADBB66450AF9"> 
		<step id="step_66BB189EAF0A463FAB26B4E67BD85572"> 
		  <cmd>Acquire an ExpressPlay account and obtain your ExpressPlay
			 Customer Authenticator information. 
		  </cmd> 
		  <info>See 
			 <xref href="quick-start.xml">Primetime DRM
				Cloud Quick-start.</xref> 
		  </info> 
		</step> 
		<step id="step_C3A59F6261884BB48C5B11FF0F2D827A"> 
		  <cmd>If you are encrypting content for 
			 <ph conkeyref="phrases/adobe-access">Primetime Access</ph>, acquire
			 the 
			 <ph conkeyref="phrases/drm-short">Primetime Adobe Access</ph> SDK
			 from Adobe, along with the required certificates (License, Transport, and
			 Packaging certs). 
		  </cmd> 
		</step> 
		<step id="step_63728578FB7F469CBED5039ED73D4E2C"> 
		  <cmd>Supply a Content Encryption Key (CEK) and Content Encryption Key
			 Storage ID (CEKSID) for use across the DRM systems. (You randomly generate
			 these using OpenSSL or similar.) 
		  </cmd> 
		  <info> 
			 <p>The CEK is the actual key you use to encrypt your video file(s).
				You either store it securely on your own server in your own key management
				system, or you can make use of ExpressPlay's 
				<xref href="http://www.expressplay.com/developer/key-storage/"
				 format="html" scope="external">key storage solution</xref>. 
			 </p> 
			 <p>A CEKSID is the identifier for a particular CEK. You don't
				(usually) pass the encryption key around. For example, when requesting a
				license token, you provide the CEKSID. 
			 </p> 
		  </info> 
		</step> 
		<step id="step_5022C9F5C0F64B8684B8A692FFAAF133"> 
		  <cmd>If you are encrypting content for Access, utilize your CEK to
			 create Primetime Access metadata associated with your content. 
		  </cmd> 
		  <info/> 
		</step> 
		<step id="step_93AA854008AA4EE8A70A1B51941BAB98"> 
		  <cmd>Fragment your content to prepare it for the 
			 <i>Bento4 MP4DASH</i> tool. 
		  </cmd> 
		  <info>For this step you can use the 
			 <i>MP4FRAGMENT</i> tool. You only need to fragment your content once.
			 For example: 
			 <codeblock>./mp4fragment Unfragmented.mp4 Fragmented.mp4</codeblock> 
		  </info> 
		</step> 
		<step id="step_616438511AC54FE1BA2334FEA49ECE2B"> 
		  <cmd>Use the 
			 <i>Bento4 MPDASH</i> tool to "DASH-ify" and encrypt your fragmented
			 content. 
		  </cmd> 
		  <info>Use this command to specify all of the DRM systems you will
			 utilize, and pass in any 
			 <ph conkeyref="phrases/adobe-access-short">Primetime Access</ph>
			 metadata generated from the previous steps. For example: 
			 <codeblock>/mp4dash -f 
--use-segment-list 
--use-segment-timeline 
--encryption-key=&lt;CEKSID&gt;:&lt;CEK&gt; 
--playready 
--Widevine 
--Widevine-header=provider:intertrust#content_id:2a 
--primetime 
--primetime-metadata=@AAXS.metadata
 Fragmented.mp4 -o DASH_OUTPUT</codeblock> 
		  </info> 
		</step> 
		<step id="step_6F2776E8600E459FAEEDD5262CA4DF8C"> 
		  <cmd>Create a "storefront server". 
		  </cmd> 
		  <info>This server needs to handle the following operations: 
			 <ol id="ol_fxr_xqv_jw"> 
				<li id="li_1B53210788A1415E8DB1FC62358EB4B4">Customer selection of
				  content. This implementation needs to include an endpoint for clients to
				  request a content token for a specific content ID. 
				</li> 
				<li id="li_87E6EF669E5E40F38A46D4A29A48E9B3">Customer entitlement 
				</li> 
				<li id="li_731116D9924D4A03A707EF90EFE65D9F">License token
				  (ExpressPlay) requests from the client (<xref
				  href="license-token-req-resp-ref.xml">ExpressPlay license
					 token request / response reference</xref>) 
				</li> 
			 </ol> 
		  </info> 
		</step> 
		<step id="step_1AF8AE8DFD3246668F472D11C77EAC65"> 
		  <cmd>Create your client. 
		  </cmd> 
		  <info>The client should include a call to your storefront server. Adobe
			 recommends that the client call the storefront after the user selects some
			 content, and after the user is authenticated. Then, pass the token returned
			 from ExpressPlay to your player to use for license requests. Introductions to
			 implementing the DRM component of your players are here: 
			 <ul id="ul_u3x_vh2_kw"> 
				<li id="li_9173FB16F01D47C1BD1E9AC1995775B8"><xref
				  href="http://help.adobe.com/en_US/primetime/psdk/browser_tvsdk/index.html#PSDKs-reference-DRM_interface_overview"
				  format="html" scope="external">Browser TVSDK for HTML5</xref> 
				</li> 
				<li id="li_CA7C8C446C994E45BD4C64955C59C0B2"><xref
				  href="http://help.adobe.com/en_US/primetime/psdk/ios/index.html#PSDKs-task-Enable_Apple_FairPlay_in_TVSDK_applications"
				  format="html" scope="external">iOS</xref> 
				</li> 
			 </ul> 
		  </info> 
		</step> 
		<step id="step_ABBFECF23D814E74AF6260FD6CD8642C"> 
		  <cmd>With the license token in hand, the client can now derive the
			 request URL from the token and make the license request to ExpressPlay, and
			 then play the selected, protected content for the user. 
		  </cmd> 
		</step> 
	 </steps> 
  </taskbody> 
</task> 
