<?xml version="1.0" encoding="UTF-8"?>
<!DOCTYPE task PUBLIC "-//OASIS//DTD DITA Task//EN" "task.dtd">
<task id="task_g3c_sxb_rw"> 
  <title>Package Your Content</title> 
  <shortdesc>Packaging content is the process of preparing video content for
	 playback over the web. Packaging includes transforming raw video into manifest
	 files, and optionally encrypting the content using different DRM solutions for
	 different devices and browsers.
  </shortdesc> 
  <taskbody> 
	 <context id="context_816CDEC4D4194F35BC82955BC2AA1292"> 
		<p>To prepare your content, you can use either Adobe Offline Packager or
		  other tools such as ExpressPlay's Bento4 packager. Packagers both prepare the
		  video for playback (e.g., fragmenting the original file and putting it into a
		  manifest), and protect the video with your chosen DRM solution (PlayReady,
		  Widevine, FairPlay, Access, etc.):
		<ul id="ul_prx_g44_hw"> 
		  <li id="li_E7C73E10159745B7A41A2AAEF92CCBA1"><xref
			 href="http://help.adobe.com/en_US/primetime/packagers/offline/index.html#Packagers-concept-Primetime_Offline_Packager_Getting_Started"
			 format="html" scope="external">Adobe Offline Packager</xref>
		  </li> 
		  <li id="li_8328A689894940129336E1AFEDF316CD"><xref
			 href="http://www.expressplay.com/developer/packaging-tools/" format="html"
			 scope="external">ExpressPlay Packagers</xref>
		  </li> 
		</ul>
		</p> 
		<p> 
		  <fig id="fig_jbn_fw5_xw"> 
			 <image href="images/pkg_lic_play_web.png" id="image_vn2_yw5_xw"/> 
		  </fig> 
		</p> 
	 </context> 
	 <steps id="steps_vvh_txb_rw"> 
		<step id="step_440C8235BEED41298746511D0C40093C"> 
		  <cmd>Package or otherwise obtain content to use for testing your setup.
		  </cmd> 
		  <info>One of the crucial points to remember for packaging is that the
			 Key ID (Content ID) that you use in this packaging step is the same one you
			 must provide in your subsequent license token request. The Key ID is the only
			 item that identifies your CEK (which may be stored in your own key management
			 database, or stored using 
			 <xref
			 href="http://www.expressplay.com/developer/key-storage/" format="html"
			 scope="external">ExpressPlay's Key Storage Service</xref>. 
			 <note>For those familiar with Adobe Access, this is an important
				difference in how the different solutions work. In Access, the License key is
				embedded in the DRM Metadata and passed back and forth with the protected
				content. In the Multi-DRM systems described here, the actual License is not
				passed, but stored securely and obtained via the Key ID.
			 </note>
		  </info> 
		</step> 
	 </steps> 
	 <example id="example_52AF76B730174B79B6088280FCDF126D">Here is a packaging
		example using Adobe Offline Packager for Widevine. The Packager uses a
		configuration file (e.g., 
		<filepath>widevine.xml</filepath>), which looks something like this: 
		<codeblock>&lt;config&gt;
&lt;in_path&gt;sample.mp4&lt;/in_path&gt;
&lt;out_type&gt;dash&lt;/out_type&gt;
&lt;out_path&gt;dash2&lt;/out_path&gt;
&lt;drm/&gt;
&lt;drm_sys&gt;widevine&lt;/drm_sys&gt;
&lt;frag_dur&gt;4&lt;/frag_dur&gt;
&lt;target_dur&gt;6&lt;/target_dur&gt;
&lt;key_file_path&gt;keyfile.bin&lt;/key_file_path&gt;
&lt;widevine_content_id&gt;2a&lt;/widevine_content_id&gt;
&lt;widevine_provider&gt;intertrust&lt;/widevine_provider&gt;
&lt;widevine_key_id&gt;7debe705d938c76bfd886f077b8fa5f7&lt;/widevine_key_id&gt;
&lt;/config&gt;</codeblock>
		<p> 
		<ul id="ul_kfz_fhc_rw"> 
		  <li id="li_ED7EBB3F565F43CEB866396613FDA100"><codeph>in_path</codeph> -
			 This entry points to the location of the source video on your local packaging
			 machine.
		  </li> 
		  <li id="li_FFA9EF17A7204811B9FF0D5B4668C824"><codeph>out_type</codeph>
			 - This entry describes the type of the packaged output, in this case DASH (for
			 Widevine protection on HTML5).
		  </li> 
		  <li id="li_7373087F8AC44732AECD08D7A8157B7B"><codeph>out_path</codeph>
			 - The location on the local machine where you want your output to go.
		  </li> 
		  <li id="li_9267CC9E1720467AA6E793ACD2C9FA80"><codeph>drm_sys</codeph> -
			 The DRM solution you are packaging for. This will be either 
			 <codeph>widevine</codeph>, 
			 <codeph>fairplay</codeph>, or 
			 <codeph>playready</codeph>.
		  </li> 
		  <li id="li_651FB9DBD9E5489C899AF15D60F60B00"><codeph>frag_dur</codeph>
			 and 
			 <codeph>target_dur</codeph> are DASH-specific duration entries
			 pertaining to video playback.
		  </li> 
		  <li
			id="li_233E4C9F4620439686220B1CF1DB7128"><codeph>key_file_path</codeph> - This
			 is the location of the license file on your packaging machine that serves as
			 your Content Encryption Key (CEK). It is a Base-64 encoded 16-byte hex string.
		  </li> 
		  <li
			id="li_53E1A891BA19435DB681CBE5CEB8D5DF"><codeph>widevine_content_id</codeph> -
			 This is Widevine "boilerplate"; it is always 
			 <codeph>2a</codeph>. (Do not confuse this with the 
			 <codeph>widevine_key_id</codeph>.)
		  </li> 
		  <li
			id="li_1B68058859D34312805D1F192762C8D3"><codeph>widevine_provider</codeph> -
			 For our purposes, always set this to 
			 <codeph>intertrust</codeph>.
		  </li> 
		  <li
			id="li_05E50ED1E38B47F28344EAE68EBA59AB"><codeph>widevine_key_id</codeph> -
			 This is the identifier for the license you specified in the 
			 <codeph>key_file_path</codeph> entry. In other words, this identifies
			 the key you use to encrypt the content. This ID is a 16-byte HEX string that
			 you create yourself.
		  </li> 
		</ul> 
		</p>
		<p>As stated in the 
		  <xref
			href="http://help.adobe.com/en_US/primetime/packagers/offline/index.html#Packagers-concept-Working_with_Offline_Packager"
			format="html" scope="external">Packager documentation</xref>, "As a best
		  practice, create a configuration file that contains the common options that you
		  want to use for generating the outputs. Then, create the output by providing
		  specific options as a command-line argument." In this case, our config file is
		  fairly complete, so you could create your output as follows:
		</p>
		<p> 
		  <codeblock>java -jar OfflinePackager.jar -conf_path widevine.xml -out_path test_dash/
</codeblock> 
		</p>
		<p> 
		  <note>Command-line parameters take precedence over config file
			 parameters. In this example, everything required is in the config file, but we
			 have overridden the output path specified in the config file with 
			 <codeph>-out_path test_dash/</codeph>.
		  </note> 
		</p> 
	 </example> 
  </taskbody> 
</task> 
