<?xml version="1.0" encoding="UTF-8"?>
<!DOCTYPE task PUBLIC "-//OASIS//DTD DITA Task//EN" "task.dtd">
<task id="task_o5f_vwc_3y"> 
  <title>Package your content with Adobe Offline Packager</title> 
  <shortdesc>Adobe Offline Packager takes as input unencrypted mp4 content. 
  </shortdesc> 
  <taskbody> 
	 <context id="context_D35955CFC63A420F9AA91D4C6186D51C"> 
		<p/> 
	 </context> 
	 <steps id="steps_6AA1949E6A34454084B453C07014F0EC"> 
		<step id="step_1AB0A07B06DC42EDAF613FEDDD8B0867"> 
		  <cmd><b>Calling Adobe Offline Packager</b> 
		  </cmd> 
		  <info> 
			 <p>A typical adobe offline packager invocation would look like the
				call below: 
			 </p> 
			 <pre>java -jar OfflinePackager.jar   -conf_path Content_PR_WV.xml -in_path "Jaigo.mp4" -out_path "Jaigo_DASH"
                                -key_file_path "Jaigo_DASH/_info/key.B64.random"
                                -widevine_key_id c595f214d84dc7ecf31a8ebf1b7ddda5 -widevine_provider intertrust
                                -playready_LA_URL http://pr.test.expressplay.com/playready/RightsManager.asmx
                                -playready_keyid c595f214d84dc7ecf31a8ebf1b7ddda5 -content_id c595f214d84dc7ecf31a8ebf1b7ddda5</pre> 
			 <p>In this particular case the offline packager is adding both
				Widevine content protection and PlayReady content protection initialization
				data to the output DASH content. The value of 
				<codeph>-key_file_path</codeph> is for a base64-encoded key. The
				value of 
				<codeph>-playready_LA_URL</codeph> is for PlayReady license
				acqusition. 
			 </p> 
			 <p>The conf_path argument points to configuration file that would
				contain the following: 
			 </p> 
			 <pre>&lt;config&gt;
    &lt;frag_dur&gt;4&lt;/frag_dur&gt;
    &lt;target_dur&gt;6&lt;/target_dur&gt;
    &lt;encrypt_audio&gt;false&lt;/encrypt_audio&gt;
&lt;/config&gt;</pre> 
			 <p>Because certain Android devices — primarily Amazon Fire TV — do
				not support audio decryption, audio encryption is optional. 
			 </p> 
		  </info> 
		</step> 
	 </steps> 
  </taskbody> 
</task> 
