<?xml version="1.0" encoding="UTF-8"?>
<!DOCTYPE task PUBLIC "-//OASIS//DTD DITA Task//EN" "task.dtd">
<task id="task_g3c_sxb_rw"> 
  <title>Package your content for FairPlay</title> 
  <shortdesc>To package you content, you can use either Adobe Offline Packager
	 or other tools such as ExpressPlay's Bento4 packager. 
  </shortdesc> 
  <taskbody> 
	 <context id="context_6858657F157C49EFAA0222B0706573C2"> 
		<p>Packagers prepare the video for playback (e.g., fragmenting the
		  original file and putting it into a manifest), and protect the video with your
		  chosen DRM solution (in this case FairPlay): 
		<ul id="ul_prx_g44_hw"> 
		  <li id="li_7410749D7B9E4DD0B426A0D9EB5491EC"><xref
			 href="http://help.adobe.com/en_US/primetime/packagers/offline/index.html#Packagers-task-Protecting_content_using_FairPlay_DRM"
			 format="html" scope="external">Adobe Offline Packager for FairPlay DRM</xref> 
		  </li> 
		  <li id="li_A34815F27D3A4335BF1521B61B628977"><xref
			 href="https://www.bento4.com/developers/hls/" format="html"
			 scope="external">ExpressPlay Packagers - Bento4 for HLS</xref> 
		  </li> 
		</ul> 
		</p> 
		<p> 
		  <fig id="fig_jbn_fw5_xw"> 
			 <image href="images/pkg_lic_play_hls_web.png" id="image_ij2_2nv_4x"/>
			 
		  </fig> 
		</p> 
	 </context> 
	 <steps id="steps_vvh_txb_rw"> 
		<step id="step_282F4630388B4A5BB68F18001AA621CF"> 
		  <cmd>Package your content. 
		  </cmd> 
		  <info> Here is a packaging example using Adobe Offline Packager. The
			 Packager uses a configuration file (e.g., 
			 <filepath>fairplay.xml</filepath>), which looks something like this: 
			 <codeblock>&lt;config&gt;
&lt;in_path&gt;mp4_file_path&lt;/in_path&gt;
&lt;out_type&gt;hls&lt;/out_type&gt;
&lt;out_path&gt;out_file_path&lt;/out_path&gt;
&lt;drm/&gt;
&lt;drm_sys&gt;FAIRPLAY&lt;/drm_sys&gt;
&lt;frag_dur&gt;4&lt;/frag_dur&gt;
&lt;target_dur&gt;6&lt;/target_dur&gt;
&lt;key_file_path&gt;creds/fairplay.bin&lt;/key_file_path&gt;
&lt;iv_file_path&gt;creds/iv.bin&lt;/iv_file_path&gt;
&lt;key_url&gt;user_provided_value&lt;/key_url&gt;
&lt;content_id&gt;_default_&lt;/content_id&gt;
&lt;/config&gt;</codeblock> 
			 <p> 
			 <ul id="ul_kfz_fhc_rw"> 
				<li
				id="li_B3FF7EFEBB40453786F2986AD07A35B9"><codeph>in_path</codeph> - This entry
				  points to the location of the source video on your local packaging machine. 
				</li> 
				<li
				id="li_39202FD0BEAE4F758C35BC0D08DE1198"><codeph>out_type</codeph> - This entry
				  describes the type of the packaged output, in this case HLS for FairPlay. 
				</li> 
				<li
				id="li_F24CD37CCED4468785FCE2C6B8D1D6AF"><codeph>out_path</codeph> - The
				  location on the local machine where you want your output to go. 
				</li> 
				<li
				id="li_CEFF5AF3965A49B38D274C30AA7CCD18"><codeph>drm_sys</codeph> - The DRM
				  solution you are packaging for. This is 
				  <codeph>FAIRPLAY</codeph> in this case. 
				</li> 
				<li
				id="li_068BD22BDD174D9CA90CB3ED03A2EB0A"><codeph>frag_dur</codeph> - Fragment
				  duration in seconds. 
				</li> 
				<li
				id="li_FDEDC1E016EC4DE6A12C7C27250C51E8"><codeph>target_dur</codeph> - The
				  target duration for HLS output. 
				</li> 
				<li
				id="li_9A8AC7760B154B948E2160A96F435C92"><codeph>key_file_path</codeph> - This
				  is the location of the license file on your packaging machine that serves as
				  your Content Encryption Key (CEK). It is a Base-64 encoded 16-byte hex string. 
				</li> 
				<li
				id="li_5DBCC3CD0D154DB3BE15035B5F367AFF"><codeph>iv_file_path</codeph> - This
				  is the location of the IV file on your packaging machine. 
				</li> 
				<li
				id="li_A169D2C2033345C69A585761BE5A8515"><codeph>key_url</codeph> - The URI
				  parameter of the 
				  <codeph>EXT-X-KEY</codeph> tag of the 
				  <filepath>.m3u8</filepath> file. 
				</li> 
				<li
				id="li_491479B7676B4557B333562A2834BD2A"><codeph>content_id</codeph><indexterm>content_id<indexterm>in packager configuration file</indexterm></indexterm> - Default value. 
				</li> 
			 </ul> 
			 </p> 
			 <p>As stated in the 
				<xref
				href="http://help.adobe.com/en_US/primetime/packagers/offline/index.html#Packagers-concept-Working_with_Offline_Packager"
				format="html" scope="external">Packager documentation</xref>, "As a best
				practice, create a configuration file that contains the common options that you
				want to use for generating the outputs. Then, create the output by providing
				specific options as a command-line argument." 
			 </p> 
			 <p> 
				<codeblock>java -jar OfflinePackager.jar -in_path sample.mp4 -out_type hls 
-out_path out_file_path -drm -drm_sys FAIRPLAY -key_file_path "creds/fairplay.bin" 
-key_url "user_provided_value"</codeblock> 
			 </p> 
			 <p>The generated M3U8 file has an 
				<codeph>EXT-X-KEY</codeph> attribute that appears as follows: 
				<codeblock>#EXT-X-KEY:METHOD=SAMPLE-AES,URI="user_provided_value",​
KEYFORMAT="com.apple.streamingkeydelivery",KEYFORMATVERSIONS="1" </codeblock> 
			 </p> 
		  </info> 
		</step> 
	 </steps> 
  </taskbody> 
</task> 