<?xml version="1.0" encoding="UTF-8"?>
<!DOCTYPE task PUBLIC "-//OASIS//DTD DITA Task//EN" "task.dtd">
<task id="task_o5f_vwc_3y"> 
  <title>Package your content with Bento4</title> 
  <shortdesc>We use both the Bento4 packager and the Adobe offline packager to
	 author encrypted DASH content. Bento4 takes as input unencrypted mp4 content. 
  </shortdesc> 
  <taskbody> 
	 <context id="context_A0D98E3E41C743FC9C5A9ADC4D134A1C"> 
		<p>The Bento4 packager expects the input mp4 to be pre-fragmented. The
		  Bento4 packager distribution includes a tool for this. 
		</p> 
	 </context> 
	 <steps id="steps_FE58C6E8AD8545C4BF098C5B9C4A8E62"> 
		<step id="step_1AA0A07B06DC42EDAF613FEDDD8B0867"> 
		  <cmd><b>Calling Bento4</b> 
		  </cmd> 
		  <info> 
			 <p>Typical Bento4 packager invocations would look like the examples
				below: 
			 </p> 
			 <pre>./mp4dash 
-f 
--use-segment-list 
--use-segment-timeline 
--subtitles 
--encryption-key=7cc7f0470019ac10d06bca13a580a9ff:5fa05f94e8cd09fc0747c7c5ac215b3b 
--widevine 
--widevine-header=provider:intertrust#content_id:2a "CC_300_640x360.mp4" 
-o "CC_300_640x360_DASH"</pre> 
			 <pre>./mp4dash 
-f 
--use-segment-list 
--use-segment-timeline 
--subtitles 
--encryption-key=7cc7f0470019ac10d06bca13a580a9ff:5fa05f94e8cd09fc0747c7c5ac215b3b 
--playready 
--playready-header=\"LA_URL:http://pr.test.expressplay.com/playready/RightsManager.asmx\"</pre> 
			 <p>The example below combines PlayReady and Widevine schemes. In this
				particular case the packager is adding both Widevine content protection and
				PlayReady content protection initialization data to the output DASH content. 
			 </p> 
			 <pre>./mp4dash 
-f 
--use-segment-list 
--use-segment-timeline 
--subtitles 
--encryption-key=7cc7f0470019ac10d06bca13a580a9ff:5fa05f94e8cd09fc0747c7c5ac215b3b 
--playready 
--playready-header=\"LA_URL:http://pr.test.expressplay.com/playready/RightsManager.asmx\"
--widevine
--widevine-header=provider:intertrust#content_id:2a "CC_300_640x360.mp4" 
-o "CC_300_640x360_DASH"</pre> 
			 <p>where 
			 </p> 
			 <ul id="ul_0820FA836E8045A88B8D03D86A3358BE"> 
				<li id="li_E0EA822E1B6B438F88E8B948E77C58C3">The value for the 
				  <codeph>--encryption-key</codeph> flag is in the form 
				  <codeph>&lt;base16 encoded key id&gt;:&lt;base16 encoded
					 encryption key&gt;</codeph>. 
				</li> 
				<li id="li_4A771502093B4CE2AF656E64B5C4224C">The 
				  <codeph>--widevine-header=provider:intertrust#content_id:2a</codeph>
				  flag tells the packager to include the pssh box in the manifest, which TVSDK
				  currently requires for playback. 
				</li> 
				<li id="li_9706AB4E97504E02A6861698F19F9F64">The value for 
				  <codeph>-playready-header</codeph> is for PlayReady license
				  acqusition. 
				</li> 
			 </ul> 
		  </info> 
		</step> 
	 </steps> 
  </taskbody> 
</task> 
