<?xml version="1.0" encoding="UTF-8"?>
<!DOCTYPE reference PUBLIC "-//OASIS//DTD DITA Reference//EN" "reference.dtd">
<reference id="r_multi_drm_workflows_playready-license-token-request"> 
  <title>PlayReady license token request / response</title> 
  <shortdesc>The PlayReady license token interface provides production and test
	 services. 
  </shortdesc> 
  <refbody> 
	 <section id="section_068F7F87F37E4B77846CA77CD175797A"> 
		<p>This HTTP request returns a token that can be redeemed for a PlayReady
		  license. 
		</p> 
		<p><b>Method: GET, POST</b> (with a www-url-encoded body that contains
		  parameters for both methods) 
		</p> 
		<p><b>URLs:</b> 
		<ul id="ul_znn_xpr_pv"> 
		  <li id="li_089D06D68D7B47B1A02761FCC7A98240"><b>Production: 
			 </b><codeph>https://pr-gen.{prod_domain}/hms/pr/token</codeph> 
		  </li> 
		  <li id="li_0F33C61CD78E451A881C4AB209739A77"><b>Test: 
			 </b><codeph><xref
				href="https://pr-gen.test.expressplay.com/hms/pr/token" format="html"
				scope="external">https://pr-gen.test.expressplay.com/hms/pr/token</xref></codeph>
			 
		  </li> 
		</ul> 
		</p> 
		<ul id="ul_ihj_45r_pv"> 
		  <li id="li_0F2DD9681C6A4749B0BFBB3433E92C32"><b>Sample request:</b> 
			 <codeblock><xref href="https://pr-gen.test.expressplay.com/hms/pr/token?customerAuthenticator=201722,1ad8eed133edf43cbcc185f0236828ae&amp;kid=b366360da82e9c6e0b0984002a362cf2&amp;contentKey=b366360da82e9c6e0b0984002a362cf2&amp;rightsType=BuyToOwn&amp;analogVideoOPL=0&amp;compressedDigitalAudioOPL=0&amp;compressedDigitalVideoOPL=0&amp;uncompressedDigitalAudioOPL=0&amp;uncompressedDigitalVideoOPL=0" format="html" scope="external">https://pr-gen.test.expressplay.com/hms/pr/token?customerAuthenticator=
&lt;ExpressPlay customer authenticator identifier&gt;
&amp;kid=&lt;CEKSID&gt;
&amp;contentKey=&lt;CEK&gt;
&amp;rightsType=BuyToOwn
&amp;analogVideoOPL=0
&amp;compressedDigitalAudioOPL=0
&amp;compressedDigitalVideoOPL=0
&amp;uncompressedDigitalAudioOPL=0
&amp;uncompressedDigitalVideoOPL=0</xref></codeblock> 
		  </li> 
		</ul> 
		<p> 
		</p> 
		<ul id="ul_jhj_45r_pv"> 
		  <li id="li_527FE3AB86E04EA89312A7CB39ED439B"><b>Sample Response:</b> 
			 <codeblock>{"licenseAcquisitionUrl":"https://expressplay-licensing.axprod.net/LicensingService.ashx",
            "token":"&lt;base64-encoded ExpressPlay token&gt;"}</codeblock> 
		  </li> 
		</ul> 
	 </section> 
	 <section id="section_26F8856641A64A46A3290DBE61ACFAD2"> 
		<title>Request Query Parameters</title> 
		<table id="table_zxg_dyr_pv"> 
		<title><b>Token Query Parameters</b></title> 
		<tgroup cols="3"> 
		  <colspec colnum="1" colname="col1"/> 
		  <colspec colnum="2" colname="col2"/> 
		  <colspec colnum="3" colname="col3"/> 
		  <thead> 
			 <row> 
				<entry><b>Query Parameter</b> 
				</entry> 
				<entry><b>Description</b> 
				</entry> 
				<entry><b>Required?</b> 
				</entry> 
			 </row> 
		  </thead> 
		  <tbody> 
			 <row> 
				<entry><codeph>customerAuthenticator</codeph> 
				</entry> 
				<entry> 
				  <p>This is your customer API key, one each for your production
					 and test environments. You can find this on the ExpressPlay Admin Dashboard
					 tab. 
				  </p> 
				</entry> 
				<entry>Yes 
				</entry> 
			 </row> 
			 <row> 
				<entry><codeph>errorFormat</codeph> 
				</entry> 
				<entry>Either 
				  <codeph>html</codeph> or 
				  <codeph>json</codeph>. If 
				  <codeph>html</codeph> (the default) an HTML representation of any
				  errors is provided in the entity body of the response. 
				  <p>If 
					 <codeph>json</codeph> is specified, a structured response in
					 JSON format is returned. See 
					 <xref
					  href="https://www.expressplay.com/developer/restapi/#json-errors" format="html"
					  scope="external">JSON Errors</xref> for details. 
				  </p> 
				  <p>The mime type of the response is either 
					 <codeph>text/uri-list</codeph> on success, 
					 <codeph>text/html</codeph> for HTML error format, or 
					 <codeph>application/json</codeph> for JSON error format. 
				  </p> 
				</entry> 
				<entry>No 
				</entry> 
			 </row> 
		  </tbody> 
		</tgroup> 
		</table> 
		<table id="table_f1l_fyr_pv"> 
		<title><b>License Query Parameters</b></title> 
		<tgroup cols="3"> 
		  <colspec colnum="1" colname="col1"/> 
		  <colspec colnum="2" colname="col2"/> 
		  <colspec colnum="3" colname="col3"/> 
		  <thead> 
			 <row> 
				<entry><b>Query Parameter</b> 
				</entry> 
				<entry><b>Description</b> 
				</entry> 
				<entry><b>Required?</b> 
				</entry> 
			 </row> 
		  </thead> 
		  <tbody> 
			 <row> 
				<entry><codeph>generalFlags</codeph> 
				</entry> 
				<entry>A 4 byte hexadecimal string representing the license flags.
				  It must be set to ‘00000001’ for a persistent license. 
				  <note>Rental licenses (<codeph>rightsType=Rental</codeph>) MUST
					 be persistent. 
				  </note> 
				</entry> 
				<entry>No 
				</entry> 
			 </row> 
			 <row> 
				<entry><codeph>kek</codeph> 
				</entry> 
				<entry>Key Encryption Key (KEK). Keys are stored encrypted with a
				  KEK using a key wrapping algorithm (AES Key Wrap, RFC3394). 
				</entry> 
				<entry>No 
				</entry> 
			 </row> 
			 <row> 
				<entry><codeph>kid</codeph> 
				</entry> 
				<entry>A 16 byte hexadecimal string representation of the content
				  encryption key or a string 
				  <codeph>^somestring’</codeph>. The length of the string followed
				  by the '^' cannot be greater than 64 characters. 
				</entry> 
				<entry>Yes 
				</entry> 
			 </row> 
			 <row> 
				<entry><codeph>ek</codeph> 
				</entry> 
				<entry>A hex string representation of the encrypted content key. 
				</entry> 
				<entry>No 
				</entry> 
			 </row> 
			 <row> 
				<entry><codeph>contentKey</codeph> 
				</entry> 
				<entry>A 16 byte hexadecimal string representation of the content
				  encryption key 
				</entry> 
				<entry>Yes, unless 
				  <codeph>kek</codeph> and 
				  <codeph>ek</codeph> or 
				  <codeph>kid</codeph> are provided 
				</entry> 
			 </row> 
			 <row> 
				<entry><codeph>rightsType</codeph> 
				</entry> 
				<entry>Specifies the kind of rights. Must be 
				  <codeph>BuyToOwn</codeph> or 
				  <codeph>Rental</codeph>. 
				</entry> 
				<entry>Yes 
				</entry> 
			 </row> 
			 <row> 
				<entry><codeph>rental.periodEndTime</codeph> 
				</entry> 
				<entry>Rental end date. This value MUST be in the ‘RFC 3339’ _
				  date/time format in the ‘Z’ zone designator ("Zulu time") format, or an integer
				  preceded by a '+' sign. 
				  <p>If the value is a 
					 <xref href="http://www.ietf.org/rfc/rfc3339.txt" format="html"
					  scope="external">RFC 3339</xref> date/time format, then it represents an
					 absolute expiration date/time for the license. An example of an RFC 3339
					 date/time is 2006-04-14T12:01:10Z. 
				  </p> 
				  <p> If the value is an integer preceded by a '+' sign, it is
					 taken as a relative number of seconds from the time the token is issued. The
					 content cannot be played after this time. Only valid if 
					 <codeph>rightsType</codeph> is 
					 <codeph>Rental</codeph>. 
				  </p> 
				</entry> 
				<entry>Yes, when 
				  <codeph>rightsType</codeph> is 
				  <codeph>Rental</codeph>. 
				</entry> 
			 </row> 
			 <row> 
				<entry><codeph>rental.playDuration</codeph> 
				</entry> 
				<entry>Time, in seconds, that the content can be played once play
				  has started. Only valid if 
				  <codeph>rightsType</codeph> is Rental. 
				</entry> 
				<entry>No 
				</entry> 
			 </row> 
			 <row> 
				<entry><codeph>analogVideoOPL</codeph> 
				</entry> 
				<entry>Integer value to indicate the Output Protection Level for
				  analog video. Valid range 0-999. 
				</entry> 
				<entry>Yes 
				</entry> 
			 </row> 
			 <row> 
				<entry><codeph>compressedDigitalAudioOPL</codeph> 
				</entry> 
				<entry>Integer value to indicate the Output Protection Level for
				  compressed digital audio. Valid range 0-999. 
				</entry> 
				<entry>Yes 
				</entry> 
			 </row> 
			 <row> 
				<entry><codeph>compressedDigitalVideoOPL</codeph> 
				</entry> 
				<entry>Integer value to indicate the Output Protection Level for
				  compressed digital video. Valid range 0-999. 
				</entry> 
				<entry>Yes 
				</entry> 
			 </row> 
			 <row> 
				<entry><codeph>uncompressedDigitalAudioOPL</codeph> 
				</entry> 
				<entry>Integer value to indicate the Output Protection Level for
				  uncompressed digital audio. Valid range 0-999. 
				</entry> 
				<entry>Yes 
				</entry> 
			 </row> 
			 <row> 
				<entry><codeph>uncompressedDigitalVideoOPL</codeph> 
				</entry> 
				<entry>Integer value to indicate the Output Protection Level for
				  uncompressed digital video. Valid range 0-999. 
				</entry> 
				<entry>Yes 
				</entry> 
			 </row> 
			 <row> 
				<entry><codeph>unknownOutputBehavior</codeph> 
				</entry> 
				<entry>Required behaviour when the output is unknown. Allowed
				  values: 
				  <codeph>Allow</codeph>, 
				  <codeph>Disallow</codeph> or 
				  <codeph>SDOnly</codeph> 
				</entry> 
				<entry>No 
				</entry> 
			 </row> 
			 <row> 
				<entry><codeph>outputControlFlags</codeph> 
				</entry> 
				<entry>A 4-byte hex value to indicate the flags for other output
				  control options 
				</entry> 
				<entry>No 
				</entry> 
			 </row> 
			 <row> 
				<entry><codeph>extensionType</codeph> 
				</entry> 
				<entry>An arbitrary 4-letter word representing a 32-bit identifier
				  for an Extension. Each letter’s 8-bit ASCII code is the corresponding 8-bit
				  byte portion of the identifier. For example, the identifier value 0x61626364
				  (hexadecimal) would be written ‘<codeph>abcd</codeph>’, because the ASCII code
				  for ‘a’ is 0x61, etc. 
				</entry> 
				<entry>No 
				</entry> 
			 </row> 
			 <row> 
				<entry><codeph>extensionPayload</codeph> 
				</entry> 
				<entry>A base64 encoded string of the Extension. 
				</entry> 
				<entry>Yes, when 
				  <codeph>extensionType</codeph> is specified. 
				</entry> 
			 </row> 
		  </tbody> 
		</tgroup> 
		</table> 
	 </section> 
	 <section id="section_0079C31B4AF14DBBB6277CF251FB90E3"> 
		<title>Responses</title> 
		<table id="table_dtb_scs_pv"> 
		<title>HTTP Responses</title> 
		<tgroup cols="4"> 
		  <colspec colnum="1" colname="col1"/> 
		  <colspec colnum="2" colname="col2"/> 
		  <colspec colnum="3" colname="col3"/> 
		  <colspec colnum="4" colname="col4"/> 
		  <thead> 
			 <row> 
				<entry><b>HTTP Status Code</b> 
				</entry> 
				<entry><b>Description</b> 
				</entry> 
				<entry><b>Content-Type</b> 
				</entry> 
				<entry><b>Entity Body Contains</b> 
				</entry> 
			 </row> 
		  </thead> 
		  <tbody> 
			 <row> 
				<entry><codeph>200 OK</codeph> 
				</entry> 
				<entry>No error. 
				</entry> 
				<entry><codeph>text/uri-list</codeph> 
				</entry> 
				<entry>License acquisition url and token 
				</entry> 
			 </row> 
			 <row> 
				<entry><codeph>400 Bad Request</codeph> 
				</entry> 
				<entry>Invalid args 
				</entry> 
				<entry><codeph>text/html</codeph> or 
				  <codeph>application/json</codeph> 
				</entry> 
				<entry>Error description 
				</entry> 
			 </row> 
			 <row> 
				<entry><codeph>401 Unauthorized</codeph> 
				</entry> 
				<entry>Auth failed 
				</entry> 
				<entry><codeph>text/html</codeph> or 
				  <codeph>application/json</codeph> 
				</entry> 
				<entry>Error description 
				</entry> 
			 </row> 
			 <row> 
				<entry><codeph>404 Not found</codeph> 
				</entry> 
				<entry>Bad URL 
				</entry> 
				<entry><codeph>text/html</codeph> or 
				  <codeph>application/json</codeph> 
				</entry> 
				<entry>Error description 
				</entry> 
			 </row> 
			 <row> 
				<entry><codeph>50x Server Error</codeph> 
				</entry> 
				<entry>Server error 
				</entry> 
				<entry><codeph>text/html</codeph> or 
				  <codeph>application/json</codeph> 
				</entry> 
				<entry>Error description 
				</entry> 
			 </row> 
		  </tbody> 
		</tgroup> 
		</table> 
		<table id="table_lqb_ycs_pv"> 
		<title>Event Error Codes</title> 
		<tgroup cols="2"> 
		  <colspec colnum="1" colname="col1"/> 
		  <colspec colnum="2" colname="col2"/> 
		  <thead> 
			 <row> 
				<entry><b>Code</b> 
				</entry> 
				<entry><b>Description</b> 
				</entry> 
			 </row> 
		  </thead> 
		  <tbody> 
			 <row> 
				<entry>-2002 
				</entry> 
				<entry>Invalid token expiration time: &lt;details&gt; 
				</entry> 
			 </row> 
			 <row> 
				<entry>-2003 
				</entry> 
				<entry>Invalid IP address 
				</entry> 
			 </row> 
			 <row> 
				<entry>-2005 
				</entry> 
				<entry>Invalid content encryption key: &lt;details&gt; 
				</entry> 
			 </row> 
			 <row> 
				<entry>-2008 
				</entry> 
				<entry>Invalid output control flags specified: &lt;details&gt; 
				</entry> 
			 </row> 
			 <row> 
				<entry>-2017 
				</entry> 
				<entry>Authentication token must be supplied 
				</entry> 
			 </row> 
			 <row> 
				<entry>-2018 
				</entry> 
				<entry>Authentication token invalid: &lt;details&gt; 
				  <note>This can happen if the authenticator is wrong or when
					 accessing the test API at *.test.expressplay.com using the production
					 authenticator and vice versa. 
				  </note> 
				  <note importance="high">The Test SDK and Advanced Test Tool (ATT)
					 only work with 
					 <filepath>*.test.expressplay.com</filepath>, whereas production
					 devices must use 
					 <filepath>*.service.expressplay.com</filepath>. 
				  </note> 
				</entry> 
			 </row> 
			 <row> 
				<entry>-2019 
				</entry> 
				<entry>Insufficient tokens available 
				</entry> 
			 </row> 
			 <row> 
				<entry>-2020 
				</entry> 
				<entry>Missing rights type 
				</entry> 
			 </row> 
			 <row> 
				<entry>-2021 
				</entry> 
				<entry>Invalid rights type 
				</entry> 
			 </row> 
			 <row> 
				<entry>-2022 
				</entry> 
				<entry>Missing rental period end time 
				</entry> 
			 </row> 
			 <row> 
				<entry>-2023 
				</entry> 
				<entry>Missing rental play duration 
				</entry> 
			 </row> 
			 <row> 
				<entry>-2025 
				</entry> 
				<entry>Invalid rental play duration 
				</entry> 
			 </row> 
			 <row> 
				<entry>-2027 
				</entry> 
				<entry>Content encryption key must be 32-hexadecimal digits long 
				</entry> 
			 </row> 
			 <row> 
				<entry>-2030 
				</entry> 
				<entry>ExpressPlay Admin error: &lt;details&gt; 
				</entry> 
			 </row> 
			 <row> 
				<entry>-2031 
				</entry> 
				<entry>Service Account Disabled 
				</entry> 
			 </row> 
			 <row> 
				<entry>-2033 
				</entry> 
				<entry>Invalid cookie 
				</entry> 
			 </row> 
			 <row> 
				<entry>-2034 
				</entry> 
				<entry>Invalid Output Control, values out of specified range 
				</entry> 
			 </row> 
			 <row> 
				<entry>-2035 
				</entry> 
				<entry>No corresponding value specified 
				</entry> 
			 </row> 
			 <row> 
				<entry>-2036 
				</entry> 
				<entry>Extension type should be 4 characters 
				</entry> 
			 </row> 
			 <row> 
				<entry>-2037 
				</entry> 
				<entry>Extension payload should be Base64 encoded 
				</entry> 
			 </row> 
			 <row> 
				<entry>-2040 
				</entry> 
				<entry><codeph>OutputControlFlag</codeph> must be encode 4 bytes 
				</entry> 
			 </row> 
			 <row> 
				<entry>-3004 
				</entry> 
				<entry>Invalid error format specified: &lt;format&gt; 
				</entry> 
			 </row> 
			 <row> 
				<entry>-4001 
				</entry> 
				<entry>Device could not be authenticated 
				</entry> 
			 </row> 
			 <row> 
				<entry>-4018 
				</entry> 
				<entry>Missing 
				  <codeph>kid</codeph> 
				</entry> 
			 </row> 
			 <row> 
				<entry>-4019 
				</entry> 
				<entry>Failed to get content key from key storage service 
				</entry> 
			 </row> 
			 <row> 
				<entry>-4020 
				</entry> 
				<entry><codeph>kid</codeph> must be 32 hexadecimal characters long 
				</entry> 
			 </row> 
			 <row> 
				<entry>-4021 
				</entry> 
				<entry><codeph>kid</codeph> must be 64 characters long after the ^ 
				</entry> 
			 </row> 
			 <row> 
				<entry>-4022 
				</entry> 
				<entry>Invalid 
				  <codeph>kid</codeph> 
				</entry> 
			 </row> 
			 <row> 
				<entry>-4024 
				</entry> 
				<entry>Invalid encrypted 
				  <codeph>key</codeph> or kek 
				</entry> 
			 </row> 
			 <row> 
				<entry>-5001 
				</entry> 
				<entry>Invalid unknown output type error 
				</entry> 
			 </row> 
			 <row> 
				<entry>-5002 
				</entry> 
				<entry>PlayReady option is disabled for this service 
				</entry> 
			 </row> 
			 <row> 
				<entry>-5003 
				</entry> 
				<entry>Invalid general flags 
				</entry> 
			 </row> 
			 <row> 
				<entry>-5004 
				</entry> 
				<entry>Device ID must be 32 hexadecimal characters long 
				</entry> 
			 </row> 
			 <row> 
				<entry>-5005 
				</entry> 
				<entry>Invalid device ID 
				</entry> 
			 </row> 
			 <row> 
				<entry>-5006 
				</entry> 
				<entry>Missing OPL value 
				</entry> 
			 </row> 
			 <row> 
				<entry>-5007 
				</entry> 
				<entry>Only one of 
				  <codeph>kek</codeph> or 
				  <codeph>contentKey</codeph> can be specified 
				</entry> 
			 </row> 
		  </tbody> 
		</tgroup> 
		</table> 
	 </section> 
  </refbody> 
</reference> 
