<?xml version="1.0" encoding="UTF-8"?>
<!DOCTYPE task PUBLIC "-//OASIS//DTD DITA Task//EN" "task.dtd">
<task id="playback-protected-content"> 
  <title>Playback your protected content</title> 
  <shortdesc>To test your DRM solution, you need a video application that can
	 process the particular DRM solution you are working with. This player could be
	 a sample player made available by Adobe, or your own TVSDK-based video
	 application. 
  </shortdesc> 
  <taskbody> 
	 <context id="context_6A95CD3DCA8B488BBF223252F625ADBE"/> 
	 <steps id="steps_38510E55C5164FD6A1549D6F1EB708D0"> 
		<step id="step_6A5D58D12FB34D208C3C7B7902AFBD4F"> 
		  <cmd>Use the License Server URL from the token response you got back
			 from the ExpressPlay server to test whether you can play back your protected
			 content. 
		  </cmd> 
		  <info> 
			 <ul id="ul_r12_lfv_sv"> 
				<li id="li_2DF7F030E2AF4338BC809232F1C959CC"><b>Widevine - 
				  </b>Use the Widevine response directly as received from your
				  ExpressPlay license token request. 
				</li> 
				<li id="li_F9CE05A4F06B49819832F3878BC05EFB"><b>PlayReady - 
				  </b>Get the License Server URL and token from the JSON object
				  returned from your license token request. 
				</li> 
				<li id="li_3423EE35D3BD419BB8D4A9B04DDF4AB0"><b>FairPlay -</b>Use
				  the FairPlay response directly as received from your ExpressPlay license token
				  request. 
				</li> 
			 </ul> 
		  </info> 
		</step> 
		<step id="step_1E8C432C84014CC1AA29385D37DC4942"> 
		  <cmd>Test playback of your protected content utilizing either your own
			 player, or an existing Adobe sample player. 
		  </cmd> 
		  <info> 
			 <p>Provide the URL to your protected content (the location of your
				M3U8 or MPD manifest, depending upon which DRM solution you are testing). 
			 </p> 
			 <p>Depending upon the interface provided by the player you test with,
				you may be asked to supply the license URL and token separate as strings in
				input fields, or as a JSON object pasted into a text box, or perhaps as a query
				parameter in the URL. 
			 </p> Some possibilities for test players are listed here: 
			 <ul id="ul_lcx_lgv_sv"> 
				<li id="li_BDD16A929E744A5BBAECF4EBCAF90957">HTML5 Reference
				  Player: 
				  <codeblock>http://ptdemos.com/html5/internal/1_2/2.4_GM/samples/reference/reference_player.html</codeblock> 
				</li> 
				<li id="li_F5865722FBB648F98B413B3D11293781"> 
				  <codeblock>https://shaka-player-demo.appspot.com</codeblock> 
				</li> 
				<li id="li_FE71D864790642059A74AFA9C34E5ADF">Sample TVSDK Player
				  (under development) - 
				  <codeblock>http://drmtest2.adobe.com/TVSDK_HTML5/samples/reference/reference_player.html</codeblock> 
				</li> 
			 </ul> 
		  </info> 
		  <info><b>Checking playback when testing your FairPlay setup:</b>
			 FairPlay requires some extra steps to play back content when you are using the
			 ExpressPlay license servers. If you are using 
			 <filepath>curl</filepath> to test your connections (as described in 
			 <xref href="handle-the-licensing.xml">Licensing
				
			 </xref> ), you need to 
			 <i>edit your M3U8 manifest</i> (your packaged content) as follows: 
			 <ol id="ol_lmm_kpd_rw"> 
				<li id="li_B4B7C77948724B7DAFC32C50164A3DF1">Add the response you
				  got back from your license token request to the 
				  <codeph>#EXT-X-KEY:</codeph> tag in the manifest; and 
				</li> 
				<li id="li_E67C7A7CE9244AFD8C06CB85A12C29E8">Change the protocol of
				  that URL from the response (now in the manifest), from 
				  <codeph>http://</codeph> to 
				  <codeph>skd://</codeph>. 
				</li> 
			 </ol> 
			 <p>Here is a complete example for testing playback with FairPlay,
				including the licensing step: 
			 <ol id="ol_km3_rpd_rw"> 
				<li id="li_5FC5A037B4E54B929047E0B402A254E3">Use the FairPlay
				  license token request to obtain your license token URL. (Use your own
				  Production Customer Authenticator, and be sure to use the same CEK and 
				  <codeph>iv</codeph> that was used to package your FairPlay
				  content.) Run the following command to obtain the license token URL for the
				  example content: 
				  <codeblock>curl -v "https://fp-gen.service.expressplay.com/hms/fp/token?
customerAuthenticator=[YOUR-PRODUCTION-AUTHENTICATOR]&amp;errorFormat=json
&amp;contentKey<indexterm>CEK<indexterm>as query parameter contentKey</indexterm></indexterm>=[YOUR CONTENT KEY]&amp;iv=[YOUR IV]"</codeblock>You should get a response back with the license token URL that
				  looks something like this: 
				  <codeblock>https://fp.service.expressplay.com:80/hms/fp/rights/?
ExpressPlayToken=AQAAABNlKcEAAABQaTjshua3cWjG_Il3fvhf3g-CR1rn
JKdtaVaAnhkfTCW0bWAU76YgwForbrXhD5tXUHhfP7FD1svvLPxN5qomYsnwY
SSwcDq1ZnRtXunFLueTw6LAL52aZllMLasCSzYRMaAVHw </codeblock> 
				</li> 
				<li id="li_03AE5F05BB5F409EAA73D6966248B72B">Put the returned
				  license token URL response into your M3U8 manifest, and 
				  <i>change the scheme of license token URL to</i> 
				  <codeph>sdk://</codeph> from 
				  <codeph>https://</codeph>. Following is an example of the
				  #EXT-X-KEY tag in your M3U8 manifest: 
				  <codeblock>#EXT-X-KEY:METHOD=SAMPLE-AES,
URI="skd://fp.service.expressplay.com:80/hms/fp/rights/?
ExpressPlayToken=AQAAABNlKcEAAABQaTjshua3cWjG_Il3fvhf3g-
CR1rnJKdtaVaAnhkfTCW0bWAU76YgwForbrXhD5tXUHhfP7FD1svvLPx
N5qomYsnwYSSwcDq1ZnRtXunFLueTw6LAL52aZllMLasCSzYRMaAVHw",
KEYFORMAT="com.apple.streamingkeydelivery",KEYFORMATVERSIONS="1"</codeblock> 
				</li> 
			 </ol> 
			 </p> 
			 <note importance="high">The preceding information applies only to the
				testing of your FairPlay setup. It may not apply to your production setup,
				depending upon how you configure your FairPlay handler. See 
				<xref
				 href="http://help.adobe.com/en_US/primetime/psdk/ios/1.4/#PSDKs-task-Enable_Apple_FairPlay_in_TVSDK_applications"
				 format="html" scope="external">Enable Apple FairPlay in iOS applications</xref>
				for details. 
			 </note> 
		  </info> 
		</step> 
	 </steps> 
	 <result id="result_95CA4D26DDCF455293392FC46F909337">If your video plays,
		you've successfully packaged and licensed your content. If your video does not
		play, check the troubleshooting page for some possible solutions to your
		troubles. 
	 </result> 
	 <example id="example_603D92A1F3924467B5D66EC862B8F59C">For example, here is
		the part of the UI in the first test player listed above, where you supply the
		licensing information obtained from the ExpressPlay server: 
		<fig id="fig_zjy_q2c_rw"> 
		  <image href="images/sample-player-drm-settings-web.png"
		  id="image_uvc_z2c_rw"/> 
		</fig> 
	 </example> 
  </taskbody> 
</task> 
