<?xml version="1.0" encoding="UTF-8"?>
<!DOCTYPE task PUBLIC "-//OASIS//DTD DITA Task//EN" "task.dtd">
<task id="task_kz4_myg_jw"> 
  <title>Primetime Packager / Cloud DRM / TVSDK</title> 
  <shortdesc>You can use Adobe's Offline packager to prepare content for any of
	 the DRM solutions supported by Primetime Cloud DRM, powered by ExpressPlay.
  </shortdesc> 
  <taskbody> 
	 <prereq id="prereq_68493C2B21614FEABCBB85A77B780F4D">This set of
		instructions assumes you have already set up an ExpressPlay admin account: 
		<xref href="quick-start.xml">Primetime DRM Cloud
		  Quick-start 
		</xref>.
	 </prereq> 
	 <steps id="steps_41D054F9F4B14B20995DB06CEE7C01C6"> 
		<step id="step_5C950CA120A24A9188861790DC29A4AC"> 
		  <cmd>Choose the infrastructure to use for packaging your content.
			 Primetime Packager supports both command-line and configuration-based packaging
			 of content for use with the FairPlay, Widevine, and PlayReady DRMs. The
			 following formats and encryption are currently supported in TVSDK (with more in
			 the pipeline):
		  </cmd> 
		  <info> 
			 <ul id="ul_e1b_pn4_jw"> 
				<li id="li_12C0829082F741999DCEDEF801BAE4BA">DASH (CENC) /
				  PlayReady, Widevine - For HTML5
				</li> 
				<li id="li_27CDC4AB4BDB4FC9B03ABDB33B881730">HLS / FairPlay, Access
				  - For iOS
				</li> 
			 </ul> 
		  </info> 
		</step> 
		<step id="step_53D10A78638246EDBDF9DE0D7A82BE94"> 
		  <cmd>Choose a Key Management System (KMS):
		  </cmd> 
		  <info> 
			 <ul id="ul_uwr_p44_jw"> 
				<li id="li_C540A1350AE64EF1B221FF7841703537">Use ExpressPlay's KMS
				  (<xref href="https://www.expressplay.com/developer/key-storage/" format="html"
				  scope="external">ExpressPlay Key Storage</xref>); this system manages your
				  content keys via ExpressPlay's RESTful API.
				  <p>or...
				  </p> 
				</li> 
				<li id="li_CD41976464BD49D7B32E8F9958E94CE9">Set up your own KMS.
				  Create a database of content keys, selectable by Content-ID.
				</li> 
			 </ul> 
			 <p>In either case, the KMS manages a supply of content keys, with
				each key having an associated Content-ID. 
			 </p> 
			 <p> 
			 </p> 
		  </info> 
		</step> 
		<step id="step_18C1B9C70BE944B6B5F67A7C22D3F264"> 
		  <cmd>Package your content. With Primetime Packager, you can package a
			 piece of content for a specific DRM solution, or for multiple DRM solutions.
		  </cmd> 
		  <info>The following sample commands show some examples of packaging
			 content for different DRM solutions:
			 <ul id="ul_kgf_js4_jw"> 
				<li id="li_E89DD38BCD754A1FABE4B9E92A55DA39"><xref
				  href="http://help.adobe.com/en_US/primetime/packagers/offline/index.html#Packagers-task-Protecting_content_using_Widevine_DRM_for_DASH"
				  format="html" scope="external">Widevine with Primetime Packager</xref>
				  (generates MPD file):
				  <codeblock>java -jar OfflinePackager.jar \
  -in_path [<i>your_content.mp4</i>] \
  -out_type dash \
  -out_path [<i>your_out_file_path</i>] \
  -drm \
  -drm_sys WIDEVINE \
  -key_file_path "creds/widevine_key.bin" \
  -widevine_key_id [<i>some_keyID</i>] \
  -widevine_content_id [<i>some_content-ID</i>] \
  -widevine_header provider:intertrust#content_id:2a</codeblock>
				</li> 
				<li id="li_6E196A9F6E1E475C822BC0F0C901C13B"><xref
				  href="http://help.adobe.com/en_US/primetime/packagers/offline/index.html#Packagers-task-Protecting_content_using_FairPlay_DRM"
				  format="html" scope="external">FairPlay with Primetime Packager</xref>
				  (Generates an M3U8 file):
				  <codeblock>java -jar OfflinePackager.jar 
  -in_path [<i>your_content.mp4</i>] 
  -out_type hls 
  -out_path [<i>your_out_file_path</i>] 
  -drm 
  -drm_sys FAIRPLAY 
  -key_file_path "creds/fairplay_key.bin" 
  -key_url "user_provided_value"</codeblock>
				</li> 
			 </ul>
			 <note>The 
				<codeph>key_url</codeph> value is copied as is in the M3U8 file.
			 </note>
		  </info> 
		</step> 
		<step id="step_6DB1FD7C28E54903969B1DD005D8286B"> 
		  <cmd>Create a "storefront server".
		  </cmd> 
		  <info>The storefront server needs to handle the following operations:
			 <ol id="ol_fxr_xqv_jw"> 
				<li id="li_48004AB58CB94D1C8228D2E82934D66E">Customer selection of
				  content. This implementation needs to include an endpoint for clients to
				  request a content token for a specific content ID. 
				</li> 
				<li id="li_38C3C0F29375436DA5685866D859FF3A">Customer entitlement 
				</li> 
				<li id="li_494972E04907481FA4029DAC8BD9988C">License token
				  (ExpressPlay) requests from the client (<xref
				  href="license-token-req-resp-ref.xml">ExpressPlay license
					 token request / response reference</xref>)
				</li> 
			 </ol>
		  </info> 
		</step> 
		<step id="step_686A73EB72B24E848877F80FC5D9CE2C"> 
		  <cmd>Create your client. 
		  </cmd> 
		  <info>The client should include a call to your storefront server. Adobe
			 recommends that the client call the storefront after the user selects some
			 content, and after the user is authenticated. Then, pass the token returned
			 from ExpressPlay to your player to use for license requests. Introductions to
			 implementing the DRM component of your players are here: 
			 <ul id="ul_u3x_vh2_kw"> 
				<li id="li_3A04D494D9784666BED40BD169038435"><xref
				  href="http://help.adobe.com/en_US/primetime/psdk/browser_tvsdk/index.html#PSDKs-reference-DRM_interface_overview"
				  format="html" scope="external">Browser TVSDK for HTML5</xref>
				</li> 
				<li id="li_1EC8CB6C641B4C46A3A019CE377A7AA4"><xref
				  href="http://help.adobe.com/en_US/primetime/psdk/ios/index.html#PSDKs-task-Enable_Apple_FairPlay_in_TVSDK_applications"
				  format="html" scope="external">iOS</xref>
				</li> 
			 </ul>
		  </info> 
		</step> 
		<step id="step_C781CEA6731A4A19955F15A3541CA01D"> 
		  <cmd>With the license token in hand, the client can now derive the
			 request URL from the token and make the license request to ExpressPlay, and
			 then play the selected content for the user.
		  </cmd> 
		</step> 
	 </steps> 
  </taskbody> 
</task> 
