<?xml version="1.0" encoding="UTF-8"?>
<!DOCTYPE task PUBLIC "-//OASIS//DTD DITA Task//EN" "task.dtd">
<task id="quick-start"> 
  <title>Primetime DRM Cloud Quick-start overview</title> 
  <shortdesc>Work with your Adobe representative to obtain certificates, and to
	 set up an administrative account at ExpressPlay. After your Adobe and
	 ExpressPlay accounts are set up, you can begin to implement and test workflows
	 for different DRM solutions.
  </shortdesc> 
  <taskbody> 
	 <context id="context_88E15D6AE4794A0AA83D9A7853D54202"> 
		<p>These quick-start steps assist you through the Multi-DRM setup
		  process; from acquiring the required certs and keys, to getting an admin
		  account at ExpressPlay, to testing packaging, licensing, and playback of your
		  protected content. 
		</p> 
	 </context> 
  </taskbody> 
</task> 
