<?xml version="1.0" encoding="UTF-8"?>
<!DOCTYPE task PUBLIC "-//OASIS//DTD DITA Task//EN" "task.dtd">
<task id="request-fairplay-token"> 
  <title>Request a FairPlay License Token</title> 
  <shortdesc/> 
  <prolog> 
	 <metadata> 
		<keywords> 
		  <keyword>fairplay</keyword> 
		  <keyword>request</keyword> 
		  <keyword>response</keyword> 
		</keywords> </metadata>
  </prolog> 
  <taskbody> 
	 <context id="context_80921E1969F1420585197FD986375136"> 
		<p>This HTTP request returns a token that can be redeemed for a FairPlay
		  license. 
		</p> 
		<p><b>Method: GET, POST</b> (with a www-url-encoded body that contains
		  parameters for both methods) 
		</p> 
		<p><b>URLs:</b> 
		<ul id="ul_znn_xpr_pv"> 
		  <li id="li_78179751A96D49BE8B94CEAB4C3EA08B"><b>Production: 
			 </b><codeph>https://fp-gen.{prod_domain}/hms/fp/token</codeph> 
		  </li> 
		  <li id="li_8684ABBCD68849978F4796B5B24C68EE"><b>Test: 
			 </b><codeph><xref
				href="https://fp-gen.test.expressplay.com/hms/fp/token" format="html"
				scope="external">https://fp-gen.test.expressplay.com/hms/fp/token</xref></codeph>
			 
		  </li> 
		</ul> 
		</p> 
	 </context> 
	 <steps id="steps_mrk_4qx_pv"> 
		<step id="step_C74CC77DF2284FF7A4D736805F0F5D78"> 
		  <cmd>Send the request with at least the required parameters, and
			 receive a response containing a license acquisition URL and a token. 
		  </cmd> 
		  <info/> 
		</step> 
	 </steps> 
	 <example id="example_3CF0A2D5674E4A4C95FF3F5A780AD698"> 
		<ul id="ul_ihj_45r_pv"> 
		  <li id="li_D5F99CFD9C244088A3F82D813E0E7116"><b>Sample request:</b> 
			 <codeblock><xref href="https://pr-gen.test.expressplay.com/hms/pr/token?customerAuthenticator=201722,1ad8eed133edf43cbcc185f0236828ae&amp;kid=b366360da82e9c6e0b0984002a362cf2&amp;contentKey=b366360da82e9c6e0b0984002a362cf2&amp;rightsType=BuyToOwn&amp;analogVideoOPL=0&amp;compressedDigitalAudioOPL=0&amp;compressedDigitalVideoOPL=0&amp;uncompressedDigitalAudioOPL=0&amp;uncompressedDigitalVideoOPL=0" format="html" scope="external">https://fp-gen.test.expressplay.com/hms/fp/token
?customerAuthenticator=201722,1ad8eed133edf43cbcc185f0236828ae
&amp;kid=b366360da82e9c6e0b0984002a362cf2
&amp;contentKey=b366360da82e9c6e0b0984002a362cf2
&amp;iv=b366360da82e9c6e0b0984002a362cf2
&amp;rightsType=BuyToOwn&amp;analogVideoOPL=0
&amp;compressedDigitalAudioOPL=0
&amp;compressedDigitalVideoOPL=0
&amp;uncompressedDigitalAudioOPL=0
&amp;uncompressedDigitalVideoOPL=0</xref></codeblock> 
		  </li> 
		</ul> 
		<p> 
		</p> 
		<ul id="ul_jhj_45r_pv"> 
		  <li id="li_F1D042E81B6649F8A316BA756ADE2463"><b>Sample Response:</b> 
			 <codeblock>{"licenseAcquisitionUrl":"https://expressplay-licensing.axprod.net/LicensingService.ashx",
"token":"AQABVxASXp4AAABgprzlKusp7gJbfrWO05VJRmDW4_qjnuH5m_aR660tasjoZAnlyVNh5MtDF3W2AHZvOqgALP
hAcAjeZ-Bjh5re82tWwuHF3a7E6Zjb6-Ze-J451fHWD8dpoplbOZa661MDW9nqn7Fc9kDV8ETqPQWuC-sgFYw"}</codeblock> 
		  </li> 
		</ul> 
		<table id="table_xlz_jsx_pv"> 
		<title>Token Parameters</title> 
		<tgroup cols="3"> 
		  <colspec colnum="1" colname="col1"/> 
		  <colspec colnum="2" colname="col2"/> 
		  <colspec colnum="3" colname="col3"/> 
		  <thead> 
			 <row> 
				<entry><b>Query Parameter</b> 
				</entry> 
				<entry><b>Description</b> 
				</entry> 
				<entry><b>Required?</b> 
				</entry> 
			 </row> 
		  </thead> 
		  <tbody> 
			 <row> 
				<entry><codeph>customerAuthenticator</codeph> 
				</entry> 
				<entry> 
				  <p>This is your customer API key, one each for your production
					 and test environments. You can find this on the ExpressPlay Admin Dashboard
					 tab. 
				  </p> 
				</entry> 
				<entry>Yes 
				</entry> 
			 </row> 
			 <row> 
				<entry><codeph>errorFormat</codeph> 
				</entry> 
				<entry>Either 
				  <codeph>html</codeph> or 
				  <codeph>json</codeph>. If 
				  <codeph>html</codeph> (the default) an HTML representation of any
				  errors is provided in the entity body of the response. 
				  <p>If 
					 <codeph>json</codeph> is specified, a structured response in
					 JSON format is returned. See 
					 <xref
					  href="https://www.expressplay.com/developer/restapi/#json-errors" format="html"
					  scope="external">JSON Errors</xref> for details. 
				  </p> 
				  <p>The mime type of the response is either 
					 <codeph>text/uri-list</codeph> on success, 
					 <codeph>text/html</codeph> for HTML error format, or 
					 <codeph>application/json</codeph> for JSON error format. 
				  </p> 
				</entry> 
				<entry>No 
				</entry> 
			 </row> 
		  </tbody> 
		</tgroup> 
		</table> 
		<table id="table_vcq_ksx_pv"> 
		<title>License Parameters</title> 
		<tgroup cols="3"> 
		  <colspec colnum="1" colname="col1"/> 
		  <colspec colnum="2" colname="col2"/> 
		  <colspec colnum="3" colname="col3"/> 
		  <thead> 
			 <row> 
				<entry><b>Query Parameter</b> 
				</entry> 
				<entry><b>Description</b> 
				</entry> 
				<entry><b>Required?</b> 
				</entry> 
			 </row> 
		  </thead> 
		  <tbody> 
			 <row> 
				<entry><codeph>generalFlags</codeph> 
				</entry> 
				<entry>A 4 byte hexadecimal string representing the license flags.
				  ‘0000’ is the only allowed value. 
				</entry> 
				<entry>No 
				</entry> 
			 </row> 
			 <row> 
				<entry><codeph>kek</codeph> 
				</entry> 
				<entry>Key Encryption Key (KEK). Keys are stored encrypted with a
				  KEK using a key wrapping algorithm (AES Key Wrap, RFC3394). If 
				  <codeph>kek</codeph> is supplied, either one of the 
				  <codeph>kid</codeph> or the 
				  <codeph>ek</codeph> parameters needs to be supplied, 
				  <i>but not both</i>. 
				</entry> 
				<entry>No 
				</entry> 
			 </row> 
			 <row> 
				<entry><codeph>kid</codeph><indexterm>CEKSID<indexterm>as query
						parameter kid<indexterm>FairPlay</indexterm></indexterm></indexterm> 
				</entry> 
				<entry>A 16 byte hexadecimal string representation of the content
				  encryption key or a string '^somestring'. The length of the string followed by
				  the '^' cannot be greater than 64 characters.
                                <!--Check note below for an example.-->
				</entry> 
				<entry>No 
				</entry> 
			 </row> 
			 <row> 
				<entry><codeph>ek</codeph> 
				</entry> 
				<entry>A hex string representation of the encrypted content key. 
				</entry> 
				<entry>No 
				</entry> 
			 </row> 
			 <row> 
				<entry><codeph>contentKey</codeph><indexterm>CEK<indexterm>as query
						parameter contentKey<indexterm>FairPlay</indexterm></indexterm></indexterm> 
				</entry> 
				<entry>A 16 byte hexadecimal string representation of the content
				  encryption key 
				</entry> 
				<entry>Yes, unless the 
				  <codeph>kek</codeph> and 
				  <codeph>ek</codeph> or 
				  <codeph>kid</codeph> are provided. 
				</entry> 
			 </row> 
			 <row> 
				<entry><codeph>iv</codeph> 
				</entry> 
				<entry>A 16 byte hexadecimal string representation of the content
				  encryption IV 
				</entry> 
				<entry>Yes 
				</entry> 
			 </row> 
			 <row> 
				<entry><codeph>rentalDuration</codeph> 
				</entry> 
				<entry>Duration of the rental in seconds (default – 0) 
				</entry> 
				<entry>No 
				</entry> 
			 </row> 
			 <row> 
				<entry><codeph>fpExtension</codeph> 
				</entry> 
				<entry>A short form wrapping 
				  <codeph>extensionType</codeph> and 
				  <codeph>extensionPayload</codeph>, as a comma separated string.
				  For example: […]<codeph>&amp;fpExtension=wudo,AAAAAA==&amp;</codeph>[…] 
				</entry> 
				<entry>No, any number can be used 
				</entry> 
			 </row> 
		  </tbody> 
		</tgroup> 
		</table> 
		<table id="table_ar3_lsx_pv"> 
		<title>Token Restriction Parameters</title> 
		<tgroup cols="3"> 
		  <colspec colnum="1" colname="col1"/> 
		  <colspec colnum="2" colname="col2"/> 
		  <colspec colnum="3" colname="col3"/> 
		  <thead> 
			 <row> 
				<entry><b>Query Parameter</b> 
				</entry> 
				<entry><b>Description</b> 
				</entry> 
				<entry><b>Required?</b> 
				</entry> 
			 </row> 
		  </thead> 
		  <tbody> 
			 <row> 
				<entry><codeph>expirationTime</codeph> 
				</entry> 
				<entry>Expiration time of this token. This value MUST be a string
				  in 
				  <xref href="http://www.ietf.org/rfc/rfc3339.txt" format="html"
					scope="external">RFC 3339</xref> date/time format in the ‘Z’ zone designator
				  ("Zulu time"), or an integer preceded by a '+' sign. An example of an RFC 3339
				  date/time is 
				  <codeph>2006-04-14T12:01:10Z</codeph>. 
				  <p>If the value is a string in 
					 <xref href="http://www.ietf.org/rfc/rfc3339.txt" format="html"
					  scope="external">RFC 3339</xref> date/time format, then it represents an
					 absolute expiration date/time for the token. If the value is an integer
					 preceded by a '+' sign, then it is interpreted as a relative number of seconds,
					 from issuance, that the token is valid. 
				  </p> For example, 
				  <codeph>+60</codeph> specifies one minute. The maximum and
				  default (if not specified) token lifetime is 30 days. 
				</entry> 
				<entry>No 
				</entry> 
			 </row> 
		  </tbody> 
		</tgroup> 
		</table> 
		<table id="table_eyx_lsx_pv"> 
		<title>Correlation Parameters</title> 
		<tgroup cols="3"> 
		  <colspec colnum="1" colname="col1"/> 
		  <colspec colnum="2" colname="col2"/> 
		  <colspec colnum="3" colname="col3"/> 
		  <thead> 
			 <row> 
				<entry><b>Query Parameter</b> 
				</entry> 
				<entry><b>Description</b> 
				</entry> 
				<entry><b>Required?</b> 
				</entry> 
			 </row> 
		  </thead> 
		  <tbody> 
			 <row> 
				<entry><codeph>cookie</codeph> 
				</entry> 
				<entry>An arbitrary string up to 32 characters long, carried in the
				  token and logged by the token redemption server. This can be used to correlate
				  log entries at the redemption server and those at the service provider’s
				  servers. 
				</entry> 
				<entry>No 
				</entry> 
			 </row> 
		  </tbody> 
		</tgroup> 
		</table> 
	 </example> 
  </taskbody> 
</task> 
