<?xml version="1.0" encoding="UTF-8"?>
<!DOCTYPE concept PUBLIC "-//OASIS//DTD DITA Concept//EN" "concept.dtd">
<concept id="concept_fhd_l4x_mx"> 
  <title>Reference Service: Time-based Entitlement</title> 
  <shortdesc>Work with the SEES to see how to enable a time-based entitlement
	 service using ExpressPlay. 
  </shortdesc> 
  <conbody> 
	 <p>The SEES receives an Entitlement Request (see Public API section) from
		the client. The SEES server looks up the CEK and IV based on the 
		<codeph>contentID</codeph>, adds the 
		<codeph>expirationTime</codeph>, and forwards the request to the
		ExpressPlay server. The final ExpressPlay token is time-bound. See the Time
		Based Entitlement sequence diagram below.<image
		href="images/fees-time-based.png" id="image_67A06029D7F24C528CE210BFE65C1FED"/>
		
	 </p> 
	 <table id="table_E8A398601CAC486ABCDB9D3127C0CA0E"> 
	 <title>License Parameters sent by client</title> 
	 <tgroup cols="3"> 
		<thead> 
		  <row> 
			 <entry>Query Parameter 
			 </entry> 
			 <entry>Description 
			 </entry> 
			 <entry>Required 
			 </entry> 
		  </row> 
		</thead> 
		<tbody> 
		  <row> 
			 <entry><codeph>contentKey</codeph> 
			 </entry> 
			 <entry>A 16 byte hexadecimal string representation of the content
				encryption key 
			 </entry> 
			 <entry>Yes 
			 </entry> 
		  </row> 
		  <row> 
			 <entry><codeph>iv</codeph> 
			 </entry> 
			 <entry>A 16 byte hexadecimal string representation of the content
				encryption IV 
			 </entry> 
			 <entry>Yes 
			 </entry> 
		  </row> 
		  <row> 
			 <entry><codeph>rentalDuration</codeph> 
			 </entry> 
			 <entry>Duration of the rental in seconds (default = 0) 
			 </entry> 
			 <entry>No 
			 </entry> 
		  </row> 
		</tbody> 
	 </tgroup> 
	 </table> 
	 <table id="table_E979FAD7A61A4832A46667301939FAEB"> 
	 <title>Token Restriction Parameters added by SEES Server</title> 
	 <tgroup cols="3"> 
		<thead> 
		  <row> 
			 <entry>Query Parameter 
			 </entry> 
			 <entry>Description 
			 </entry> 
			 <entry>Required? 
			 </entry> 
		  </row> 
		</thead> 
		<tbody> 
		  <row> 
			 <entry><codeph>expirationTime</codeph> 
			 </entry> 
			 <entry>Expiration time of this token. This value must be a string in 
				<xref href="http://www.ietf.org/rfc/rfc3339.txt"
				 format="html" type="external">RFC 3339</xref> date/time format in the 'Z' zone
				designator (&quot;Zulu time&quot;), or an integer preceded by a '+' sign. An
				example of an RFC 3339 date/time is 
				<codeph>2006-04-14T12:01:10Z</codeph>. 
				<p>If the value is a string in RFC 3339 date/time format, then it
				  represents an absolute expiration date/time for the token. If the value is an
				  integer preceded by a '+' sign, then it is interpreted as a relative number of
				  seconds from issuance that the token is valid. For example, 
				  <codeph>+60</codeph> specifies one minute. The maximum (and
				  default, if not specified) token lifetime is 30 days. Use the encoded form
				  &quot;%2B&quot; when specifying the '+' sign. 
				</p> 
			 </entry> 
			 <entry>No 
			 </entry> 
		  </row> 
		</tbody> 
	 </tgroup> 
	 </table> 
  </conbody> 
</concept> 
