<?xml version="1.0" encoding="UTF-8"?>
<!DOCTYPE concept PUBLIC "-//OASIS//DTD DITA Concept//EN" "concept.dtd">
<concept id="concept_hcb_fsx_mx">
 <title>Reference Service: Device-Binding Entitlement</title>
 <shortdesc>The SEES reference server shows you how to enable the device-binding entitlement service
        using ExpressPlay.</shortdesc>
 <conbody>
  <p>
            <note>The device-bound entitlement service can also be time-bound or provide rental
                duration.</note>
        </p>
  <p>To bootstrap the <codeph>device_id</codeph> information, playback a dummy M3U8 content. You can
            then embed a cookie in the ExpressPlay token, generate an SPC (which contains the
                <codeph>device_id</codeph>), and send a <codeph>getToken</codeph> to the ExpressPlay
            Server.</p>
  <image href="images/fees-device-binding.png"/>
  <p>The sequence starts by playing a dummy M3U8. A cookie is sent to the SEES server to get the
            ExpressPlay token URL. After receiving the cookie-bound ExpressPlay token URL, the next
            step is to generate the SPC and send it to the ExpressPlay Server. The ExpressPlay
            server extracts the <codeph>device_id</codeph> from SPC, the cookie from the ExpressPlay
            token URL, and puts the cookie and <codeph>device_id</codeph> in the transaction
            log.</p>
  <p>The client makes a real license request to SEES sending the same cookie. SEES employs the
            cookie to retrieve the <codeph>device_id</codeph> from the ExpressPlay server.</p>
  <p>SEES requests an ExpressPlay token that is device-bound as well as time-bound and returns that
            token to the client.</p>
  <p>The client makes the license request with the ExpressPlay token.</p>
  <p>The ExpressPlay server compares the <codeph>device_id</codeph> in the SPC with the
                <codeph>device_id</codeph> in the ExpressPlay token. The ExpressPlay server only
            issues a license if the two <codeph>device_id</codeph> values match.</p>
 </conbody>
</concept>
