<?xml version="1.0" encoding="UTF-8"?>
<!DOCTYPE concept PUBLIC "-//OASIS//DTD DITA Concept//EN" "concept.dtd">
<concept id="concept_ors_nmx_mx">
 <title>Reference Server: Sample ExpressPlay Entitlement Server (SEES)</title>
 <shortdesc>One way to coordinate licensing and policy enforcement is to build these functions in to
  an entitlement server. Adobe provides the SEES reference entitlement server that you can work with
  to build your own server.</shortdesc>
 <conbody>
  <p>The reference server SEES demonstrates the ExpressPlay Entitlement Service, showing two services: basic time-based entitlement and device binding entitlement.</p>
  <p>The SEES is built on top of two ExpressPlay Fairplay Services:</p>
  <ol>
   <li>Expressplay Token Request Service</li>
   <li>Expressplay Record Retrieving Service</li>
  </ol>
  <p>The URL format for the ExpressPlay Token request takes two forms, one for production, one for the test environment:</p>
  <p><b>Production</b>: https://fp-gen.{prod_domain}/hms/fp/token</p>
  <p><b>Test</b>: https://fp-gen.test.expressplay.com/hms/fp/token</p>
  <p>The URL format for ExpressPlay Record retrieving takes two forms, one for production, one for the test environment:</p>
  <p><b>Production</b>: https://api.{prod_domain}/cmiapi/getrecord/</p>
  <p><b>Test</b>: https://api.test.expressplay.com/cmiapi/getrecord/</p>
  
 </conbody>
</concept>
