<?xml version="1.0" encoding="UTF-8"?>
<!DOCTYPE concept PUBLIC "-//OASIS//DTD DITA Concept//EN" "concept.dtd">
<concept id="setting-policies-fairplay"> 
  <title>Setting policies for FairPlay</title> 
  <shortdesc>You can set polices for FairPlay-protected content by using an
	 entitlement server. You can set up your own, or make use of an Adobe-provided
	 sample entitlement server. 
  </shortdesc> 
  <conbody> 
	 <p>Adobe provides a Sample ExpressPlay Entitlement Server (SEES) that shows
		how to do 
		<i>time-based</i> and 
		<i>device-binding</i> entitlement. This sample entitlement server is
		built on top of ExpressPlay services.
	 </p> 
	 <p><xref href="sees-reference-server.xml">Reference
		  Server: Sample ExpressPlay Entitlement Server (SEES) 
		</xref>
	 <ul id="ul_qps_t1z_mx"> 
		<li id="li_A231F966665B441D9B1AFF48A1A9F5E6"><xref
		  href="sees-reference-server-time-based-entitlement.xml">Reference
			 Service: Time-based Entitlement 
		  </xref> 
		</li> 
		<li id="li_D06FA40FAE9E43709BBA8200F3D2E462"><xref
		  href="sees-reference-server-device-binding-entitlement.xml">Reference
			 Service: Device-Binding Entitlement 
		  </xref>
		</li> 
	 </ul>
	 </p> 
  </conbody> 
</concept> 
