<?xml version="1.0" encoding="UTF-8"?>
<!DOCTYPE concept PUBLIC "-//OASIS//DTD DITA Concept//EN" "concept.dtd">
<concept id="concept_zt2_xwc_3y"> 
  <title>Using Output Protection Policies</title> 
  <conbody> 
	 <p><b>Widevine output protection policies</b> 
	 </p> 
	 <p>Widevine natively supports both analog and digital output protection
		restrictions. Refer to the documenation from your Widevine service provider on
		how to attach these policies to generated licenses. 
	 </p> 
	 <p>If you use Expressplay as the Widevine service provider, then attach
		digital output protection policies at token generation time through the
		hdcpOutputControl flag: 
	 </p> 
	 <pre>https://wv-gen.service.expressplay.com/hms/wv/token?customerAuthenticator=
&lt;your expressplay customer authenticator&gt;&amp;kid<indexterm>CEKSID<indexterm>as query parameter kid<indexterm>Widevine</indexterm></indexterm></indexterm>=fd1a706ac2b36002888f6d4a414333c3
&amp;contentKey<indexterm>CEK<indexterm>as query parameter contentKey<indexterm>Widevine</indexterm></indexterm></indexterm>=5438b719bf47a2f5678237477db2f9e6&amp;securityLevel=1&amp;hdcpOutputControl=0</pre> 
	 <p>Allowed values are 0, 1, 2 where 0 = HDCP_NONE, 1 = HDCP_V1, 2 =
		HDCP_V2. Both HDCP_V1 and HDCP_V2 enforce HDCP version 1.X and 2.X
		respectively. 
	 </p> 
	 <p>Expressplay currently does not support attaching analog output
		restrictions 
	 </p> 
	 <p><b>PlayReady output protection policies</b> 
	 </p> 
	 <p>PlayReady also natively supports both analog and digital output
		protection restrictions. The output protection level values that you can set.
		The page 
		<xref type="external" format="html"
		 href="https://msdn.microsoft.com/en-us/library/dn468831.aspx">Output Protection
		  Levels</xref> documents the values that you can set and their expected client
		behavior. 
	 </p> 
	 <p>If you use Expressplay, then attach output protection level values at
		token generation time via the compressedDigitalAudioOPL,
		uncompressedDigitalAudioOPL, compressedDigitalVideoOPL,
		uncompressedDigitalVideoOPL, and the unknownOutputBehavior flag. These are
		documented at 
		<xref
		 href="https://www.expressplay.com/developer/restapi/#playready-license-token-request"
		 type="external" format="html">PlayReady License Token Request</xref> 
	 </p> 
  </conbody> 
</concept> 
