<?xml version="1.0" encoding="UTF-8"?>
<!DOCTYPE concept PUBLIC "-//OASIS//DTD DITA Concept//EN" "concept.dtd">
<concept id="concept_rk1_z3c_rw"> 
  <title>Troubleshooting your quick-start</title> 
  <shortdesc>Common problems during testing often involve your ExpressPlay
	 authenticators, transport protocols, and required service request parameters. 
  </shortdesc> 
  <conbody> 
	 <p>If your 
		<filepath>curl</filepath> requests to ExpressPlay for token generation
		fail, the response body will contain an error message that explains the reason
		for failure. 
	 </p> 
	 <p>If the token generation is successful, but the content still does not
		play, check the ExpressPlay token redemption logs for errors such as "Expired
		token". 
	 </p> 
	 <p>If the token generation was successful and redemption had no error, but
		the video still does not play, check that the CEK matches the content, and that
		the content format matches the capabilities of the target device. 
	 </p> 
	 <p>In addition: 
	 <ul id="ul_s3q_nf2_rw"> 
		<li id="li_CACE45CBD1DD42B793094E0698C0FB8E">Check that you are using the
		  correct Customer Authenticator in your service requests. It is easy to
		  accidentally use the production authenticator when you meant to use the test
		  authenticator. Also, make sure you are using 
		  <i>your</i> authenticator. For example, during testing you might borrow
		  somebody else's 
		  <codeph>curl</codeph> command and forget to swap in your authenticator
		  for theirs. 
		</li> 
		<li id="li_4C9531B651C04750AF86EDCC50ACB8E9">Check that you are using the
		  proper transport protocol in your requests or in your manifests
		  (<codeph>http://</codeph> versus 
		  <codeph>https://</codeph>, or in the case of FairPlay, 
		  <codeph>skd://</codeph> versus 
		  <codeph>http://</codeph> versus 
		  <codeph>https://</codeph>. 
		</li> 
		<li id="li_28D94379207F4921AB04DE61B346217F">Make sure that you are
		  including all of the required query parameters for the DRM solution you are
		  working with. It is easy to get confused between PlayReady and Widevine for
		  instance, because they are both working with DASH, but the required request
		  parameters and packaging configurations are different. 
		</li> 
		<li id="li_932A6B15074841ADB39BE73E5417244F">Confirm that your
		  ExpressPlay account has enough token credits and has not been exhausted. 
		</li> 
		<li id="li_6B910BC6CF174CDCBDE62FACD79F1C36">Confirm that the triplet of
		  DRM data being sent to the TVSDK is correct: ExpressPlay token, license server
		  URL, and DRM type. 
		</li> 
		<li id="li_5B1126413ACC4E05920C918FCC635EBF">Confirm that all of your
		  components are making the same assumption about which ExpressPlay environment
		  is in use as there are two environments, Test and Production. 
		</li> 
		<li id="li_E6B095E85F784FABB861139959CAC83E">Be aware that different
		  browsers typically support only one DRM for DASH content. 
		</li> 
		<li id="li_700A738FB10B46C9B8A08F29DD4E6F5F">As of TVSDK 2.4, only the
		  DASH-LIVE packaging profile is supported. (DASH-OnDemand support is on the
		  roadmap.) 
		</li> 
		<li id="li_F6B1C92312CC468BA5DDA5AAB43535EA">AndroidTV PlayReady support
		  is intermittent due to device manufacturer limitations. To give examples, 
		  <ul id="ul_D4B920919FEA4E2ABD7F5F2165173A74"> 
			 <li id="li_CBC06384857F41B58C6B86C1DBF6D147">the Razer Forge device
				has issues with PlayReady content 
			 </li> 
			 <li id="li_03361888DE984B8F974089584E4E5970">Amazon FireTV cannot
				consume DASH content that has the audio track encrypted 
			 </li> 
		  </ul> 
		</li> 
		<li id="li_0D6F2DEDA02F459D888CB4A18F0EC388">As of TVSDK 2.4, only
		  AndroidTV devices typically support both PlayReady and Widevine DRMs. All other
		  Android devices typically only support Widevine. 
		</li> 
		<li id="li_231EC64DD2F74FA1BD595FFA006FB9EB">As of TVSDK 2.4, the Android
		  TVSDK currently requires that the PSSH box is in the .mpd manifest. This is
		  contrary to the DASH standard, which specifies that the PSSH box can be
		  anywhere, like in the content itself, and not just in the .mpd. 
		</li> 
	 </ul> 
	 </p> 
  </conbody> 
</concept> 
