<?xml version="1.0" encoding="UTF-8"?>
<!DOCTYPE concept PUBLIC "-//OASIS//DTD DITA Concept//EN" "concept.dtd">
<concept id="concept_xyt_bdc_rw"> 
  <title>Setting policies</title> 
  <shortdesc>Setting policies is the process of specifying conditions for when
	 and how a user is allowed to play protected video content.
  </shortdesc> 
  <conbody> 
	 <p>Policy creation occurs as part of your license token request. (See 
		<xref
		 href="https://www.expressplay.com/developer/restapi/#widevine-license-token-request"
		 format="html"
		 scope="external">https://www.expressplay.com/developer/restapi/#widevine-license-token-request</xref>
		for an example using Widevine). 
	 </p> 
	 <p>Once a customer's server-side code has determined that it will issue a
		license (based on entitlements checks, geolocation, or any other required
		information), then it requests a token, and 
		<i>in the token</i> it specifies the required 
		<codeph>securityLevel</codeph>, 
		<codeph>hdcpOutputControl</codeph>, and 
		<codeph>licenseDuration</codeph>. Those are the client-side options for a
		Widevine policy. Other DRM solutions offer similar approaches, but the details
		are different in each case, and are elaborated upon in the individual
		workflows.
	 </p> 
	 <note> 
		<p>Adobe provides a sample reference server that shows how to implement
		  your own entitlement server / storefront: 
		  <xref href="sees-reference-server.xml"
		  format="xml" scope="peer">Reference Server: Sample ExpressPlay Entitlement
			 Server (SEES) 
		  </xref>
		</p> 
	 </note> 
  </conbody> 
</concept> 
