<?xml version="1.0" encoding="UTF-8"?>
<!DOCTYPE concept PUBLIC "-//OASIS//DTD DITA Concept//EN" "concept.dtd">
<concept id="concept_psn_zwc_3y"> 
  <title>Multi-DRM Workflow for Widevine and PlayReady</title> 
  <shortdesc>This Multi-DRM workflow takes you through setup, packaging,
	 licensing, and playback of DASH content encrypted with Widevine and PlayReady. 
  </shortdesc> 
  <conbody> 
	 <p>Primetime TVSDK supports playback of Widevine-encrypted or
		PlayReady-encrypted DASH content on HTML5 and Android only in TVSDK version
		2.X. DASH content encryption is defined by the Common Encryption specification,
		the full details of which are outside the scope of this document. This section
		provides pertinent details of the DASH format and the encryption specification
		and information about some of the tools you can use to generate the supported
		content. 
		<note type="notice">No plans have been made to backport to Android TVSDK
		  1.X the playback of Widevine-encrypted DASH content. 
		</note> 
	 </p> 
	 <section id="section_33A881158F724835B4B89AAE97302B17"> 
		<title>DASH Content and Common Encryption at a glance</title> 
		<p>Dash content consists of a main manifest, written in xml, which points
		  to video and audio files to playback. In the example below the DASH manifest
		  points to a video url, video/1080_30.mp4, and an audio url, audio/1080_30.mp4,
		  relative to the manifest's URL. 
		</p> 
		<codeblock outputclass="language-xml">&lt;MPD xmlns="urn:mpeg:DASH:schema:MPD:2011" xmlns:cenc="urn:mpeg:cenc:2013" xmlns:scte35="urn:scte:scte35:2013" xmlns:xsi="http://www.w3.org/2001/XMLSchema-instance"mediaPresentationDuration="PT30S" minBufferTime="PT8S" profiles="urn:mpeg:dash:profile:isoff-on-demand:2011" type="static" xsi:schemaLocation="urn:mpeg:DASH:schema:MPD:2011 DASH-MPD.xsd"&gt;
    &lt;Period id="1" start="PT0S"&gt;
        &lt;AdaptationSet bitstreamSwitching="true" contentType="video" id="1" segmentAlignment="true" startWithSAP="2"&gt;
            &lt;Representation bandwidth="4215100" codecs="avc1.4d4029" height="1080" id="1" mimeType="video/mp4" width="1920"&gt;
                &lt;BaseURL&gt;video/1080_30.mp4&lt;/BaseURL&gt;
                &lt;CueInfo schemeIdUri="urn:adobe:mpeg:dash:cueinfo:2012"/&gt;
            &lt;/Representation&gt;
        &lt;/AdaptationSet&gt;
 
        &lt;AdaptationSet bitstreamSwitching="true" contentType="audio" id="2" segmentAlignment="1" startWithSAP="1"&gt;
            &lt;Representation bandwidth="320600" codecs="mp4a.40.02" id="1" mimeType="audio/mp4"&gt;
                &lt;BaseURL&gt;audio/1080_30.mp4&lt;/BaseURL&gt;
                &lt;CueInfo schemeIdUri="urn:adobe:mpeg:dash:cueinfo:2012"/&gt;
            &lt;/Representation&gt;
        &lt;/AdaptationSet&gt;
    &lt;/Period&gt;
&lt;/MPD&gt;</codeblock> 
		<p>Below is an example manifest with Common Encryption applied. The
		  Widevine content protection XML elements (the &lt;ContentProtection&gt; blocks)
		  in the manifest contain a base64 encoded pssh (Protection System Specific
		  Header) box. The pssh box contains the data needed for initializing content
		  decryption. This data is also embedded in the video/audio content that the
		  manifest refer to. DASH content may have multiple content protection elements,
		  for example 1 for PlayReady and 1 for Widevine. 
		</p> 
		<codeblock outputclass="language-xml">&lt;?xml version="1.0" ?&gt;
&lt;MPD mediaPresentationDuration="PT3M35.533S" minBufferTime="PT15.00S" profiles="urn:mpeg:dash:profile:isoff-live:2011" type="static" xmlns="urn:mpeg:dash:schema:mpd:2011" xmlns:cenc="urn:mpeg:cenc:2013"&gt;
  &lt;!-- Created with Bento4 mp4-dash.py, VERSION=1.6.0-607 --&gt;
  &lt;Period&gt;
    &lt;!-- Audio --&gt;
    &lt;AdaptationSet mimeType="audio/mp4" segmentAlignment="true" startWithSAP="1"&gt;
      &lt;!-- Common Encryption --&gt;
      &lt;ContentProtection cenc:default_KID="9e828b37-842d-9f71-0233-c007fb1d4f5b" schemeIdUri="urn:mpeg:dash:mp4protection:2011" value="cenc"/&gt;
      &lt;!-- Widevine --&gt;
      &lt;ContentProtection schemeIdUri="urn:uuid:edef8ba9-79d6-4ace-a3c8-27dcd51d21ed"&gt;
        &lt;cenc:pssh&gt;
        AAAAQ3Bzc2gAAAAA7e+LqXnWSs6jyCfc1R0h7QAAACMIARIQnoKLN4Qtn3ECM8AH+x1PWxoKaW50ZXJ0cnVzdCIBKg==
        &lt;/cenc:pssh&gt;
      &lt;/ContentProtection&gt;
      &lt;Representation audioSamplingRate="44100" bandwidth="200429" codecs="mp4a.40.2" id="audio/und"&gt;
        &lt;AudioChannelConfiguration schemeIdUri="urn:mpeg:dash:23003:3:audio_channel_configuration:2011" value="2"/&gt;
        &lt;SegmentList duration="15000" timescale="1000"&gt;
          &lt;Initialization sourceURL="audio/und/init.mp4"/&gt;
          &lt;SegmentURL media="audio/und/seg-1.m4f"/&gt;
          &lt;SegmentURL media="audio/und/seg-2.m4f"/&gt;
          &lt;SegmentURL media="audio/und/seg-3.m4f"/&gt;
          &lt;SegmentURL media="audio/und/seg-4.m4f"/&gt;
          &lt;SegmentURL media="audio/und/seg-5.m4f"/&gt;
          &lt;SegmentURL media="audio/und/seg-6.m4f"/&gt;
          &lt;SegmentURL media="audio/und/seg-7.m4f"/&gt;
          &lt;SegmentURL media="audio/und/seg-8.m4f"/&gt;
          &lt;SegmentURL media="audio/und/seg-9.m4f"/&gt;
          &lt;SegmentURL media="audio/und/seg-10.m4f"/&gt;
          &lt;SegmentURL media="audio/und/seg-11.m4f"/&gt;
          &lt;SegmentURL media="audio/und/seg-12.m4f"/&gt;
          &lt;SegmentURL media="audio/und/seg-13.m4f"/&gt;
          &lt;SegmentURL media="audio/und/seg-14.m4f"/&gt;
          &lt;SegmentURL media="audio/und/seg-15.m4f"/&gt;
          &lt;SegmentURL media="audio/und/seg-16.m4f"/&gt;
        &lt;/SegmentList&gt;
      &lt;/Representation&gt;
    &lt;/AdaptationSet&gt;
 
    &lt;!-- Video --&gt;
    &lt;AdaptationSet maxHeight="720" maxWidth="1280" mimeType="video/mp4" minHeight="720" minWidth="1280" segmentAlignment="true" startWithSAP="1"&gt;
      &lt;!-- Common Encryption --&gt;
      &lt;ContentProtection cenc:default_KID="9e828b37-842d-9f71-0233-c007fb1d4f5b" schemeIdUri="urn:mpeg:dash:mp4protection:2011" value="cenc"/&gt;
      &lt;!-- Widevine --&gt;
      &lt;ContentProtection schemeIdUri="urn:uuid:edef8ba9-79d6-4ace-a3c8-27dcd51d21ed"&gt;
        &lt;cenc:pssh&gt;
        AAAAQ3Bzc2gAAAAA7e+LqXnWSs6jyCfc1R0h7QAAACMIARIQnoKLN4Qtn3ECM8AH+x1PWxoKaW50ZXJ0cnVzdCIBKg==
        &lt;/cenc:pssh&gt;
      &lt;/ContentProtection&gt;
 
      &lt;Representation bandwidth="2640920" codecs="avc1.64001F" frameRate="30" height="720" id="video/1" scanType="progressive" width="1280"&gt;
        &lt;SegmentList duration="15000" timescale="1000"&gt;
          &lt;Initialization sourceURL="video/1/init.mp4"/&gt;
          &lt;SegmentURL media="video/1/seg-1.m4f"/&gt;
          &lt;SegmentURL media="video/1/seg-2.m4f"/&gt;
          &lt;SegmentURL media="video/1/seg-3.m4f"/&gt;
          &lt;SegmentURL media="video/1/seg-4.m4f"/&gt;
          &lt;SegmentURL media="video/1/seg-5.m4f"/&gt;
          &lt;SegmentURL media="video/1/seg-6.m4f"/&gt;
          &lt;SegmentURL media="video/1/seg-7.m4f"/&gt;
          &lt;SegmentURL media="video/1/seg-8.m4f"/&gt;
          &lt;SegmentURL media="video/1/seg-9.m4f"/&gt;
          &lt;SegmentURL media="video/1/seg-10.m4f"/&gt;
          &lt;SegmentURL media="video/1/seg-11.m4f"/&gt;
          &lt;SegmentURL media="video/1/seg-12.m4f"/&gt;
          &lt;SegmentURL media="video/1/seg-13.m4f"/&gt;
          &lt;SegmentURL media="video/1/seg-14.m4f"/&gt;
          &lt;SegmentURL media="video/1/seg-15.m4f"/&gt;
        &lt;/SegmentList&gt;
      &lt;/Representation&gt;
    &lt;/AdaptationSet&gt;
  &lt;/Period&gt;
&lt;/MPD&gt;</codeblock> 
		<p>Observe that the first example above refers to one file only for each
		  stream, whereas the second example refers to a series of small content
		  fragments. Instead of referring to fragments explicitly, you can also define a
		  fragment template, for example: 
		</p> 
		<codeblock outputclass="language-xml">&lt;Representation bandwidth="348000" codecs="avc1.42c01e" height="360" id="1" width="640"&gt;
    &lt;BaseURL&gt;video/&lt;/BaseURL&gt;
    &lt;SegmentTemplate initialization="JaigoInit.mp4" media="Jaigo$Number$.m4s" startNumber="0" timescale="1000"&gt;
        &lt;SegmentTimeline&gt;
            &lt;S d="4538" t="0"/&gt;
            &lt;S d="4304" t="4538"/&gt;
            &lt;S d="4004" t="8842"/&gt;
            &lt;S d="2102" t="12846"/&gt;
        &lt;/SegmentTimeline&gt;
    &lt;/SegmentTemplate&gt;
&lt;/Representation&gt;</codeblock> 
		<p>In this case, the content parser (TVSDK) expects to find video content
		  at Jaigo0.m4s, Jaigo1.m4s, Jaigo2.m4s, and so on. This is primarily used for
		  live streaming and has the advantage that it does not requre the client to
		  download the manifest all over again from time to time. 
		</p> 
	 </section> 
  </conbody> 
</concept> 
