<?xml version="1.0" encoding="UTF-8"?>
<!DOCTYPE reference PUBLIC "-//OASIS//DTD DITA Reference//EN" "reference.dtd">
<reference id="r_multi_drm_workflows_widevine-license-token-request"> 
  <title>Widevine license token request / response</title> 
  <shortdesc>The Widevine license token interface provides production and test
	 services. 
  </shortdesc> 
  <refbody> 
	 <section id="section_8BFECB6984F74B80B6FC5B4B7459D8B5"> 
		<p>This HTTP request returns a token that can be redeemed for a Widevine
		  license. 
		</p> 
		<p><b>Method: GET, POST</b> (with a www-url-encoded body that contains
		  parameters for both methods) 
		</p> 
		<p><b>URLs:</b> 
		<ul id="ul_znn_xpr_pv"> 
		  <li id="li_BB97FF1AD81C45A59E24E2AAA3933A96"><b>Production: 
			 </b><codeph>https://wv-gen.{prod_domain}/hms/wv/token</codeph> 
		  </li> 
		  <li id="li_A67ADA2643E74CC0A87905D64778809E"><b>Test: 
			 </b><codeph><xref
				href="https://wv-gen.test.expressplay.com/hms/wv/token" format="html"
				scope="external">https://wv-gen.test.expressplay.com/hms/wv/token</xref></codeph>
			 
		  </li> 
		</ul> 
		</p> 
		<ul id="ul_ihj_45r_pv"> 
		  <li id="li_29ACFFC1A3CB407BACC189E0D56369E9"><b>Sample request:</b> 
			 <codeblock>https://wv-gen.service.expressplay.com/hms/wv/token?customerAuthenticator=
&lt;ExpressPlay customer authenticator identifier&gt;</codeblock> 
		  </li> 
		</ul> 
		<ul id="ul_jhj_45r_pv"> 
		  <li id="li_761F4029BB4E44B694C13FF48F195E1F"><b>Sample Response:</b> 
			 <codeblock>https://wv.service.expressplay.com/hms/wv/rights/?ExpressPlayToken=&lt;base64-encoded ExpressPlay token&gt;</codeblock> 
		  </li> 
		</ul> 
	 </section> 
	 <section id="section_1E22012EE4B94BB2974D3B16DE8812D9"> 
		<table id="table_ww1_hcs_pv"> 
		<title><b>Token Query Parameters</b></title> 
		<tgroup cols="3"> 
		  <colspec colnum="1" colname="col1"/> 
		  <colspec colnum="2" colname="col2"/> 
		  <colspec colnum="3" colname="col3"/> 
		  <thead> 
			 <row> 
				<entry><b>Query Parameter</b> 
				</entry> 
				<entry><b>Description</b> 
				</entry> 
				<entry><b>Required?</b> 
				</entry> 
			 </row> 
		  </thead> 
		  <tbody> 
			 <row> 
				<entry><codeph>customerAuthenticator</codeph> 
				</entry> 
				<entry> 
				  <p>This is your customer API key, one each for your production
					 and test environments. You can find this on the ExpressPlay Admin Dashboard
					 tab. 
				  </p> 
				</entry> 
				<entry>Yes 
				</entry> 
			 </row> 
			 <row> 
				<entry><codeph>errorFormat</codeph> 
				</entry> 
				<entry>Either 
				  <codeph>html</codeph> or 
				  <codeph>json</codeph>. 
				  <p>If 
					 <codeph>html</codeph> (the default) an HTML representation of
					 any errors is provided in the entity body of the response. If 
					 <codeph>json</codeph> is specified, a structured response in
					 JSON format is returned. See 
					 <xref
					  href="https://www.expressplay.com/developer/restapi/#json-errors" format="html"
					  scope="external">JSON Errors</xref> for details. 
				  </p> 
				  <p>The mime type of the response is either 
					 <codeph>text/uri-list</codeph> on success, 
					 <codeph>text/html</codeph> for 
					 <codeph>html</codeph> error format, or 
					 <codeph>application/json</codeph> for 
					 <codeph>json</codeph> error format. 
				  </p> 
				</entry> 
				<entry>No 
				</entry> 
			 </row> 
		  </tbody> 
		</tgroup> 
		</table> 
		<table id="table_yfy_hcs_pv"> 
		<title><b>License Query Parameters</b></title> 
		<tgroup cols="3"> 
		  <colspec colnum="1" colname="col1"/> 
		  <colspec colnum="2" colname="col2"/> 
		  <colspec colnum="3" colname="col3"/> 
		  <thead> 
			 <row> 
				<entry><b>Query Parameter</b> 
				</entry> 
				<entry><b>Description</b> 
				</entry> 
				<entry><b>Required?</b> 
				</entry> 
			 </row> 
		  </thead> 
		  <tbody> 
			 <row> 
				<entry><codeph>generalFlags</codeph> 
				</entry> 
				<entry>A 4 byte hexadecimal string representing the license flags.
				  ‘0000’ is the only allowed value 
				</entry> 
				<entry>No 
				</entry> 
			 </row> 
			 <row> 
				<entry><codeph>kek</codeph> 
				</entry> 
				<entry>Key Encryption Key (KEK). Keys are stored encrypted with a
				  KEK using a key wrapping algorithm (AES Key Wrap, RFC3394). 
				</entry> 
				<entry>No 
				</entry> 
			 </row> 
			 <row> 
				<entry><codeph>kid</codeph> 
				</entry> 
				<entry>A 16 byte hexadecimal string representation of the content
				  encryption key or a string 
				  <codeph>^somestring’</codeph>. The length of the string followed
				  by the '^' cannot be greater than 64 characters. Check note below for an
				  example. 
				</entry> 
				<entry>Yes 
				</entry> 
			 </row> 
			 <row> 
				<entry><codeph>ek</codeph> 
				</entry> 
				<entry>A hex string representation of the encrypted content key. 
				</entry> 
				<entry>No 
				</entry> 
			 </row> 
			 <row> 
				<entry><codeph>contentKey</codeph> 
				</entry> 
				<entry>A 16 byte hexadecimal string representation of the content
				  encryption key 
				</entry> 
				<entry>Yes, unless 
				  <codeph>kek</codeph> and 
				  <codeph>ek</codeph> or 
				  <codeph>kid</codeph> are provided 
				</entry> 
			 </row> 
			 <row> 
				<entry><codeph>contentId</codeph> 
				</entry> 
				<entry>Content Id 
				</entry> 
				<entry>No 
				</entry> 
			 </row> 
			 <row> 
				<entry><codeph>securityLevel</codeph> 
				</entry> 
				<entry>Allowed values are 1-5. 
				  <ul id="ul_ckd_bkg_qv"> 
					 <li id="li_212BEC3981AF4E9B862F69271C56EDF3">1 = 
						<codeph>SW_SECURE_CRYPTO</codeph> 
					 </li> 
					 <li id="li_0E656C21764045F49BBFB6524A0D071C">2 = 
						<codeph>SW_SECURE_DECODE</codeph> 
					 </li> 
					 <li id="li_08F0B0149A08446091ABAC659128E59E">3 = 
						<codeph>HW_SECURE_CRYPTO</codeph> 
					 </li> 
					 <li id="li_4B703C8EB03F4F1B9321463D6D69E2CC">4 = 
						<codeph>HW_SECURE_DECODE</codeph> 
					 </li> 
					 <li id="li_6C74306FF40746C2949289DB6FEB54AD">5 = 
						<codeph>HW_SECURE_ALL</codeph> 
					 </li> 
				  </ul> 
				</entry> 
				<entry>Yes 
				</entry> 
			 </row> 
			 <row> 
				<entry><codeph>hdcpOutputControl</codeph> 
				</entry> 
				<entry>Allowed values are 0, 1, 2. 
				  <ul id="ul_vhm_2kg_qv"> 
					 <li id="li_0F7DAB982E374A538A1E9C8A3FFA9338">0 = 
						<codeph>HDCP_NONE</codeph> 
					 </li> 
					 <li id="li_FC46EDE7D2E344369CD69C206C4AFD09">1 = 
						<codeph>HDCP_V1</codeph> 
					 </li> 
					 <li id="li_B7543AB8A557444FB17C7FAF39D46C63">2 = 
						<codeph>HDCP_V2</codeph> 
					 </li> 
				  </ul> 
				</entry> 
				<entry>Yes 
				</entry> 
			 </row> 
			 <row> 
				<entry><codeph>licenseDuration</codeph><b>*</b> 
				</entry> 
				<entry>Duration of the license in seconds. If not provided, it
				  indicates that there is no limit to the duration. Please check the note below
				  for detailed information. 
				</entry> 
				<entry>No 
				</entry> 
			 </row> 
			 <row> 
				<entry><codeph>wvExtension</codeph> 
				</entry> 
				<entry>A short form wrapping extensionType and extensionPayload, as
				  a comma separated string. See format below. Example:
				  …&amp;wvExtension=wudo,AAAAAA==&amp;… 
				</entry> 
				<entry>No, any number can be used 
				</entry> 
			 </row> 
			 <row> 
				<entry/> 
				<entry/> 
				<entry/> 
			 </row> 
			 <row> 
				<entry namest="col1" nameend="col3"> 
				  <p><b>*About 
						<codeph>licenseDuration</codeph>:</b> 
				  <ol id="ol_mn2_lws_pv"> 
					 <li id="li_322601989EBA4343AB3BD89129851422">Playback will stop
						
						<codeph>licenseDuration</codeph> seconds after beginning of
						playback. 
					 </li> 
					 <li id="li_5C9A6F6D5B8548638D45489ADB2EAD50">To allow playback
						to be stopped/resumed for an unlimited amount of time, omit 
						<codeph>licenseDuration</codeph> (it will default to
						infinite). Otherwise specify the amount of time during which end-users should
						be able to enjoy the stream. 
					 </li> 
				  </ol> 
				  </p> 
				</entry> 
			 </row> 
		  </tbody> 
		</tgroup> 
		</table> 
		<table id="table_rxj_2l5_pv"> 
		<title><b>Token Restriction Query Parameters</b></title> 
		<tgroup cols="3"> 
		  <colspec colnum="1" colname="col1"/> 
		  <colspec colnum="2" colname="col2"/> 
		  <colspec colnum="3" colname="col3"/> 
		  <thead> 
			 <row> 
				<entry><b>Query Parameter</b> 
				</entry> 
				<entry><b>Description</b> 
				</entry> 
				<entry><b>Required?</b> 
				</entry> 
			 </row> 
		  </thead> 
		  <tbody> 
			 <row> 
				<entry><codeph>expirationTime</codeph> 
				</entry> 
				<entry>Expiration time of this token. This value MUST a string in 
				  <xref href="http://www.ietf.org/rfc/rfc3339.txt" format="html"
					scope="external">RFC 3339</xref> date/time format in the ‘Z’ zone designator
				  ("Zulu time"), or an integer preceded by a + sign. An example of an RFC 3339
				  date/time is 2006-04-14T12:01:10Z. 
				  <p>If the value is a string in 
					 <xref href="http://www.ietf.org/rfc/rfc3339.txt" format="html"
					  scope="external">RFC 3339</xref> date/time format, then it represents an
					 absolute expiration date/time for the token. If the value is an integer
					 preceded by a + sign, then it is interpreted as a relative number of seconds,
					 from issuance, that the token is valid. For example, +60 specifies one minute. 
				  </p> 
				  <p>The maximum and default (if not specified) token lifetime is
					 30 days. 
				  </p> 
				</entry> 
				<entry>No 
				</entry> 
			 </row> 
		  </tbody> 
		</tgroup> 
		</table> 
		<table id="table_xqj_fl5_pv"> 
		<title><b>Correlation Query Parameters</b></title> 
		<tgroup cols="3"> 
		  <colspec colnum="1" colname="col1"/> 
		  <colspec colnum="2" colname="col2"/> 
		  <colspec colnum="3" colname="col3"/> 
		  <thead> 
			 <row> 
				<entry><b>Query Parameter</b> 
				</entry> 
				<entry><b>Description</b> 
				</entry> 
				<entry><b>Required?</b> 
				</entry> 
			 </row> 
		  </thead> 
		  <tbody> 
			 <row> 
				<entry><codeph>cookie</codeph> 
				</entry> 
				<entry>Arbitrary string up to 32 characters long carried in the
				  token and logged by the token redemption server. Can be used to correlate log
				  entries at the redemption server and those at the service provider’s servers. 
				</entry> 
				<entry>No 
				</entry> 
			 </row> 
		  </tbody> 
		</tgroup> 
		</table> 
	 </section> 
	 <section id="section_6BFBD314C77C40C4B172ABBDD2D8D80E"> 
		<table id="table_ssj_2qx_pv"> 
		<title><b>HTTP Response</b></title> 
		<tgroup cols="4"> 
		  <colspec colnum="1" colname="col1"/> 
		  <colspec colnum="2" colname="col2"/> 
		  <colspec colnum="3" colname="col3"/> 
		  <colspec colnum="4" colname="col4"/> 
		  <thead> 
			 <row> 
				<entry><b>HTTP Status Code</b> 
				</entry> 
				<entry><b>Description</b> 
				</entry> 
				<entry><b>Content-Type</b> 
				</entry> 
				<entry><b>Entity Body Contains</b> 
				</entry> 
			 </row> 
		  </thead> 
		  <tbody> 
			 <row> 
				<entry><codeph>200 OK</codeph> 
				</entry> 
				<entry>No error. 
				</entry> 
				<entry><codeph>text/uri-list</codeph> 
				</entry> 
				<entry>License acquisition URL + token 
				</entry> 
			 </row> 
			 <row> 
				<entry><codeph>400 Bad Request</codeph> 
				</entry> 
				<entry>Invalid args 
				</entry> 
				<entry><codeph>text/html</codeph> or 
				  <codeph>application/json</codeph> 
				</entry> 
				<entry>Error description 
				</entry> 
			 </row> 
			 <row> 
				<entry><codeph>401 Unauthorized</codeph> 
				</entry> 
				<entry>Auth failed 
				</entry> 
				<entry><codeph>text/html</codeph> or 
				  <codeph>application/json</codeph> 
				</entry> 
				<entry>Error description 
				</entry> 
			 </row> 
			 <row> 
				<entry><codeph>404 Not found</codeph> 
				</entry> 
				<entry>Bad URL 
				</entry> 
				<entry><codeph>text/html</codeph> or 
				  <codeph>application/json</codeph> 
				</entry> 
				<entry>Error description 
				</entry> 
			 </row> 
			 <row> 
				<entry><codeph>50x Server Error</codeph> 
				</entry> 
				<entry>Server error 
				</entry> 
				<entry><codeph>text/html</codeph> or 
				  <codeph>application/json</codeph> 
				</entry> 
				<entry>Error description 
				</entry> 
			 </row> 
		  </tbody> 
		</tgroup> 
		</table> 
		<table id="table_agj_gqx_pv"> 
		<title>Event Error Codes</title> 
		<tgroup cols="2"> 
		  <colspec colnum="1" colname="col1"/> 
		  <colspec colnum="2" colname="col2"/> 
		  <thead> 
			 <row> 
				<entry>Code 
				</entry> 
				<entry>Description 
				</entry> 
			 </row> 
		  </thead> 
		  <tbody> 
			 <row> 
				<entry>-2002 
				</entry> 
				<entry>Invalid token expiration time: &lt;details&gt; 
				</entry> 
			 </row> 
			 <row> 
				<entry>-2003 
				</entry> 
				<entry>Invalid IP address 
				</entry> 
			 </row> 
			 <row> 
				<entry>-2005 
				</entry> 
				<entry>Invalid content encryption key: &lt;details&gt; 
				</entry> 
			 </row> 
			 <row> 
				<entry>-2008 
				</entry> 
				<entry>Invalid output control flags specified: &lt;details&gt; 
				</entry> 
			 </row> 
			 <row> 
				<entry>-2017 
				</entry> 
				<entry>Authentication token must be supplied 
				</entry> 
			 </row> 
			 <row> 
				<entry>-2018 
				</entry> 
				<entry>Authentication token invalid: &lt;details&gt; 
				  <note>This can happen if the authenticator is wrong or when
					 accessing the test API at *.test.expressplay.com using the production
					 authenticator and vice versa. 
				  </note> 
				  <note importance="high">The Test SDK and Advanced Test Tool (ATT)
					 only work with 
					 <filepath>*.test.expressplay.com</filepath>, whereas production
					 devices must use 
					 <filepath>*.service.expressplay.com</filepath> 
				  </note>. 
				</entry> 
			 </row> 
			 <row> 
				<entry>-2019 
				</entry> 
				<entry>Insufficient tokens available 
				</entry> 
			 </row> 
			 <row> 
				<entry>-2022 
				</entry> 
				<entry>Missing rental period end time 
				</entry> 
			 </row> 
			 <row> 
				<entry>-2023 
				</entry> 
				<entry>Missing rental play duration 
				</entry> 
			 </row> 
			 <row> 
				<entry>-2025 
				</entry> 
				<entry>Invalid rental play duration 
				</entry> 
			 </row> 
			 <row> 
				<entry>-2027 
				</entry> 
				<entry>Content encryption key must be 32-hexadecimal digits long 
				</entry> 
			 </row> 
			 <row> 
				<entry>-2030 
				</entry> 
				<entry>ExpressPlay Admin error: &lt;details&gt; 
				</entry> 
			 </row> 
			 <row> 
				<entry>-2031 
				</entry> 
				<entry>Service Account Disabled 
				</entry> 
			 </row> 
			 <row> 
				<entry>-2033 
				</entry> 
				<entry>Invalid cookie 
				</entry> 
			 </row> 
			 <row> 
				<entry>-2034 
				</entry> 
				<entry>Invalid Output Control, values out of specified range 
				</entry> 
			 </row> 
			 <row> 
				<entry>-2035 
				</entry> 
				<entry>No corresponding value specified 
				</entry> 
			 </row> 
			 <row> 
				<entry>-2036 
				</entry> 
				<entry>Extension type should be 4 characters 
				</entry> 
			 </row> 
			 <row> 
				<entry>-2037 
				</entry> 
				<entry>Extension payload should be Base64 encoded 
				</entry> 
			 </row> 
			 <row> 
				<entry>-2040 
				</entry> 
				<entry><codeph>OutputControlFlag</codeph> must be encode 4 bytes 
				</entry> 
			 </row> 
			 <row> 
				<entry>-3004 
				</entry> 
				<entry>Invalid error format specified: &lt;format&gt; 
				</entry> 
			 </row> 
			 <row> 
				<entry>-4001 
				</entry> 
				<entry>Device could not be authenticated 
				</entry> 
			 </row> 
			 <row> 
				<entry>-4010 
				</entry> 
				<entry>Invalid token 
				</entry> 
			 </row> 
			 <row> 
				<entry>-4018 
				</entry> 
				<entry>Missing 
				  <filepath>kid</filepath> 
				</entry> 
			 </row> 
			 <row> 
				<entry>-4019 
				</entry> 
				<entry>Failed to get content key from key storage service 
				</entry> 
			 </row> 
			 <row> 
				<entry>-4020 
				</entry> 
				<entry><codeph>kid</codeph> must be 32 hexadecimal characters long 
				</entry> 
			 </row> 
			 <row> 
				<entry>-4021 
				</entry> 
				<entry><codeph>kid</codeph> must be 64 characters long after the
				  '^' 
				</entry> 
			 </row> 
			 <row> 
				<entry>-4022 
				</entry> 
				<entry>Invalid 
				  <codeph>kid</codeph> 
				</entry> 
			 </row> 
			 <row> 
				<entry>-4024 
				</entry> 
				<entry>Invalid encrypted key or 
				  <codeph>kek</codeph> 
				</entry> 
			 </row> 
			 <row> 
				<entry>-5003 
				</entry> 
				<entry>Invalid general flags 
				</entry> 
			 </row> 
			 <row> 
				<entry>-6005 
				</entry> 
				<entry>Invalid key data specified 
				</entry> 
			 </row> 
			 <row> 
				<entry>-6007 
				</entry> 
				<entry>Invalid rental duration specified 
				</entry> 
			 </row> 
			 <row> 
				<entry>-7002 
				</entry> 
				<entry>Device ID binding is not supported for Widevine 
				</entry> 
			 </row> 
			 <row> 
				<entry>-7003 
				</entry> 
				<entry>Missing security level value 
				</entry> 
			 </row> 
			 <row> 
				<entry>-7004 
				</entry> 
				<entry>Invalid security level value 
				</entry> 
			 </row> 
			 <row> 
				<entry>-7006 
				</entry> 
				<entry>Missing HDCP output control value 
				</entry> 
			 </row> 
			 <row> 
				<entry>-7007 
				</entry> 
				<entry>Invalid license duration specified 
				</entry> 
			 </row> 
			 <row> 
				<entry>-7008 
				</entry> 
				<entry>Failed to generate Widevine license 
				</entry> 
			 </row> 
			 <row> 
				<entry>-7009 
				</entry> 
				<entry>Invalid 
				  <codeph>WVExtension</codeph> parameters specified 
				</entry> 
			 </row> 
			 <row> 
				<entry>-7011 
				</entry> 
				<entry>Widevine option disabled 
				</entry> 
			 </row> 
		  </tbody> 
		</tgroup> 
		</table> 
	 </section> 
  </refbody> 
</reference> 
