<?xml version="1.0" encoding="UTF-8"?>
<!DOCTYPE concept PUBLIC "-//OASIS//DTD DITA Concept//EN" "concept.dtd">
<concept id="c_xgep_aaxs-tenant-configuration-file"> 
  <title class="- topic/title ">Tenant configuration file</title> 
  <conbody> 
	 <p class="- topic/p ">The flashaccess-tenant.xml configuration file
		contains settings that apply to a specific tenant of the license server. Each
		tenant has its own instance of this configuration file located in 
		<i
		 class="+ topic/ph hi-d/i ">LicenseServer.ConfigRoot</i><filepath>/flashaccessserver/tenants/</filepath><i
		class="+ topic/ph hi-d/i ">tenantname</i>. See the 
		<filepath>configs/flashaccessserver/tenants/sampletenant</filepath>
		directory for an example tenant configuration file. 
	 </p> 
	 <p class="- topic/p ">You can specify all file paths in the tenant
		configuration file as absolute paths or paths relative to the tenant's
		configuration directory (<i
		class="+ topic/ph hi-d/i ">LicenseServer.ConfigRoot</i><filepath>/flashaccessserver/tenants/</filepath><i
		class="+ topic/ph hi-d/i ">tenantname</i>). 
	 </p> 
	 <p class="- topic/p ">The tenant configuration file includes: 
	 </p> 
	 <ul class="- topic/ul " id="ul_xf2_fvr_n4"> 
		<li class="- topic/li " id="li_D1166DAC015649A3A9E8EB47DDA10931"> 
		  <p class="- topic/p "><b class="+ topic/ph hi-d/b ">Transport
				Credential</b> — Specifies one or more transport credentials (certificate and
			 private key) issued by Adobe. Can be specified as a path to a .pfx file and a
			 password, or an alias for a credential stored on an HSM. Several such
			 credentials can be specified here, either as file paths, or key aliases, or
			 both. See "<xref
			 href="c_xgep_using-aaxs-for-protecting-content-handling-cert-updates.xml"
			 class="- topic/xref ">Handling certificate updates</xref>" in 
			 <i class="+ topic/ph hi-d/i ">Using the Adobe Access SDK for
				Protecting Content</i> for more information on when additional credentials are
			 needed. 
		  </p> 
		</li> 
		<li class="- topic/li " id="li_8E3DEF68905248E0B31D7C3A483B7F04"> 
		  <p class="- topic/p "><b class="+ topic/ph hi-d/b ">License Server
				Credential</b> — Specifies one or more license server credentials (certificate
			 and private key) issued by Adobe. Can be specified as a path to a .pfx file and
			 a password, or an alias for a credential stored on an HSM. Several such
			 credentials can be specified here, either as file paths, or key aliases, or
			 both. See Handling certificate updates in 
			 <i class="+ topic/ph hi-d/i ">Using the Adobe Access SDK for
				Protecting Content 
			 </i>for more information on when additional credentials are needed. 
		  </p> 
		</li> 
		<li class="- topic/li " id="li_AF2F658A25794282989E500A09126931"> 
		  <p class="- topic/p "><b class="+ topic/ph hi-d/b ">Key Server
				Certificates</b> — Optional. Specifies the Key Server’s License Server
			 certificate issued by Adobe. Can be specified as a path to a .cer file or an
			 alias to a certificate stored on an HSM. This option must be specified in order
			 to issue licenses for content packaged with a policy that requires remote key
			 delivery for iOS devices. 
		  </p> 
		</li> 
		<li class="- topic/li " id="li_189D68D35E464954AAAF0F555D58BBA1"> 
		  <p class="- topic/p "><b class="+ topic/ph hi-d/b ">Custom
				Authorizers</b> — Optional. Specifies custom authorizer classes to invoke for
			 each license request. If multiple authorizers are specified, they are invoked
			 in the order listed. For more information, see "<xref
			 href="c_xgep_custom-authorization-extensions.xml"
			 class="- topic/xref ">Custom authorization extensions</xref>". 
		  </p> 
		</li> 
		<li class="- topic/li " id="li_14763DC9C82849689917DBB4FFCBBE63"> 
		  <p class="- topic/p "><b class="+ topic/ph hi-d/b ">List of Authorized
				Packagers</b> — Optional. Specifies certificates identifying entities
			 authorized to package content for this license server. If no packager
			 certificates are specified, the server issues licenses for content packaged by
			 any packager. 
		  </p> 
		</li> 
		<li class="- topic/li " id="li_C8A03ED7D7EA4CE3BD3DADBD6E3382FB"> 
		  <p class="- topic/p "><b class="+ topic/ph hi-d/b ">Minimum supported
				client version</b> (See 
			 <i class="+ topic/ph hi-d/i ">Using the Adobe Access SDK for
				Protecting Content</i>). 
		  </p> 
		</li> 
		<li class="- topic/li " id="li_9A4E4086148144F0809F78C5C0BC7839"> 
		  <p class="- topic/p "><b class="+ topic/ph hi-d/b ">Usage Rules</b> 
		  </p> 
		  <ul class="- topic/ul " id="ul_wh2_fvr_n4"> 
			 <li class="- topic/li " id="li_6AF9F6BC674F42109A063381F83382C8"> 
				<p class="- topic/p "><b class="+ topic/ph hi-d/b ">License Caching
					 
				  </b>— Optional. Specifies how long the license can be stored on
				  the client. By default license caching is disabled. To enable license caching
				  for a limited time period, set the end date or the number of seconds for which
				  the license should be stored (starting when the license is issued). Setting the
				  number of seconds to 0 disables license caching. 
				</p> 
				<p class="- topic/p ">Note that all licenses issued by the Server
				  for Protected Streaming have an expiration period of 24 hours (86400 seconds).
				  This value therefore applies implicitly as an upper bound to whatever end date
				  or duration is set for license caching as well, with a maximum value of 86400
				  seconds, even though the schema enforces higher bounds. 
				</p> 
			 </li> 
			 <li class="- topic/li " id="li_0241EED1C93D450289000B07FFE47599"> 
				<p class="- topic/p "><b class="+ topic/ph hi-d/b ">Play Right 
				  </b>— At least one right must be specified. If multiple rights
				  are specified, the client will use the first right for which it meets all the
				  requirements. 
				</p> 
				<ul class="- topic/ul " id="ul_lj2_fvr_n4"> 
				  <li class="- topic/li " id="li_6BE9B09DE0BE44B99E8F3333CC5F2208">
					 
					 <p class="- topic/p "><b class="+ topic/ph hi-d/b ">Output
						  Protection</b> — Controls whether output to external rendering devices should
						be protected. 
					 </p> 
				  </li> 
				  <li class="- topic/li " id="li_7F8FBDC876244CC6B6374D9E57D86D2A">
					 
					 <p class="- topic/p "><b class="+ topic/ph hi-d/b ">AIR and SWF
						  Application Restrictions</b> — Optional whitelist of SWF and AIR applications
						that may play the content (i.e., only the applications specified are
						permitted). SWF applications are identified by a URL or by the digest of the
						SWF and the maximum time to allow for download and verification of the digest.
						For information on calculating the SWF digest, see the “SWF Hash Calculator”
						section. AIR and iOS applications are identified by a publisher ID and optional
						application ID, minimum version, and maximum version. If no application
						restrictions are specified, any SWF or AIR application may play the content. 
					 </p> 
				  </li> 
				  <li class="- topic/li " id="li_3AEFA8F6A34F41E3929C5E12F1B127D6">
					 
					 <p class="- topic/p "><b class="+ topic/ph hi-d/b ">DRM and
						  Runtime Module Restrictions</b> — Specifies the minimum security level required
						for the DRM/Runtime module. Optionally includes a blacklist of versions that
						are not permitted to play the content. Module versions are identified by
						attributes such as operating system and/or a version number. DRM Module
						Restrictions and Runtime Module Restrictions now support the following
						additional attributes: 
					 </p> 
					 <ul id="ul_wlx_m1n_44"> 
						<li id="li_64E1E57941DF467FB2026C2F9D1EBCB8"><codeph
						  class="+ topic/ph pr-d/codeph ">oemVendor</codeph> 
						</li> 
						<li id="li_22E5F694C0DA4269B0612CE0B5D1FB85"><codeph
						  class="+ topic/ph pr-d/codeph ">model</codeph> 
						</li> 
						<li id="li_7B49425F8538454BBCF3614321B6D873"><codeph
						  class="+ topic/ph pr-d/codeph ">screenType</codeph> 
						</li> 
					 </ul> 
					 <p class="- topic/p ">The following attributes are now
						optional: 
					 </p> 
					 <ul id="ul_tdg_q1n_44"> 
						<li id="li_4A318EDAFF524314B1B0ED2F356B4F87"><codeph
						  class="+ topic/ph pr-d/codeph ">osVersion</codeph> 
						</li> 
						<li id="li_8FEEF86D31064E7FBF6B9C4585F5C3A8"><codeph
						  class="+ topic/ph pr-d/codeph ">version</codeph> 
						</li> 
					 </ul> 
				  </li> 
				  <li class="- topic/li "
				  id="li_A32938C4A9ED4A379FC4B3F794EA4474"><b class="+ topic/ph hi-d/b ">Device
						capability requirements</b> — Optionally specifies the hardware capabilities
					 required to access content. 
				  </li> 
				  <li class="- topic/li "
				  id="li_D631035B3E914397A110F272072899B3"><b
					 class="+ topic/ph hi-d/b ">Jailbreak detection requirements</b> — Optionally
					 specifies that playback is not allowed for devices on which jailbreak is
					 detected. 
				  </li> 
				</ul> 
			 </li> 
		  </ul> 
		</li> 
	 </ul> 
	 <p class="- topic/p ">See the comments in the example tenant configuration
		file for more details. 
	 </p> 
  </conbody> 
</concept> 
