<?xml version="1.0" encoding="UTF-8"?>
<!DOCTYPE concept PUBLIC "-//OASIS//DTD DITA Concept//EN" "concept.dtd">
<concept id="c_xgep_aaxs-credentials"> 
  <title class="- topic/title ">Adobe Access credentials</title> 
  <conbody> 
	 <p class="- topic/p ">To issue valid licenses accepted by a Adobe Access
		client, the Adobe Access Server for Protected Streaming must be configured with
		a set of credentials issued by Adobe. These credentials can either be stored in
		PKCS#12 (.pfx) files or on an HSM.
	 </p> 
	 <p class="- topic/p ">The .pfx files may be located anywhere, but for ease
		of configuration, we recommend placing the .pfx files in the tenant's
		configuration directory. For more information, see "<xref
		href="c_xgep_aaxs-license-server-config-files.xml">License server
		  configuration files</xref>".
	 </p> 
  </conbody> 
</concept> 
