<?xml version="1.0" encoding="UTF-8"?>
<!DOCTYPE concept PUBLIC "-//OASIS//DTD DITA Concept//EN" "concept.dtd">
<concept id="concept_gvc_j5r_n4"> 
  <title class="- topic/title ">Configuration Directory Structure</title> 
  <shortdesc>The Adobe Access Server for Protected Streaming requires two types
	 of configuration files: a global configuration file
	 (<filepath>flashaccess-global.xml</filepath>) and a tenant configuration file
	 for each tenant (flashaccess-tenant.xml).
  </shortdesc> 
  <conbody> 
	 <p class="- topic/p ">After editing the configuration files, Adobe
		recommends using the utilities provided with the Adobe Access Server for
		Protected Streaming to verify that the files are well-formed. For more
		information, see "<xref
		href="c_xgep_configuration-validator.xml">Configuration Validator</xref>".
	 </p> 
	 <p class="- topic/p ">To avoid making passwords available in clear text in
		the configuration files, all passwords specified in the global and tenant
		configuration files must be encrypted. For more information on encrypting
		passwords, see "<xref class="- topic/xref "
		href="c_xgep_password-scrambler.xml">Password Scrambler</xref>".
	 </p>
	 <p class="- topic/p ">The configuration directories have the following
		structure:
	 </p> 
	 <codeblock xml:space="preserve" class="+ topic/pre pr-d/codeblock "><i class="+ topic/ph hi-d/i ">LicenseServer.ConfigRoot</i>/ 
	flashaccess-global.xml 
	pkcs11.cfg (optional) 
	flashaccessserver/ 
		libs/ (optional) 
		tenants/ 
			<i class="+ topic/ph hi-d/i ">tenantname</i>/ 
				flashaccess-tenant.xml 
				<i class="+ topic/ph hi-d/i ">credential.pfx</i> (optional) 
				<i class="+ topic/ph hi-d/i ">packagercert.cer</i> (optional)</codeblock> 
  </conbody> 
</concept> 
