<?xml version="1.0" encoding="UTF-8"?>
<!DOCTYPE concept PUBLIC "-//OASIS//DTD DITA Concept//EN" "concept.dtd">
<concept id="c_xgep_aaxs-crossdomain-policy-file"> 
  <title class="- topic/title ">Crossdomain policy file</title> 
  <conbody> 
	 <p class="- topic/p ">In order for Flash Runtime clients to request a
		license from the License Server, a crossdomain policy file is required. See 
		<i class="+ topic/ph hi-d/i ">Using the Adobe Access SDK for Protecting
		  Content</i> for more details.
	 </p> 
  </conbody> 
</concept> 
