<?xml version="1.0" encoding="UTF-8"?>
<!DOCTYPE concept PUBLIC "-//OASIS//DTD DITA Concept//EN" "concept.dtd">
<concept id="concept_sqf_1rr_n4">
 <title class="- topic/title " id="c_xgep_about-aaxs-for-protected-streaming">About Adobe
  Access Server for Protected Streaming</title>
 <shortdesc></shortdesc>
 <conbody>
  <p class="- topic/p ">The Adobe® Access™ Server for Protected Streaming is a license server
   implementation based on the Adobe Access SDK. This server issues licenses for protected content
   to Adobe Access clients.</p>
  <p class="- topic/p ">The Adobe Access Server for Protected Streaming supports multiple tenants,
   meaning a single server can be hosted on behalf of multiple content publishers, each with its own
   configuration settings. In addition, the server supports custom authorization components, so
   custom logic can be executed before issuing a license.</p>
  <p class="- topic/p ">This server is intended for use with HTTP Streaming. As a result, this
   server implementation does not support all of the capabilities available in Adobe Access. For
   example, the Adobe Access Server for Protected Streaming does not support user authentication
   requests, multiple policies, domain-bound licenses, license chaining, or synchronization
   messages.</p>
 </conbody>
</concept>
