<?xml version="1.0" encoding="UTF-8"?>
<!DOCTYPE concept PUBLIC "-//OASIS//DTD DITA Concept//EN" "concept.dtd">
<concept id="c_xgep_configuration-validator"> 
  <title class="- topic/title ">Configuration Validator</title> 
  <conbody> 
	 <p class="- topic/p ">Adobe recommends running the Configuration Validator
		utility before starting the server any time changes are made to the
		configuration file. This utility can detect most configuration errors early,
		before they cause failures during request processing.
	 </p> 
	 <p class="- topic/p ">To run the validator, use the command:
	 </p> 
	 <codeblock xml:space="preserve" class="+ topic/pre pr-d/codeblock ">Validator.bat <i class="+ topic/ph hi-d/i ">options</i> </codeblock> 
	 <p class="- topic/p ">or the command:
	 </p> 
	 <codeblock xml:space="preserve" class="+ topic/pre pr-d/codeblock ">java -jar libs/flashaccess-validator.jar <i class="+ topic/ph hi-d/i ">options</i></codeblock> 
	 <p class="- topic/p ">For each of the license server configuration files,
		the Validator can perform file-based validation, which ensures the XML file is
		well-formed and conforms to the configuration file schema. To perform
		file-based validation on the global configuration file, run the command:
	 </p> 
	 <codeblock xml:space="preserve" class="+ topic/pre pr-d/codeblock ">Validator --<i class="+ topic/ph hi-d/i ">file path</i>/flashaccess-global.xml --global</codeblock> 
	 <p class="- topic/p ">To perform file-based validation on the tenant
		configuration file, run the command:
	 </p> 
	 <codeblock xml:space="preserve" class="+ topic/pre pr-d/codeblock ">Validator --<i class="+ topic/ph hi-d/i ">file path</i>/flashaccess-tenant.xml --tenant</codeblock> 
	 <p class="- topic/p ">The Validator can also perform deployment-based
		validation; in addition to checking conformity with the schema, this level of
		validation also checks that the values specified are valid (for example, it
		ensures that referenced files exist). Deployment-based validation can be
		performed at two levels:
	 </p> 
	 <ul class="- topic/ul " id="ul_q2v_xzr_n4"> 
		<li class="- topic/li " id="li_91039206BE8A44D39E3EEB086487B234"> 
		  <p class="- topic/p ">Tenant — Validates configuration file and
			 credentials for a specific tenant. To validate the configuration for "tenant1",
			 run the command:
		  </p> 
		  <codeblock xml:space="preserve" class="+ topic/pre pr-d/codeblock ">	Validator --<i class="+ topic/ph hi-d/i ">root-path-to-LicenseServer.ConfigRoot</i> -d flashaccessserver/tenant1 -t</codeblock> 
		</li> 
		<li class="- topic/li " id="li_C68D4687A3354F279BAD007F309CF397"> 
		  <p class="- topic/p ">Global — Validates the global configuration file
			 and tenant validation for all tenants. To perform global deployment-based
			 validation, run the command:
		  </p> 
		  <codeblock xml:space="preserve" class="+ topic/pre pr-d/codeblock ">	Validator --<i class="+ topic/ph hi-d/i ">root-path-to-LicenseServer.ConfigRoot</i> -g</codeblock> 
		</li> 
	 </ul> 
  </conbody> 
</concept> 
