<?xml version="1.0" encoding="UTF-8"?>
<!DOCTYPE concept PUBLIC "-//OASIS//DTD DITA Concept//EN" "concept.dtd">
<concept id="concept_zxb_bsr_n4"> 
  <title class="- topic/title ">Deploying the Adobe Access Server for Protected
	 Streaming overview</title> 
  <conbody> 
	 <p class="- topic/p ">Before deploying the Adobe Access Server for
		Protected Streaming, make sure you have installed the versions of Java and
		Tomcat listed in the Requirements section.
	 </p> 
	 <p class="- topic/p ">The Adobe Access Server for Protected Streaming
		package includes 
		<filepath>flashaccesserver.war</filepath>. To deploy this WAR file, copy
		it to Tomcat's 
		<filepath>webapps</filepath> directory. If you have previously deployed
		the WAR file, you may need to manually delete the unpacked WAR directory
		(<filepath>flashaccessserver</filepath> in Tomcat's 
		<filepath>webapps</filepath> directory). To prevent Tomcat from unpacking
		WAR files, edit the 
		<filepath>server.xml</filepath> file in Tomcat's 
		<filepath>conf</filepath> directory and set the 
		<codeph>unpackWARs</codeph> attribute to 
		<codeph>false</codeph>.
	 </p> 
	 <p class="- topic/p "> 
		<note class="- topic/note ">If you have configured Tomcat to include 
		  <filepath>commons-logging.jar</filepath> on the System classpath (not
		  required for the Adobe Access Server for Protected Streaming), commons-logging
		  must be configured to use Log4J.
		</note> 
	 </p> 
	 <p class="- topic/p ">The server optionally uses a platform-specific
		library (<filepath>jsafe.dll</filepath> on Microsoft Windows or 
		<filepath>libjsafe.so</filepath> on Linux) for optimal performance. Copy
		the appropriate library for your platform from 
		<filepath>thirdparty/cryptoj/</filepath><i
		class="+ topic/ph hi-d/i ">platform</i> to a location specified by the 
		<codeph>PATH</codeph> environment variable (or 
		<codeph>LD_LIBRARY_PATH</codeph> on Linux). 
	 </p> 
	 <note class="- topic/note ">The 64-bit version should only be used if both
		the operating system and JDK support 64-bit, otherwise use the 32-bit version.
	 </note> 
  </conbody> 
</concept> 
