<?xml version="1.0" encoding="UTF-8"?>
<!DOCTYPE concept PUBLIC "-//OASIS//DTD DITA Concept//EN" "concept.dtd">
<concept id="c_xgep_global-configuration-file"> 
  <title class="- topic/title ">Global Configuration File</title> 
  <conbody> 
	 <p class="- topic/p ">The largest impact to performance that you can make
		is by using settings in the global configuration file, flashaccess-global.xml.
		These settings include the 
		<codeph class="+ topic/ph pr-d/codeph ">&lt;Caching&gt;</codeph> and 
		<codeph class="+ topic/ph pr-d/codeph ">&lt;Logging&gt;</codeph>
		elements.
	 </p> 
	 <ul class="- topic/ul " id="ul_xq3_gwr_n4"> 
		<li class="- topic/li " id="li_3A0D6DC3EE8B46129309E108EF1B12B3"><codeph
		  class="+ topic/ph pr-d/codeph ">&lt;Caching&gt;</codeph>
		  <p class="- topic/p ">The 
			 <codeph class="+ topic/ph pr-d/codeph ">&lt;Caching&gt;</codeph>
			 element controls caching of configuration files in memory. The 
			 <codeph class="+ topic/ph pr-d/codeph ">&lt;Caching&gt;</codeph>
			 element has the following syntax:
			 <codeblock xml:space="preserve" class="+ topic/pre pr-d/codeblock ">&lt;Caching refreshDelaySeconds="..." numTenants="..."/&gt;</codeblock>
		  </p>
		  <ul class="- topic/ul " id="ul_as3_gwr_n4"> 
			 <li class="- topic/li "
			  id="li_FF54D362979D46F5AD24EB4BAF85CE24"><codeph
				class="+ topic/ph pr-d/codeph ">refreshDelaySeconds</codeph> controls how often
				the server checks for updates to the configuration files. A low value for 
				<codeph
				 class="+ topic/ph pr-d/codeph ">refreshDelaySeconds</codeph> negatively impacts
				performance, while a higher value can improve performance. For more information
				on 
				<codeph
				 class="+ topic/ph pr-d/codeph ">refreshDelaySeconds</codeph>, see "<xref
				href="c_xgep_updating-configuration-files.xml">Updating configuration
				  files</xref>".
			 </li> 
			 <li class="- topic/li "
			  id="li_6D29E43D45A04761A20565ED647C408B"><codeph
				class="+ topic/ph pr-d/codeph ">numTenants</codeph> specifies the number of
				tenants. A value that is lower than the number of tenants likely impacts
				performance because requests to the remaining tenants result in cache misses. A
				cache miss for configuration data negatively impacts performance. Therefore,
				Adobe recommends that you set this value higher than the number of tenants
				configured for the server, unless there are memory limitations to consider.
			 </li> 
		  </ul>
		</li> 
		<li class="- topic/li " id="li_269B869253A242708901459BA63D7AB6"><codeph
		  class="+ topic/ph pr-d/codeph ">&lt;Logging&gt;</codeph>
		  <p class="- topic/p ">The 
			 <codeph class="+ topic/ph pr-d/codeph ">&lt;Logging&gt;</codeph>
			 element specifies the logging level and how frequently log files are rolled.
			 The 
			 <codeph class="+ topic/ph pr-d/codeph ">&lt;Logging&gt;</codeph>
			 element has the following syntax:
			 <codeblock xml:space="preserve" class="+ topic/pre pr-d/codeblock ">&lt;Logging level="..." rollingFrequency=""/&gt;</codeblock>
		  </p>
		  <ul class="- topic/ul " id="ul_ws3_gwr_n4"> 
			 <li class="- topic/li "
			  id="li_8C459F2986C14B4EB1A5525797B9ABD0"><codeph
				class="+ topic/ph pr-d/codeph ">level</codeph> specifies the messages to log. A
				value of "DEBUG" yields a lot of log messages, and can negatively impact
				performance. Adobe recommends a setting of "WARN" for optimal performance.
				However, that value does risk losing essential runtime information, such as
				license audits. To preserve valuable log information with minimal performance
				impact, use a value of "INFO".
			 </li> 
			 <li class="- topic/li "
			  id="li_0EB3B2424927451DA021FF253E38D496"><codeph
				class="+ topic/ph pr-d/codeph ">rollingFrequency</codeph> specifies how often
				log files are 
				<i class="+ topic/ph hi-d/i ">rolled</i>. Rolling is the process
				where a new log file becomes the active log, while the previously active log
				file is no longer written to and is considered rolled. The rolling interval can
				be set to "MINUTELY", "HOURLY", "TWICE-DAILY", "DAILY", "WEEKLY", "MONTHLY", or
				"NEVER".
			 </li> 
		  </ul>
		</li> 
	 </ul> 
	 <p class="- topic/p ">See 
		<i class="+ topic/ph hi-d/i ">Using the Adobe Access SDK for Protecting
		  Content</i> for additional tips on optimizing performance.
	 </p> 
  </conbody> 
</concept> 
