<?xml version="1.0" encoding="UTF-8"?>
<!DOCTYPE concept PUBLIC "-//OASIS//DTD DITA Concept//EN" "concept.dtd">
<concept id="c_xgep_hsm-configuration"> 
  <title class="- topic/title ">HSM configuration</title> 
  <conbody> 
	 <p class="- topic/p ">If you choose to use an HSM to store your server
		credentials, you must load the private keys and certificates onto the HSM and
		create a 
		<filepath>pkcs11.cfg</filepath> configuration file. This file must be
		located in the 
		<i class="+ topic/ph hi-d/i ">LicenseServer.ConfigRoot</i> directory. See
		the 
		<filepath>Adobe Access Server for Protected Streaming/configs</filepath>
		directory on the Adobe Access DVD for an example PKCS11 configuration file. For
		information on the format of 
		<filepath>pkcs11.cfg</filepath>, see the Sun PKCS11 provider
		documentation.
	 </p> 
	 <p class="- topic/p ">To verify that your HSM and Sun PKCS11 configuration
		file is configured properly, you can use the following command from the
		directory where the 
		<filepath>pkcs11.cfg</filepath> file is located
		(<filepath>keytool</filepath> is installed with the Java JRE and JDK):
	 </p> 
	 <codeblock xml:space="preserve" class="+ topic/pre pr-d/codeblock ">keytool -keystore NONE -storetype PKCS11 -providerClass sun.security.pkcs11.SunPKCS11 
  -providerArg pkcs11.cfg -list</codeblock> 
	 <p class="- topic/p ">If you see your credentials in the list, the HSM is
		configured properly and the license server will be able to access the
		credentials.
	 </p> 
  </conbody> 
</concept> 
