<?xml version="1.0" encoding="UTF-8"?>
<!DOCTYPE concept PUBLIC "-//OASIS//DTD DITA Concept//EN" "concept.dtd">
<concept id="c_xgep_java-system-properties"> 
  <title class="- topic/title ">Java system properties</title> 
  <conbody> 
	 <p class="- topic/p ">The following two Java System properties may
		optionally be set to modify the location of configuration and log files for the
		license server:
	 </p> 
	 <ul class="- topic/ul " id="ul_g1y_psr_n4"> 
		<li class="- topic/li " id="li_C8B63DD305CC4052B414828DF218B546"> 
		  <p class="- topic/p "><i
			 class="+ topic/ph hi-d/i ">LicenseServer.ConfigRoot</i> — Directory containing
			 all the configuration files for the license server. For details on the contents
			 of these files, see "<xref
			 href="c_xgep_aaxs-license-server-config-files.xml"
			 class="- topic/xref ">License server configuration files</xref>". If not set,
			 the default is 
			 <i class="+ topic/ph hi-d/i ">CATALINA_BASE/licenseserver</i>.
		  </p> 
		</li> 
		<li class="- topic/li " id="li_4135DC79445B43A490A9CE2828E0527A"> 
		  <p class="- topic/p "><i
			 class="+ topic/ph hi-d/i ">LicenseServer.LogRoot</i> — Directory of the "logs"
			 folder, where license server application logs are written. If not set, the
			 default is 
			 <i class="+ topic/ph hi-d/i ">LicenseServer.ConfigRoot</i>.
		  </p> 
		</li> 
	 </ul> 
	 <p class="- topic/p ">If you are using 
		<filepath>catalina.bat</filepath> or 
		<filepath>catalina.sh</filepath> to start Tomcat, these System properties
		can easily be set using the 
		<codeph>JAVA_OPTS</codeph> environment variable. Any Java options set
		here will be used when Tomcat is started. For example, set:
	 </p> 
	 <codeblock xml:space="preserve" class="+ topic/pre pr-d/codeblock ">JAVA_OPTS=-DLicenseServer.ConfigRoot="absolute-path-to-config-folder" -DLicenseServer.LogRoot="absolute-path-to-log-folder"</codeblock> 
  </conbody> 
</concept> 
