<?xml version="1.0" encoding="UTF-8"?>
<!DOCTYPE concept PUBLIC "-//OASIS//DTD DITA Concept//EN" "concept.dtd">
<concept id="c_xgep_log-directory-structure"> 
  <title class="- topic/title ">Log directory structure</title> 
  <conbody> 
	 <p class="- topic/p ">The log directory has the following structure:
	 </p> 
	 <codeblock xml:space="preserve" class="+ topic/pre pr-d/codeblock "><i class="+ topic/ph hi-d/i ">LicenseServer.LogRoot</i>/ 
flashaccess-global.log 
    flashaccessserver/ 
        flashaccess-partition.log 
        tenants/ 
            <i class="+ topic/ph hi-d/i ">tenantname</i>/ 
                flashaccess-tenant.log</codeblock> 
  </conbody> 
</concept> 
