<?xml version="1.0" encoding="UTF-8"?>
<!DOCTYPE concept PUBLIC "-//OASIS//DTD DITA Concept//EN" "concept.dtd">
<concept id="c_xgep_log-files"> 
  <title class="- topic/title ">Log files</title> 
  <conbody> 
	 <p class="- topic/p ">The log files generated by the Adobe Access Server
		for Protected Streaming application will be located in the directory specified
		by 
		<i class="+ topic/ph hi-d/i ">LicenseServer.LogRoot</i>. 
	 </p> 
	 <p class="- topic/p "> 
		<note class="- topic/note ">If the current log files are deleted or moved
		  while the server is running, the log file may not be re-created, and some log
		  information will be lost. 
		</note> 
	 </p> 
  </conbody> 
</concept> 
