<?xml version="1.0" encoding="UTF-8"?>
<!DOCTYPE concept PUBLIC "-//OASIS//DTD DITA Concept//EN" "concept.dtd">
<concept id="c_xgep_packaging-content"> 
  <title class="- topic/title ">Packaging content</title> 
  <conbody> 
	 <p class="- topic/p ">When packaging content, the license server URL must
		be specified. The Adobe Access Server URL has the format:
	 </p> 
	 <codeblock xml:space="preserve" class="+ topic/pre pr-d/codeblock ">http(s)://<i class="+ topic/ph hi-d/i ">license-server-host:port</i>/flashaccessserver/<i class="+ topic/ph hi-d/i ">tenant-name</i></codeblock> 
	 <p class="- topic/p ">For example, for license server hostname
		"mylicenseserver.com" listening on port 8080 and a tenant named "tenant1", the
		license server URL to specify at packaging time is:
	 </p> 
	 <codeblock xml:space="preserve" class="+ topic/pre pr-d/codeblock ">http://mylicenseserver.com:8080/flashaccessserver/tenant1</codeblock> 
	 <p class="- topic/p ">If each tenant uses a different License Server and
		Transport Credential, be sure to specify the correct tenant's certificate in
		the packager.
	 </p> 
	 <p class="- topic/p ">To ensure the server issues licenses only to content
		packaged by known packagers, include the packager's certificate in the packager
		whitelist of the tenant configuration file.
	 </p> 
  </conbody> 
</concept> 
