<?xml version="1.0" encoding="UTF-8"?>
<!DOCTYPE concept PUBLIC "-//OASIS//DTD DITA Concept//EN" "concept.dtd">
<concept id="c_xgep_partition-log-file"> 
  <title class="- topic/title ">Partition Log File</title> 
  <conbody> 
	 <p class="- topic/p ">The partition log file, flashaccess-partition.log, is
		located in 
		<i
		 class="+ topic/ph hi-d/i ">LicenseServer.LogRoot</i><filepath>/flashaccesserver</filepath>.
		This log contains log messages generated during processing of license request.
	 </p> 
  </conbody> 
</concept> 
