<?xml version="1.0" encoding="UTF-8"?>
<!DOCTYPE concept PUBLIC "-//OASIS//DTD DITA Concept//EN" "concept.dtd">
<concept id="c_xgep_requirements"> 
  <title class="- topic/title ">Requirements</title> 
  <conbody> 
	 <ul class="- topic/ul " id="ul_gft_rrr_n4"> 
		<li class="- topic/li " id="li_8F3C9B7A0B8341A590F6DC5A83A36773"> 
		  <p class="- topic/p ">Microsoft Windows Server 2008 or Red Hat®
			 Enterprise Linux® 5.6
		  </p> 
		</li> 
		<li class="- topic/li " id="li_9AD58308B3CE400A9B3541EC02DBDF5A"> 
		  <p class="- topic/p ">Oracle Java JRE 1.6 (Oracle Java JDK 1.6 is
			 required to create custom authorization extensions)
		  </p> 
		</li> 
		<li class="- topic/li " id="li_641492A823B8473E908C6BF40B8C5D5B"> 
		  <p class="- topic/p ">Apache Tomcat® 6 (Available in the Third
			 Party\Tomcat\6.0.18 folder of the DVD)
		  </p> 
		</li> 
		<li class="- topic/li " id="li_F24D704920DD4F54B20A77C6988AF259"> 
		  <p class="- topic/p ">Credentials issued by Adobe
		  </p> 
		</li> 
	 </ul> 
  </conbody> 
</concept> 
