<?xml version="1.0" encoding="UTF-8"?>
<!DOCTYPE concept PUBLIC "-//OASIS//DTD DITA Concept//EN" "concept.dtd">
<concept id="c_xgep_tenant-log-file"> 
  <title class="- topic/title ">Tenant Log File</title> 
  <conbody> 
	 <p class="- topic/p ">Each tenant's tenant log file, 
		<filepath>flashaccess-tenant.log</filepath>, is located in 
		<i
		class="+ topic/ph hi-d/i ">LicenseServer.LogRoot</i><filepath>/flashaccesserver/tenants/</filepath><i
		class="+ topic/ph hi-d/i ">tenantname</i>. The tenant log contains audit
		information describing each license generated for this tenant.
	 </p> 
  </conbody> 
</concept> 
