<?xml version="1.0" encoding="UTF-8"?>
<!DOCTYPE concept PUBLIC "-//OASIS//DTD DITA Concept//EN" "concept.dtd">
<concept id="c_xgep_updating-global-configuration-file"> 
  <title class="- topic/title ">Updating the Global Configuration File</title> 
  <conbody> 
	 <p class="- topic/p ">The HSM password in 
		<filepath>flashaccess-global.xml</filepath> can be modified at any time,
		and the changes take effect the next time the server reloads the configuration
		file. However, changes to the "Logging" and "Caching" elements are not
		reloaded; any changes in these elements require a server restart.
	 </p> 
  </conbody> 
</concept> 
