<?xml version="1.0" encoding="UTF-8"?>
<!DOCTYPE concept PUBLIC "-//OASIS//DTD DITA Concept//EN" "concept.dtd">
<concept id="c_xgep_updating-tenant-configuration-file"> 
  <title class="- topic/title ">Updating the Tenant Configuration File</title> 
  <conbody> 
	 <p class="- topic/p ">All values specified in 
		<filepath>flashaccess-tenant.xml</filepath> can be modified at any time,
		and the changes take effect the next time the server reloads the configuration
		file. Also, the server checks for changes in all credential (.pfx) files and
		packager whitelist certificate files referenced in the tenant configuration
		file.
	 </p> 
  </conbody> 
</concept> 
