<?xml version="1.0" encoding="UTF-8"?>
<!DOCTYPE concept PUBLIC "-//OASIS//DTD DITA Concept//EN" "concept.dtd">
<concept id="c_xgep_usage-rules"> 
  <title class="- topic/title ">Usage rules</title> 
  <conbody> 
	 <p class="- topic/p ">With the Adobe Access Server for Protected Streaming,
		all usage rules are specified on the server through configuration files. Any
		usage rules specified in the protected content are overridden, so it is
		recommended to use a simple anonymous policy during content packaging. Usage
		rules that are configurable can be set on a per-tenant basis.
	 </p> 
	 <p class="- topic/p ">The Adobe Access Server for Protected Streaming
		supports the following usage rules:
	 </p> 
	 <ul class="- topic/ul " id="ul_ib2_xqr_n4"> 
		<li class="- topic/li " id="li_F117EB50066644A0B49A270F371F9464"> 
		  <p class="- topic/p ">Output Protection
		  </p> 
		</li> 
		<li class="- topic/li " id="li_0BE6D2FFA97F46EFB07042085C565029"> 
		  <p class="- topic/p ">Adobe® AIR®, SWF, iOS, and Android Application
			 Restrictions
		  </p> 
		</li> 
		<li class="- topic/li " id="li_8BF6375E3CBF47A7BC45B9B49D9C11E2"> 
		  <p class="- topic/p ">DRM and Runtime Module Restrictions
		  </p> 
		</li> 
		<li class="- topic/li " id="li_C5166B374BA14881A768DA6EB26C91E5"> 
		  <p class="- topic/p ">Jailbreak detection enforcement (on Adobe Access
			 platforms that support jailbreak detection)
		  </p> 
		</li> 
		<li class="- topic/li " id="li_9981C2994D924E87B53BE21F68467FCB"> 
		  <p class="- topic/p ">License Caching is disabled by default. License
			 caching can be enabled by specifying the caching end date or an amount of time
			 caching is allowed (starting when the license is issued).
		  </p> 
		</li> 
		<li class="- topic/li " id="li_B69705BB0A664FBB81BD6917021D864B"> 
		  <p class="- topic/p ">Multiple Play Rights, which lets you specify
			 different combinations of Output Protection, Application Restrictions, and
			 DRM/Runtime Restrictions. For example, it is possible to specify different
			 Output Protection requirements for each client platform by using the DRM Module
			 Restriction with Output Protection.
		  </p> 
		</li> 
	 </ul> 
	 <note class="- topic/note ">To support remote key delivery to iOS devices,
		the policy used at packaging time must have remote key delivery enabled. This
		setting cannot be modified through the tenant configuration on the server. 
		<b><i>Adobe Primetime is required to build iOS applications that can play
			 Adobe Access-protected content.</i></b>
	 </note> 
  </conbody> 
</concept> 
