<?xml version="1.0"?>
<!DOCTYPE glossentry PUBLIC "-//OASIS//DTD DITA Glossary Entry//EN" "glossentry.dtd">
<glossentry id="glossentry_A4F7CDBE759D46ACBE24FF9FB98AC3A1"> 
  <glossterm>Content Encryption Key Storage ID</glossterm> 
  <glossdef><p>The Content Encryption Key Storage ID (CEKSID) is an ID for
	 retrieving a Content Encryption Key from a key management system.</p>
<p>The CEKSID is also referred
	 to as</p><ul>
<li>Key ID</li>
<li>Content ID</li>
<li><codeph>&amp;kid</codeph></li>
</ul></glossdef> 
</glossentry> 