<?xml version="1.0" encoding="UTF-8"?>
<!DOCTYPE concept PUBLIC "-//OASIS//DTD DITA Concept//EN" "concept.dtd">
<concept id="c_xgep_using-aaxs-ref-impl-command-line-tools"> 
  <title class="- topic/title ">Command line tools overview</title> 
  <conbody> 
	 <p class="- topic/p ">The reference implementation includes the following
		command line tools:
	 </p> 
	 <ul class="- topic/ul " id="ul_aqv_5ny_n4"> 
		<li class="- topic/li " id="li_5F96906DF899416BA08218E147D46283"> 
		  <p class="- topic/p ">Policy Manager: A tool for creating and managing
			 policies
		  </p> 
		</li> 
		<li class="- topic/li " id="li_6B5063C5DDDD4290A12918CD85923080"> 
		  <p class="- topic/p ">Policy Update List Manager: A tool for creating
			 and viewing policy update lists
		  </p> 
		</li> 
		<li class="- topic/li " id="li_C9705E950A934BD8B91C476924228955"> 
		  <p class="- topic/p ">Revocation List Manager: A tool for creating and
			 viewing revocation lists
		  </p> 
		</li> 
		<li class="- topic/li " id="li_96771B124CED4E9CBE141FA0AE2D1C9D"> 
		  <p class="- topic/p ">Media Packager: A tool for creating encrypted FLV
			 and F4V files
		  </p> 
		</li> 
		<li class="- topic/li " id="li_517A007B55B44297AB286F697C62F046"> 
		  <p class="- topic/p ">AIR Publisher ID
		  </p> 
		</li> 
		<li class="- topic/li " id="li_F4183BA48366474B9D05D1F4F8F08E0F"> 
		  <p class="- topic/p ">UtilityLicense Generator
		  </p> 
		</li> 
		<li class="- topic/li " id="li_4BEEC4498F5B4CBA9FF55375F961A936"> 
		  <p class="- topic/p ">License Embedder
		  </p> 
		</li> 
	 </ul> 
  </conbody> 
</concept> 
