<?xml version="1.0" encoding="UTF-8"?>
<!DOCTYPE concept PUBLIC "-//OASIS//DTD DITA Concept//EN" "concept.dtd">
<concept id="c_xgep_using-aaxs-ref-impl-air-publisher-id-utility"> 
  <title class="- topic/title ">AIR Publisher ID utility overview</title> 
  <conbody> 
	 <p class="- topic/p ">As part of the process of building an AIR file, the
		AIR Developer Tool (ADT) generates a Publisher ID. This is an identifier that
		is unique to the certificate used to build the AIR file. If you reuse the same
		certificate for multiple AIR applications, they will have the same Publisher
		ID.The AIR Publisher ID utility is used to compute the Publisher ID for an AIR
		application. AIR releases after 1.5.2 do not write the generated Publisher ID
		to a file, so it is necessary to use this tool to determine the Publisher ID if
		you are using an AIR application whitelist.
		<note class="- topic/note ">The Publisher ID, used for AIR whitelist
		  enforcement, is not the same as the Publisher ID specified by the application
		  publisher in the application's 
		  <filepath>application.xml</filepath> file.
		</note>
	 </p> 
  </conbody> 
</concept> 
