<?xml version="1.0" encoding="UTF-8"?>
<!DOCTYPE concept PUBLIC "-//OASIS//DTD DITA Concept//EN" "concept.dtd">
<concept id="c_xgep_using-aaxs-ref-impl-air-publisher-command-line-usage">
  
  <title class="- topic/title ">Command line usage</title> 
  <conbody> 
	 <p class="- topic/p ">To run the tool, use the following syntax:
	 </p> 
	 <p class="- topic/p "> 
		<codeblock xml:space="preserve" class="+ topic/pre pr-d/codeblock ">java -jar AdobePublisherIDUtility.jar <i class="+ topic/ph hi-d/i "><i class="+ topic/ph hi-d/i ">signaturefile</i></i> 
java -jar AdobePublisherIDUtility.jar -s <i class="+ topic/ph hi-d/i ">signingcert</i></codeblock> 
	 </p> 
	 <ul class="- topic/ul " id="ul_yym_hry_n4"> 
		<li class="- topic/li "
		 id="li_5A4E4FB9E7D04447BBCE0DA88A016FA7"><i class="+ topic/ph hi-d/i "><codeph
			 class="+ topic/ph pr-d/codeph ">signaturefile</codeph></i> specifies the path
		  to the AIR application’s signatures.xml file, located in the applications 
		  <filepath>META-INF</filepath> directory
		</li> 
		<li class="- topic/li " id="li_37BB33CC68B245379741B80504B7C810"> 
		  <codeph class="+ topic/ph pr-d/codeph "><i
			 class="+ topic/ph hi-d/i ">signingcert</i></codeph> specifies the certificate
		  used to sign the AIR application
		</li> 
	 </ul> 
	 <note class="- topic/note ">To determine the publisher ID for an iOS
		application, use the 
		<codeph>-s</codeph> option and specify the certificate used to sign the
		iOS application. 
		<b><i>Adobe Primetime is required to build iOS applications that can play
			 Access-protected content</i></b>.
	 </note> 
  </conbody> 
</concept> 
