<?xml version="1.0" encoding="UTF-8"?>
<!DOCTYPE concept PUBLIC "-//OASIS//DTD DITA Concept//EN" "concept.dtd">
<concept id="c_xgep_using-aaxs-ref-impl-building-the-license-server"> 
  <title class="- topic/title ">Building the license server</title> 
  <conbody> 
	 <p class="- topic/p ">The reference implementation license server includes
		WAR files for deploying the license server. It also includes all the license
		server source code and an Ant build script (Reference
		Implementation\Server\refimpl\build-refimpl.xml) so you can easily make changes
		to the code.
	 </p> 
	 <note class="- topic/note ">This step is only needed if you want to modify
		the source code. For evaluation purposes, you can skip this step and use the
		WAR files as shipped.
	 </note> 
	 <p class="- topic/p ">Before running the Ant script, modify the script to
		specify the locations of the Adobe Access SDK, Tomcat, MySQL, and Log4J. Open
		build-refimpl.xml in a text editor and edit the values of the properties 
		<codeph>sdkdir, tomcatdir, mysqldir, and log4jdir</codeph>. To compile
		the source code and create the WAR files for the reference implementation, run
		the script using 
		<codeph>ant -f build-refimpl.xml all</codeph> in the directory containing
		the Ant script. When the script is complete, a 
		<filepath>refimpl-build/wars</filepath> directory containing the server
		WAR files will be created.
	 </p> 
  </conbody> 
</concept> 
