<?xml version="1.0" encoding="UTF-8"?>
<!DOCTYPE concept PUBLIC "-//OASIS//DTD DITA Concept//EN" "concept.dtd">
<concept id="c_xgep_using-aaxs-ref-impl-command-line-usage"> 
  <title class="- topic/title ">Command line usage</title> 
  <conbody> 
	 <p class="- topic/p ">Before using Policy Manager, ensure that you fulfill
		the requirements listed in Requirements.
	 </p> 
	 <p class="- topic/p ">Policy Manager is in the 
		<filepath>\Reference Implementation\Command Line Tools</filepath>
		directory on the DVD. To run the tool, use the following syntax:
	 </p> 
	 <codeblock xml:space="preserve" class="+ topic/pre pr-d/codeblock ">java -jar AdobePolicyManager.jar <i class="+ topic/ph hi-d/i ">command filename [options]</i></codeblock> 
	 <p class="- topic/p ">The following table contains descriptions of the
		command line actions shown in the syntax above:
	 </p> 
	 <table frame="all" colsep="1" rowsep="1"
	  class="+ topic/table adobe-d/table " id="table_fqh_cpy_n4"> 
		<tgroup cols="2" colsep="1" rowsep="1" outputclass="Table.format"
		 class="- topic/tgroup "> 
		  <colspec colnum="1" colname="1" colwidth="2.000in"
			class="- topic/colspec "/> 
		  <colspec colnum="2" colname="2" colwidth="3.056in"
			class="- topic/colspec "/> 
		  <thead class="- topic/thead "> 
			 <row rowsep="1" class="- topic/row "> 
				<entry colname="1" class="- topic/entry ">Command line action
				</entry> 
				<entry colname="2" class="- topic/entry ">Description
				</entry> 
			 </row> 
		  </thead> 
		  <tbody class="- topic/tbody "> 
			 <row rowsep="1" class="- topic/row "> 
				<entry colname="1" class="- topic/entry "><codeph>new</codeph>
				</entry> 
				<entry colname="2" class="- topic/entry ">Creates a new policy.
				</entry> 
			 </row> 
			 <row rowsep="1" class="- topic/row "> 
				<entry colname="1" class="- topic/entry "><codeph>detail</codeph>
				</entry> 
				<entry colname="2" class="- topic/entry ">Describes an existing
				  policy.
				</entry> 
			 </row> 
			 <row rowsep="0" class="- topic/row "> 
				<entry colname="1" class="- topic/entry "><codeph>update</codeph>
				</entry> 
				<entry colname="2" class="- topic/entry ">Updates an existing
				  policy.
				</entry> 
			 </row> 
		  </tbody> 
		</tgroup> 
	 </table> 
	 <p class="- topic/p ">The following table describes the command line
		options that can be specified along with the syntax above:
	 </p> 
	 <table frame="all" colsep="1" rowsep="1"
	  class="+ topic/table adobe-d/table " id="table_q5h_cpy_n4"> 
		<tgroup cols="2" colsep="1" rowsep="1" outputclass="Table.format"
		 class="- topic/tgroup "> 
		  <colspec colnum="1" colname="1" colwidth="2.000in"
			class="- topic/colspec "/> 
		  <colspec colnum="2" colname="2" colwidth="3.056in"
			class="- topic/colspec "/> 
		  <thead class="- topic/thead "> 
			 <row rowsep="1" class="- topic/row "> 
				<entry colname="1" class="- topic/entry "> 
				  <p class="- topic/p ">Command line option
				  </p> 
				</entry> 
				<entry colname="2" class="- topic/entry "> 
				  <p class="- topic/p ">Description
				  </p> 
				</entry> 
			 </row> 
		  </thead> 
		  <tbody class="- topic/tbody "> 
			 <row rowsep="1" class="- topic/row "> 
				<entry colname="1" class="- topic/entry "><codeph
				  class="+ topic/ph pr-d/codeph ">-c 
					 <i class="+ topic/ph hi-d/i ">configfile</i></codeph>
				</entry> 
				<entry colname="2" class="- topic/entry "> 
				  <p class="- topic/p ">Specifies the location of the configuration
					 file. If this option is not used, the Policy Manager will look for 
					 <filepath>flashaccesstools.properties</filepath> in the working
					 directory. Options specified on the command line take precedence over those
					 present in the configuration file.
				  </p> 
				</entry> 
			 </row> 
			 <row rowsep="1" class="- topic/row "> 
				<entry colname="1" class="- topic/entry "><codeph>-o</codeph>
				</entry> 
				<entry colname="2" class="- topic/entry "> 
				  <p class="- topic/p ">If the destination file already exists,
					 overwrite it without prompting.
				  </p> 
				</entry> 
			 </row> 
			 <row rowsep="1" class="- topic/row "> 
				<entry colname="1"
				 class="- topic/entry "><codeph>-noprompt</codeph>
				</entry> 
				<entry colname="2" class="- topic/entry "> 
				  <p class="- topic/p ">Do not ask if the destination file should
					 be overwritten. If the destination file already exists and 
					 <codeph>-o</codeph> is not set, an error will be returned.
				  </p> 
				</entry> 
			 </row> 
			 <row rowsep="1" class="- topic/row "> 
				<entry colname="1" class="- topic/entry "><codeph>-root</codeph>
				</entry> 
				<entry colname="2" class="- topic/entry "> 
				  <p class="- topic/p ">Indicates the policy has a root license.
					 Not allowed for updates.
				  </p> 
				</entry> 
			 </row> 
			 <row rowsep="1" class="- topic/row "> 
				<entry colname="1" class="- topic/entry "><codeph
				  class="+ topic/ph pr-d/codeph ">-e 
					 <i class="+ topic/ph hi-d/i ">date</i></codeph>
				</entry> 
				<entry colname="2" class="- topic/entry "> 
				  <p class="- topic/p ">The date before which licenses will be
					 valid. Specify as 
					 <codeph class="+ topic/ph pr-d/codeph "><i
						class="+ topic/ph hi-d/i ">yyyy-mm-dd</i></codeph> or 
					 <codeph class="+ topic/ph pr-d/codeph "><i
						class="+ topic/ph hi-d/i ">yyyy-mm-dd-h24:min:sec</i></codeph>. For example,
					 2008-12-1 or 2008-12-1-00:00:00 for midnight on December 1, 2008. The value
					 must be greater than the value of 
					 <codeph>-s</codeph>, if present. This option cannot be used
					 with 
					 <codeph>-r</codeph>. To remove the end date when updating a
					 policy, use 
					 <codeph>-e</codeph> without specifying a date.
				  </p> 
				</entry> 
			 </row> 
			 <row rowsep="1" class="- topic/row "> 
				<entry colname="1" class="- topic/entry "><codeph
				  class="+ topic/ph pr-d/codeph ">-r 
					 <i class="+ topic/ph hi-d/i ">minutes</i></codeph>
				</entry> 
				<entry colname="2" class="- topic/entry "> 
				  <p class="- topic/p ">The duration (minutes) that content
					 protected with this policy is valid, beginning when the content is protected
					 with the packager. The value must be non-negative. This option cannot be used
					 with 
					 <codeph>-e</codeph>. To remove the duration when updating a
					 policy, use 
					 <codeph>-r</codeph> without specifying a number of minutes.
				  </p> 
				</entry> 
			 </row> 
			 <row rowsep="1" class="- topic/row "> 
				<entry colname="1" class="- topic/entry "><codeph
				  class="+ topic/ph pr-d/codeph ">-s 
					 <i class="+ topic/ph hi-d/i ">date</i></codeph>
				</entry> 
				<entry colname="2" class="- topic/entry "> 
				  <p class="- topic/p ">The date after which licenses will be
					 valid. Specify as 
					 <codeph class="+ topic/ph pr-d/codeph "><i
						class="+ topic/ph hi-d/i ">yyyy-mm-dd</i></codeph> or 
					 <codeph class="+ topic/ph pr-d/codeph "><i
						class="+ topic/ph hi-d/i ">yyyy-mm-dd-h24:min:sec</i></codeph>. For example,
					 2008-12-1 or 2008-12-1-00:00:00 for midnight on December 1, 2008. The value
					 must be less than the value of 
					 <codeph>-e</codeph>, if present. This option cannot be used
					 with 
					 <codeph>-r</codeph>. To remove the start date when updating a
					 policy, use 
					 <codeph>-s</codeph> without specifying a date.
				  </p> 
				</entry> 
			 </row> 
			 <row rowsep="1" class="- topic/row "> 
				<entry colname="1" class="- topic/entry "><codeph
				  class="+ topic/ph pr-d/codeph ">-w 
					 <i class="+ topic/ph hi-d/i ">minutes</i></codeph>
				</entry> 
				<entry colname="2" class="- topic/entry "> 
				  <p class="- topic/p ">The playback window (the number of minutes
					 the content may be viewed, beginning from the first playback). If this option
					 is not specified or if 
					 <codeph>-w</codeph> is used without specifying the number of
					 minutes, there is no playback window limitation. The value must be
					 non-negative.
				  </p> 
				</entry> 
			 </row> 
			 <row rowsep="1" class="- topic/row "> 
				<entry colname="1" class="- topic/entry "><codeph
				  class="+ topic/ph pr-d/codeph ">-l 
					 <i class="+ topic/ph hi-d/i ">minutes</i></codeph>
				</entry> 
				<entry colname="2" class="- topic/entry "> 
				  <p class="- topic/p ">The license caching duration in minutes,
					 which is the time a license will be allowed to be cached in the client's
					 License Store after the license has been issued by the server. The value must
					 be non-negative. Specify 
					 <codeph>-l 0</codeph> to indicate license caching is not
					 permitted. Use 
					 <codeph>-l</codeph> without specifying a number of minutes for
					 unlimited license caching.
				  </p> 
				</entry> 
			 </row> 
			 <row rowsep="1" class="- topic/row "> 
				<entry colname="1" class="- topic/entry "><codeph
				  class="+ topic/ph pr-d/codeph ">-ldate 
					 <i class="+ topic/ph hi-d/i ">date</i></codeph>
				</entry> 
				<entry colname="2" class="- topic/entry "> 
				  <p class="- topic/p ">The license caching end date (the date
					 after which licenses may not be cached in the client's License Store, after the
					 license has been issued by the server). Specify as 
					 <codeph class="+ topic/ph pr-d/codeph "><i
						class="+ topic/ph hi-d/i ">yyyy-mm-dd</i></codeph><i
					 class="+ topic/ph hi-d/i "> 
					 </i>or<i class="+ topic/ph hi-d/i "> 
					 </i><codeph class="+ topic/ph pr-d/codeph "><i
						class="+ topic/ph hi-d/i ">yyyy-mm-dd-h24:min:sec</i></codeph>. For example,
					 2008-12-1 or 2008-12-1-00:00:00 for midnight on December 1, 2008. Use 
					 <codeph>-l</codeph> without specifying a number of minutes for
					 unlimited license caching.
				  </p> 
				</entry> 
			 </row> 
			 <row rowsep="1" class="- topic/row "> 
				<entry colname="1" class="- topic/entry "><codeph>-authNS</codeph>
				</entry> 
				<entry colname="2" class="- topic/entry "> 
				  <p class="- topic/p ">The authentication namespace. If specified,
					 the client should authenticate with a user name and password issued by the
					 specified authority. This option cannot be used with 
					 <codeph>-x</codeph>. It is not allowed for updates.
				  </p> 
				</entry> 
			 </row> 
			 <row rowsep="1" class="- topic/row "> 
				<entry colname="1" class="- topic/entry "><codeph>-x</codeph>
				</entry> 
				<entry colname="2" class="- topic/entry "> 
				  <p class="- topic/p ">Allow anonymous access. This option cannot
					 be used with 
					 <codeph>-authNS</codeph>. It is not allowed for updates.
				  </p> 
				</entry> 
			 </row> 
			 <row rowsep="1" class="- topic/row "> 
				<entry colname="1" class="- topic/entry "><codeph
				  class="+ topic/ph pr-d/codeph ">-air 
					 <i
					  class="+ topic/ph hi-d/i ">pubId</i></codeph>[:<codeph
				  class="+ topic/ph pr-d/codeph "><i
					 class="+ topic/ph hi-d/i ">appId</i></codeph>[:[<codeph
				  class="+ topic/ph pr-d/codeph "><i
					 class="+ topic/ph hi-d/i ">min</i></codeph>]:[<codeph
				  class="+ topic/ph pr-d/codeph "><i
					 class="+ topic/ph hi-d/i ">max</i></codeph>]]]
				</entry> 
				<entry colname="2" class="- topic/entry "> 
				  <p class="- topic/p ">A whitelist of AIR applications allowed to
					 play protected content. Use this to restrict which publishers, applications,
					 and versions may access content protected with this policy.
				  </p> 
				  <p class="- topic/p ">If 
					 <i class="+ topic/ph hi-d/i ">appId</i> is not specified, all
					 applications for publisher 
					 <i class="+ topic/ph hi-d/i ">pubId</i> are allowed.
				  </p> 
				  <p class="- topic/p "><i class="+ topic/ph hi-d/i ">min</i> and 
					 <i class="+ topic/ph hi-d/i ">max</i> version numbers are
					 optional.
				  </p> 
				  <p class="- topic/p ">Multiple 
					 <codeph>-air</codeph> options may be specified to allow
					 multiple applications. If no AIR or SWF applications are specified, all
					 applications may access this content. During an update, use -air without the
					 remaining arguments to remove all entries from the list.
				  </p> 
				</entry> 
			 </row> 
			 <row rowsep="1" class="- topic/row "> 
				<entry colname="1" class="- topic/entry "><codeph
				  class="+ topic/ph pr-d/codeph ">-drmBlacklist 
					 <i class="+ topic/ph hi-d/i ">name</i></codeph><i
				  class="+ topic/ph hi-d/i ">/</i><codeph class="+ topic/ph pr-d/codeph "><i
					 class="+ topic/ph hi-d/i ">value</i></codeph><i class="+ topic/ph hi-d/i "> 
				  </i><codeph class="+ topic/ph pr-d/codeph "><i
					 class="+ topic/ph hi-d/i ">pairs</i></codeph>
				</entry> 
				<entry colname="2" class="- topic/entry "> 
				  <p class="- topic/p ">The DRM clients restricted from accessing
					 protected content. The value consists of comma separated name:value pairs with
					 the following format:
				  </p> 
				  <p class="- topic/p "><codeph class="+ topic/ph pr-d/codeph "><i
						class="+ topic/ph hi-d/i ">os | release</i>=<i
						class="+ topic/ph hi-d/i ">stringValue</i></codeph>
				  </p> 
				  <p class="- topic/p ">For example, 
					 <codeph>os=Win,release=2.0.1</codeph>. During an update, use 
					 <codeph>-drmBlacklist</codeph> without the remaining arguments
					 to remove all entries from the list.
				  </p> 
				</entry> 
			 </row> 
			 <row rowsep="1" class="- topic/row "> 
				<entry colname="1" class="- topic/entry "><codeph
				  class="+ topic/ph pr-d/codeph ">-drmLevel 
					 <i class="+ topic/ph hi-d/i ">int</i></codeph>
				</entry> 
				<entry colname="2" class="- topic/entry "> 
				  <p class="- topic/p ">Indicates that DRM clients must have the
					 specified minimum security level to access protected content.
				  </p> 
				</entry> 
			 </row> 
			 <row rowsep="1" class="- topic/row "> 
				<entry colname="1" class="- topic/entry "><codeph>-opAnalog
					 NO_PROTECTION | USE_IF_AVAILABLE | REQUIRED | NO_PLAYBACK | ACP_REQUIRED |
					 CGMS-A_REQUIRED | USE_ACP_IF_AVAILABLE | USE_CGMS-A_IF_AVAILABLE</codeph>
				</entry> 
				<entry colname="2" class="- topic/entry "> 
				  <p class="- topic/p ">Analog output protection constraints.
				  </p> 
				</entry> 
			 </row> 
			 <row rowsep="1" class="- topic/row "> 
				<entry colname="1" class="- topic/entry "><codeph>-opDigital
					 NO_PROTECTION | USE_IF_AVAILABLE | REQUIRED | NO_PLAYBACK</codeph>
				</entry> 
				<entry colname="2" class="- topic/entry "> 
				  <p class="- topic/p ">Digital output protection constraints.
				  </p> 
				</entry> 
			 </row> 
			 <row rowsep="1" class="- topic/row "> 
				<entry colname="1" class="- topic/entry "><codeph
				  class="+ topic/ph pr-d/codeph ">-runtimeBlacklist 
					 <i class="+ topic/ph hi-d/i ">name</i></codeph><i
				  class="+ topic/ph hi-d/i ">/</i><codeph class="+ topic/ph pr-d/codeph "><i
					 class="+ topic/ph hi-d/i ">value</i></codeph><i class="+ topic/ph hi-d/i "> 
				  </i><codeph class="+ topic/ph pr-d/codeph "><i
					 class="+ topic/ph hi-d/i ">pairs</i></codeph>
				</entry> 
				<entry colname="2" class="- topic/entry "> 
				  <p class="- topic/p ">The application runtimes restricted from
					 accessing protected content. The value consists of comma separated name:value
					 pairs with the following format:
				  </p> 
				  <p class="- topic/p "><codeph class="+ topic/ph pr-d/codeph "><i
						class="+ topic/ph hi-d/i ">os | application | release</i>=<i
						class="+ topic/ph hi-d/i ">stringValue</i></codeph>
				  </p> 
				  <p class="- topic/p ">For example, 
					 <codeph>os=Win,release=2.0.1,application=AIR</codeph>. During
					 an update, use 
					 <codeph>-runtimeBlacklist</codeph> without the remaining
					 arguments to remove all entries from the list.
				  </p> 
				</entry> 
			 </row> 
			 <row rowsep="1" class="- topic/row "> 
				<entry colname="1" class="- topic/entry "><codeph
				  class="+ topic/ph pr-d/codeph ">-runtimeLevel 
					 <i class="+ topic/ph hi-d/i ">int</i></codeph>
				</entry> 
				<entry colname="2" class="- topic/entry "> 
				  <p class="- topic/p ">Indicates that the application runtimes
					 must have the specified minimum security level to access protected content.
				  </p> 
				</entry> 
			 </row> 
			 <row rowsep="1" class="- topic/row "> 
				<entry colname="1" class="- topic/entry "> 
				  <p class="- topic/p "><codeph
					 class="+ topic/ph pr-d/codeph ">-swf 
						<i class="+ topic/ph hi-d/i ">url</i></codeph>
				  </p> 
				  <p class="- topic/p "><codeph
					 class="+ topic/ph pr-d/codeph ">-swf file=<i
						class="+ topic/ph hi-d/i ">swf_file</i></codeph>, 
					 <codeph class="+ topic/ph pr-d/codeph ">time=<i
						class="+ topic/ph hi-d/i ">max_time_to_verify</i></codeph>
				  </p> 
				</entry> 
				<entry colname="2" class="- topic/entry "> 
				  <p class="- topic/p ">A whitelist of SWF applications allowed to
					 play protected content. Multiple -swf options may be specified to allow
					 multiple applications. If no AIR or SWF applications are specified, all
					 applications may access this content. During an update, use -swf without the
					 remaining arguments to remove all entries from the list. To identify a SWF by
					 its hash value, specify the SWF file for which to compute the hash and the
					 maximum time to allow for SWF verification to complete (in seconds).
				  </p> 
				</entry> 
			 </row> 
			 <row rowsep="1" class="- topic/row "> 
				<entry colname="1" class="- topic/entry "><codeph
				  class="+ topic/ph pr-d/codeph ">-k 
					 <i class="+ topic/ph hi-d/i ">name</i>=<i
					 class="+ topic/ph hi-d/i ">value</i></codeph>
				</entry> 
				<entry colname="2" class="- topic/entry "> 
				  <p class="- topic/p ">Specifies custom key/values to add to the
					 policy. Multiple 
					 <codeph>-k</codeph> options may be specified. During update,
					 use 
					 <codeph>-k</codeph> without the remaining arguments to remove
					 all properties. The interpretation or handling of this data is completely up to
					 the implementation of the Adobe Access license server.
				  </p> 
				</entry> 
			 </row> 
			 <row rowsep="0" class="- topic/row "> 
				<entry colname="1" class="- topic/entry "><codeph
				  class="+ topic/ph pr-d/codeph ">-p 
					 <i class="+ topic/ph hi-d/i ">name</i>=<i
					 class="+ topic/ph hi-d/i ">value</i></codeph>
				</entry> 
				<entry colname="2" class="- topic/entry "> 
				  <p class="- topic/p ">Adds a custom property, which will appear
					 in the license generated for each client. Multiple 
					 <codeph>-p</codeph> options may be specified to add multiple
					 properties. During an update, use 
					 <codeph>-p</codeph> without the remaining arguments to remove
					 all properties. The interpretation or handling of this data is completely up to
					 the implementation of the client application.
				  </p> 
				</entry> 
			 </row> 
		  </tbody> 
		</tgroup> 
	 </table> 
  </conbody> 
</concept> 
