<?xml version="1.0" encoding="UTF-8"?>
<!DOCTYPE concept PUBLIC "-//OASIS//DTD DITA Concept//EN" "concept.dtd">
<concept id="c_xgep_using-aaxs-ref-impl-config-file"> 
  <title class="- topic/title ">Command line configuration file</title> 
  <conbody> 
	 <p class="- topic/p ">Several of the command-line tools require a
		configuration file that contains information for the tools to use for applying
		policies and encrypting files.
	 </p> 
	 <p class="- topic/p ">The default configuration file is 
		<filepath>flashaccesstools.properties</filepath>. It is located in the
		working directory; that is, the directory from which you run the tools (see 
		<xref
		 href="c_xgep_using-aaxs-ref-impl-installing-the-command-line-tools.xml">Installing
		  the command line tools</xref>). Each tool also contains an option
		(<codeph>-c</codeph>) that lets you point to the configuration file you want to
		use if you prefer not to use the default.
	 </p> 
	 <p class="- topic/p ">The configuration file uses the Java property file
		format. If values for any of the properties contain special characters, keep in
		mind the following restrictions:
	 </p> 
	 <ul class="- topic/ul " id="ul_xcg_g4y_n4"> 
		<li class="- topic/li " id="li_1E83FA5CBF25439BBE91C410FAD703D8"> 
		  <p class="- topic/p ">Escape backslashes with an additional backslash.
			 For example, to specify the 
			 <filepath>C:\credentials.pfx</filepath> file, specify it as 
			 <filepath>C:\\credentials.pfx</filepath> or 
			 <filepath>C:/credentials.pfx</filepath>. To specify a file on a
			 network server, specify 
			 <filepath>\\\\server\\folder\\filename.pfx</filepath>.
		  </p> 
		</li> 
		<li class="- topic/li " id="li_B067A037DD4B418993E4903EE32D5CDA"> 
		  <p class="- topic/p ">The configuration file can contain only Latin-1
			 characters. If you must use non-Latin-1 characters, use the appropriate Unicode
			 escape sequence (using, optionally, the 
			 <filepath>native2ascii</filepath> tool that comes with Java).
		  </p> 
		</li> 
	 </ul> 
	 <p class="- topic/p ">Set values for properties in the configuration file
		before you run the tools. For some of the command line tools, you can set the
		values for some options through either the command line or the configuration
		file. In those cases, values that are set through the command line take
		precedence over any values in the configuration file.
	 </p> 
  </conbody> 
</concept> 
