<?xml version="1.0" encoding="UTF-8"?>
<!DOCTYPE concept PUBLIC "-//OASIS//DTD DITA Concept//EN" "concept.dtd">
<concept id="c_xgep_using-aaxs-ref-impl-config-file-properties"> 
  <title class="- topic/title ">Configuration file properties</title> 
  <conbody> 
	 <p class="- topic/p ">The configuration file specifies the following
		properties. For property names that include 
		<codeph class="+ topic/ph pr-d/codeph "><i
		  class="+ topic/ph hi-d/i ">n</i></codeph>, 
		<codeph class="+ topic/ph pr-d/codeph "><i
		  class="+ topic/ph hi-d/i ">n</i></codeph> represents an integer starting with 1
		and increasing for each instance of the property.
	 </p> 
	 <table class="+ topic/table " id="table_p3x_54y_n4"> 
		<tgroup cols="2" class="- topic/tgroup "> 
		  <colspec colnum="1" colname="1" colwidth="1.667in"
			class="- topic/colspec "/> 
		  <colspec colnum="2" colname="2" colwidth="3.389in"
			class="- topic/colspec "/> 
		  <thead class="- topic/thead "> 
			 <row rowsep="1" class="- topic/row "> 
				<entry colname="1" class="- topic/entry ">Property/Command Line
				  Option
				</entry> 
				<entry colname="2" class="- topic/entry ">Description
				</entry> 
			 </row> 
		  </thead> 
		  <tbody class="- topic/tbody "> 
			 <row rowsep="1" class="- topic/row "> 
				<entry colname="1"
				 class="- topic/entry "><codeph>policy.name</codeph>
				  <p class="- topic/p "><codeph>-n</codeph> 
					 <i class="+ topic/ph hi-d/i ">policyname</i>
				  </p>
				</entry> 
				<entry colname="2" class="- topic/entry ">The human-readable policy
				  name.
				</entry> 
			 </row> 
			 <row rowsep="1" class="- topic/row "> 
				<entry colname="1"
				 class="- topic/entry "><codeph>policy.requireKeyServer</codeph>
				  <p class="- topic/p "><codeph>-keyServer</codeph> 
					 <i class="+ topic/ph hi-d/i ">boolean</i>
				  </p>
				</entry> 
				<entry colname="2" class="- topic/entry ">If true, an HTTPS Key
				  Server is required for key delivery to iOS. Default is false, if not specified.
				</entry> 
			 </row> 
			 <row rowsep="1" class="- topic/row "> 
				<entry colname="1"
				 class="- topic/entry "><codeph>policy.enforceJailbreak</codeph>
				  <p class="- topic/p "><codeph>-enforceJailbreak</codeph> 
					 <i class="+ topic/ph hi-d/i ">boolean</i>
				  </p>
				</entry> 
				<entry colname="2" class="- topic/entry ">If true, for devices that
				  support jailbreak detection, do not allow playback if jailbreak has been
				  detected.
				</entry> 
			 </row> 
			 <row rowsep="1" class="- topic/row "> 
				<entry colname="1"
				 class="- topic/entry "><codeph>policy.critical</codeph>
				  <p class="- topic/p "><codeph>-critical</codeph> 
					 <i class="+ topic/ph hi-d/i ">boolean</i>
				  </p>
				</entry> 
				<entry colname="2" class="- topic/entry ">Set policy criticality.
				  If true, the server must understand all parts of the policy (this is the
				  default behavior). If false, the server may ignore policy attributes it does
				  not understand.
				</entry> 
			 </row> 
			 <row rowsep="1" class="- topic/row "> 
				<entry colname="1"
				 class="- topic/entry "><codeph>policy.chaining.asymmetric.certfile</codeph>
				</entry> 
				<entry colname="2" class="- topic/entry ">License server
				  certificate whose public key is used to encrypt the root encryption key for the
				  
				  <xref
					href="c_xgep_using-aaxs-for-protecting-content-implementing-the-license-server.xml"
					class="- topic/xref ">Enhanced License Chaining</xref>. This property specifies
				  a file that contains the certificate only (either PEM or DER format is
				  acceptable).
				</entry> 
			 </row> 
			 <row rowsep="1" class="- topic/row "> 
				<entry colname="1"
				 class="- topic/entry "><codeph>policy.chaining.rootKey</codeph>
				  <p class="- topic/p "><codeph>-rootKey</codeph> 
					 <i class="+ topic/ph hi-d/i ">root-key</i>
				  </p>
				</entry> 
				<entry colname="2" class="- topic/entry ">Specify root encryption
				  key for the Enhanced License Chaining. If no key is specified, and Enhanced
				  License Chaining is enabled, a random key will be generated. The key must be 16
				  bytes in length and specified as Hex values. Whitespace between the Hex values
				  is optional. For updates, the command line option is not allowed, and the
				  property is ignored.
				</entry> 
			 </row> 
			 <row rowsep="1" class="- topic/row "> 
				<entry colname="1"
				 class="- topic/entry "><codeph>policy.domain.url</codeph>
				  <p class="- topic/p "><codeph>-domainURL</codeph> 
					 <i class="+ topic/ph hi-d/i ">url</i>
				  </p>
				</entry> 
				<entry colname="2" class="- topic/entry ">URL of domain server, if
				  domain registration is required. For updates, the command line option is not
				  allowed, and the property is ignored.
				</entry> 
			 </row> 
			 <row rowsep="1" class="- topic/row "> 
				<entry colname="1"
				 class="- topic/entry "><codeph>policy.domain.anonymous</codeph>
				  <p class="- topic/p "><codeph>-domainAnon</codeph>
				  </p>
				</entry> 
				<entry colname="2" class="- topic/entry ">Specifies whether
				  anonymous domain registration is allowed. Set the property to true or include
				  this command line option to allow anonymous access. This option cannot be used
				  with -domainAuthNS.
				</entry> 
			 </row> 
			 <row rowsep="1" class="- topic/row "> 
				<entry colname="1"
				 class="- topic/entry "><codeph>policy.domain.authNamespace</codeph>
				  <p class="- topic/p "><codeph>-domainAuthNS</codeph> 
					 <i class="+ topic/ph hi-d/i ">namespace</i>
				  </p>
				</entry> 
				<entry colname="2" class="- topic/entry ">The authentication
				  namespace for domain registration. If specified, the client should authenticate
				  with a user name and password issued by the specified authority. For updates,
				  the command line option is not allowed, and the property is ignored. This
				  option cannot be used with -domainAnon.
				</entry> 
			 </row> 
			 <row rowsep="1" class="- topic/row "> 
				<entry colname="1"
				 class="- topic/entry "><codeph>policy.outputProtection.analog</codeph>
				  <p class="- topic/p "><codeph>-opAnalog</codeph> 
					 <i class="+ topic/ph hi-d/i ">AnalogOption</i>
				  </p>
				</entry> 
				<entry colname="2" class="- topic/entry ">Analog output protection
				  constraints. The following values are supported:
				  <ul class="- topic/ul " id="ul_h4x_54y_n4"> 
					 <li class="- topic/li "
					  id="li_5BC8F39B61894E83A7B27570FF848F09"> 
						<p class="- topic/p "><codeph
						  class="+ topic/ph pr-d/codeph ">NO_PROTECTION</codeph>
						</p> 
					 </li> 
					 <li class="- topic/li "
					  id="li_FF14594A0714480496793A82C3FA1610"> 
						<p class="- topic/p "><codeph
						  class="+ topic/ph pr-d/codeph ">USE_IF_AVAILABLE</codeph>
						</p> 
					 </li> 
					 <li class="- topic/li "
					  id="li_721FCC4DC1F34AE398EFAE4C0D3F50F5"> 
						<p class="- topic/p "><codeph
						  class="+ topic/ph pr-d/codeph ">USE_IF_AVAILABLE_ACP</codeph>
						</p> 
					 </li> 
					 <li class="- topic/li "
					  id="li_D588BB278BEE4CEAB034BD48550EBCDC"> 
						<p class="- topic/p "><codeph
						  class="+ topic/ph pr-d/codeph ">USE_IF_AVAILABLE_CGMSA</codeph>
						</p> 
					 </li> 
					 <li class="- topic/li "
					  id="li_7E5F006D2F114502BA6D0A9C4173004E"> 
						<p class="- topic/p "><codeph
						  class="+ topic/ph pr-d/codeph ">REQUIRED</codeph>
						</p> 
					 </li> 
					 <li class="- topic/li "
					  id="li_9EBFAA4AACF249C2A94432D88E12C3B9"> 
						<p class="- topic/p "><codeph
						  class="+ topic/ph pr-d/codeph ">REQUIRED_ACP</codeph>
						</p> 
					 </li> 
					 <li class="- topic/li "
					  id="li_6720C6A085864BEB957C0BF2C38551C9"> 
						<p class="- topic/p "><codeph
						  class="+ topic/ph pr-d/codeph ">REQUIRED_CGMSA</codeph>
						</p> 
					 </li> 
					 <li class="- topic/li "
					  id="li_6FD98473ECDB4A66AC4B506FB9B3B360"> 
						<p class="- topic/p "><codeph
						  class="+ topic/ph pr-d/codeph ">NO_PLAYBACK</codeph>
						</p> 
					 </li> 
				  </ul>
				</entry> 
			 </row> 
			 <row rowsep="1" class="- topic/row "> 
				<entry colname="1"
				 class="- topic/entry "><codeph>policy.drmVersionBlacklist.n</codeph>
				  <p class="- topic/p "><codeph>-drmBlacklist</codeph> 
					 <i class="+ topic/ph hi-d/i ">name/value-pairs</i>
				  </p>
				</entry> 
				<entry colname="2" class="- topic/entry ">DRM clients restricted
				  from accessing protected content. This option specifies a list of versions of
				  DRM modules that may not be used (black list). The value consists of comma
				  separated name=value pairs with the following format:
				  <p class="- topic/p "><codeph
					 class="+ topic/ph pr-d/codeph ">os|release|arch|model|vendor|env|screen=value</codeph>
				  </p>
				  <p class="- topic/p ">Additional name/value pairs must be
					 comma-separated. For example: 
					 <codeph>os=Win,release=2.0,arch=32</codeph>.
				  </p>
				</entry> 
			 </row> 
			 <row rowsep="1" class="- topic/row "> 
				<entry colname="1"
				 class="- topic/entry "><codeph>policy.runtimeVersionBlacklist.n</codeph>
				  <p class="- topic/p "><codeph>-runtimeBlacklsit</codeph> 
					 <i class="+ topic/ph hi-d/i ">name/value-pairs</i>
				  </p>
				</entry> 
				<entry colname="2" class="- topic/entry ">Application runtimes
				  restricted from accessing protected content. This option specifies a list of
				  versions of runtime modules that may not be used (black list). The value
				  consists of comma separated name=value pairs with the following format: 
				  <p class="- topic/p "><codeph
					 class="+ topic/ph pr-d/codeph ">os|release|application|arch|model|vendor|env|screen=value</codeph>
				  </p>
				  <p class="- topic/p ">Additional name/value pairs must be
					 comma-separated. For example, 
					 <codeph>os=Win,application=AIR</codeph>.
				  </p>
				</entry> 
			 </row> 
			 <row rowsep="1" class="- topic/row "> 
				<entry colname="1"
				 class="- topic/entry "><codeph>policy.v1DeviceCapabilities</codeph>
				  <p class="- topic/p "><codeph>-devCapabilitiesV1</codeph> 
					 <i class="+ topic/ph hi-d/i ">name/value-pairs</i>
				  </p>
				</entry> 
				<entry colname="2" class="- topic/entry "> 
				  <p class="- topic/p ">Specifies device capabilities required to
					 access protected content. The value consists of comma separated name=value
					 pairs with the following format: 
				  </p> 
				  <p class="- topic/p "><codeph
					 class="+ topic/ph pr-d/codeph ">nonUserAccessibleBus|hardwareRootOfTrust=true|false</codeph>
				  </p> 
				  <p class="- topic/p ">For example, 
					 <codeph>nonUserAccessibleBus=false,hardwareRootOfTrust=true</codeph>.
					 During update, use 
					 <codeph>-devCapabilitiesV1</codeph> without the remaining
					 arguments to remove the device capabilities restriction.
				  </p> 
				</entry> 
			 </row> 
			 <row rowsep="1" class="- topic/row "> 
				<entry colname="1"
				 class="- topic/entry "><codeph>policy.syncFrequency</codeph>
				  <p class="- topic/p "><codeph>-sync</codeph> 
					 <i class="+ topic/ph hi-d/i ">name/value-pairs</i>
				  </p>
				</entry> 
				<entry colname="2" class="- topic/entry "> 
				  <p class="- topic/p ">Specify how often clients are required to
					 send synchronization messages to the server. If not set, clients will not send
					 synchronization messages when playing content protected with this policy. The
					 value consists of comma separated 
					 <codeph>name=value</codeph> pairs with the following format: 
				  </p> 
				  <p class="- topic/p "><codeph
					 class="+ topic/ph pr-d/codeph ">start|force|hardStop=numberValue</codeph>
				  </p> 
				  <p class="- topic/p ">
				  <ul id="ul_a5j_q4t_44"> 
					 <li
					  id="li_25CAF96C27F34848A95B2E3693847C71"><codeph>start</codeph> (required) -
						Start interval specifies the client should start synchronizing with the server
						this many minutes since the last synchronization.
					 </li> 
					 <li
					  id="li_CC9068CFE75645029C947C9E1B53351F"><codeph>force</codeph> (optional) -
						Force synchronization probability is the probability (0-100) with which the
						client should force a synchronization message during playback. 
					 </li> 
					 <li
					  id="li_C31A6250F19348FBB8B7569D00C6314E"><codeph>hardStop</codeph> (optional) -
						Hard stop interval is the time in minutes after which the client will fail
						playback if unable to synchronize. If set, must be greater than start interval.
					 </li> 
				  </ul>During update, use 
				  <codeph>-sync</codeph> without the remaining arguments to remove
				  the synchronization requirements.
				  </p> 
				</entry> 
			 </row> 
			 <row rowsep="1" class="- topic/row "> 
				<entry colname="1"
				 class="- topic/entry "><codeph>policy.useRootLicense</codeph>
				</entry> 
				<entry colname="2" class="- topic/entry ">Indicates whether this
				  policy has a root license (see 
				  <i class="+ topic/ph hi-d/i ">Enhanced License Chaining</i> in 
				  <i class="+ topic/ph hi-d/i ">Using Adobe Access for Protecting
					 Content</i>).
				</entry> 
			 </row> 
			 <row rowsep="1" class="- topic/row "> 
				<entry colname="1"
				 class="- topic/entry "><codeph>policy.startDate</codeph>
				</entry> 
				<entry colname="2" class="- topic/entry ">The date after which
				  content is valid. Use the format 
				  <codeph class="+ topic/ph pr-d/codeph "><i
					 class="+ topic/ph hi-d/i ">yyyy-mm-dd</i></codeph> (for example, 
				  <codeph>2009-01-31</codeph> represents January 31 at 12:00 AM) or
				  
				  <codeph class="+ topic/ph pr-d/codeph "><i
					 class="+ topic/ph hi-d/i ">yyyy-mm-dd-h24:min:sec</i></codeph> (for example, 
				  <codeph>2009-01-31-14:30:00</codeph> represents January 31 at
				  2:30 PM).
				</entry> 
			 </row> 
			 <row rowsep="1" class="- topic/row "> 
				<entry colname="1"
				 class="- topic/entry "><codeph>policy.expiration.endDate</codeph>
				</entry> 
				<entry colname="2" class="- topic/entry "> 
				  <p class="- topic/p ">The date before which content is valid.
					 Both 
					 <codeph>policy.expiration.endDate</codeph> and
					 policy.expiration.duration may not be specified concurrently. Use the format 
					 <codeph class="+ topic/ph pr-d/codeph "><i
						class="+ topic/ph hi-d/i ">yyyy-mm-dd</i></codeph> or 
					 <codeph class="+ topic/ph pr-d/codeph "><i
						class="+ topic/ph hi-d/i ">yyyy-mm-dd-h24:min:sec</i></codeph> (for example,
					 2009-01-31-14:30:00 represents January 31 at 2:30 PM).
				  </p> 
				</entry> 
			 </row> 
			 <row rowsep="1" class="- topic/row "> 
				<entry colname="1"
				 class="- topic/entry "><codeph>policy.expiration.duration</codeph>
				</entry> 
				<entry colname="2" class="- topic/entry "> 
				  <p class="- topic/p ">The amount of time the content is valid (in
					 minutes), starting from when it is packaged. Both 
					 <codeph>policy.expiration.endDate</codeph> and 
					 <codeph>policy.expiration.duration</codeph> may not be
					 specified at the same time.
				  </p> 
				</entry> 
			 </row> 
			 <row rowsep="1" class="- topic/row "> 
				<entry colname="1"
				 class="- topic/entry "><codeph>policy.licenseCaching.duration</codeph>
				</entry> 
				<entry colname="2" class="- topic/entry "> 
				  <p class="- topic/p ">Amount of time a license may be cached on
					 the client (in minutes). Set this property to 0 to disallow license caching.
					 The value must be 0 or higher. Both 
					 <codeph>policy.licenseCaching.duration</codeph> and 
					 <codeph>policy.licenseCaching.endDate</codeph> may not be used
					 concurrently.
				  </p> 
				  <p class="- topic/p "><b class="+ topic/ph hi-d/b ">Note</b>:
					 This policy setting is applied only to the license caching on the disk. It
					 doesn't control memory cached license duration. License can be cached on memory
					 even if policy specified duration is zero.
				  </p> 
				</entry> 
			 </row> 
			 <row rowsep="1" class="- topic/row "> 
				<entry colname="1"
				class="- topic/entry "><codeph>policy.licenseCaching.endDate</codeph>
				</entry> 
				<entry colname="2" class="- topic/entry "> 
				  <p class="- topic/p ">The date after which licenses may not be
					 cached. Both 
					 <codeph>policy.licenseCaching.duration</codeph> and 
					 <codeph>policy.licenseCaching.endDate</codeph> may not be used
					 concurrently.
				  </p> 
				</entry> 
			 </row> 
			 <row rowsep="1" class="- topic/row "> 
				<entry colname="1"
				class="- topic/entry "><codeph>policy.anonymous</codeph>
				</entry> 
				<entry colname="2" class="- topic/entry "> 
				  <p class="- topic/p ">Indicates whether anonymous license
					 acquisition is allowed. The default is "false" (username/password
					 authentication is required) if not specified.
				  </p> 
				</entry> 
			 </row> 
			 <row rowsep="1" class="- topic/row "> 
				<entry colname="1"
				class="- topic/entry "><codeph>policy.authNamespace</codeph>
				</entry> 
				<entry colname="2" class="- topic/entry "> 
				  <p class="- topic/p ">If username/password authentication is
					 required, this property specifies an optional name qualifier for user names.
				  </p> 
				</entry> 
			 </row> 
			 <row rowsep="1" class="- topic/row "> 
				<entry colname="1" class="- topic/entry "><codeph
				  class="+ topic/ph pr-d/codeph ">policy.customProp.<i
					 class="+ topic/ph hi-d/i ">n</i></codeph>
				</entry> 
				<entry colname="2" class="- topic/entry "> 
				  <p class="- topic/p ">Custom name/value pairs to be used by the
					 server during license acquisition. Use the following format for specifying
					 properties: 
					 <codeph class="+ topic/ph pr-d/codeph ">policy.customProp.<i
						class="+ topic/ph hi-d/i ">n</i></codeph>=<codeph
					 class="+ topic/ph pr-d/codeph "><i
						class="+ topic/ph hi-d/i ">name</i></codeph>=<codeph
					 class="+ topic/ph pr-d/codeph "><i
						class="+ topic/ph hi-d/i ">value</i></codeph>
				  </p> 
				</entry> 
			 </row> 
			 <row rowsep="1" class="- topic/row "> 
				<entry colname="1"
				class="- topic/entry "><codeph>policy.playbackWindow</codeph>
				</entry> 
				<entry colname="2" class="- topic/entry "> 
				  <p class="- topic/p ">Specifies the playback window (in minutes),
					 which is the duration for which the license is valid after the first time it is
					 used to play protected content.
				  </p> 
				</entry> 
			 </row> 
			 <row rowsep="1" class="- topic/row "> 
				<entry colname="1"
				class="- topic/entry "><codeph>policy.outputProtection.digital</codeph>
				</entry> 
				<entry colname="2" class="- topic/entry "> 
				  <p class="- topic/p ">Output protection constraints. Values must
					 be one of the following:
				  </p> 
				  <p class="- topic/p "><i
					 class="+ topic/ph hi-d/i ">NO_PROTECTION, USE_IF_AVAILABLE, REQUIRED,
						NO_PLAYBACK</i>
				  </p> 
				</entry> 
			 </row> 
			 <row rowsep="1" class="- topic/row "> 
				<entry colname="1"
				class="- topic/entry "><codeph>policy.drmMinSecurityLevel</codeph>
				</entry> 
				<entry colname="2" class="- topic/entry "> 
				  <p class="- topic/p ">The DRM module must have the specified
					 minimum security level, or higher, to access protected content.
				  </p> 
				</entry> 
			 </row> 
			 <row rowsep="1" class="- topic/row "> 
				<entry colname="1"
				class="- topic/entry "><codeph>policy.runtimeMinSecurityLevel</codeph>
				</entry> 
				<entry colname="2" class="- topic/entry "> 
				  <p class="- topic/p ">The application runtime module must have
					 the specified minimum security level, or higher, to access protected content.
				  </p> 
				</entry> 
			 </row> 
			 <row rowsep="1" class="- topic/row "> 
				<entry colname="1" class="- topic/entry "><codeph
				  class="+ topic/ph pr-d/codeph ">policy.allowedAIRApplication.<i
					 class="+ topic/ph hi-d/i ">n</i></codeph>
				</entry> 
				<entry colname="2" class="- topic/entry "> 
				  <p class="- topic/p ">A white list of Adobe AIR or iOS
					 applications allowed to play protected content. The property must use the
					 following format: 
					 <codeph class="+ topic/ph pr-d/codeph "><i
						class="+ topic/ph hi-d/i ">pubId</i></codeph>[:<codeph
					 class="+ topic/ph pr-d/codeph "><i
						class="+ topic/ph hi-d/i ">appId</i></codeph>[:[<codeph
					 class="+ topic/ph pr-d/codeph "><i
						class="+ topic/ph hi-d/i ">min</i></codeph>]:[<codeph
					 class="+ topic/ph pr-d/codeph "><i
						class="+ topic/ph hi-d/i ">max</i></codeph>]]]
				  </p> 
				</entry> 
			 </row> 
			 <row rowsep="1" class="- topic/row "> 
				<entry colname="1" class="- topic/entry "><codeph
				  class="+ topic/ph pr-d/codeph ">policy.allowedSWFApplication.<i
					 class="+ topic/ph hi-d/i ">n</i></codeph>
				</entry> 
				<entry colname="2" class="- topic/entry "> 
				  <p class="- topic/p ">A white list of SWF applications allowed to
					 play protected content. Use the following format:
				  </p> 
				  <p class="- topic/p "><codeph class="+ topic/ph pr-d/codeph "><i
						class="+ topic/ph hi-d/i ">URL</i></codeph> or file=<codeph
					 class="+ topic/ph pr-d/codeph "><i
						class="+ topic/ph hi-d/i ">swf_file</i></codeph>,time=<i
					 class="+ topic/ph hi-d/i ">max_time_to_verify</i> 
					 <i class="+ topic/ph hi-d/i ">swf_file</i> is the SWF file for
					 which to compute the hash and 
					 <i class="+ topic/ph hi-d/i ">max_time_to_verify</i> is the
					 maximum time to allow for download and verification of the SWF to complete (in
					 seconds).
				  </p> 
				</entry> 
			 </row> 
			 <row rowsep="0" class="- topic/row "> 
				<entry colname="1" class="- topic/entry "><codeph
				  class="+ topic/ph pr-d/codeph ">policy.license.customProp.<i
					 class="+ topic/ph hi-d/i ">n</i></codeph>
				</entry> 
				<entry colname="2" class="- topic/entry "> 
				  <p class="- topic/p ">Custom name/value pairs to be included in
					 licenses issued to users. Use the following format:
				  </p> 
				  <p class="- topic/p "><codeph
					 class="+ topic/ph pr-d/codeph ">policy.license.customProp.<i
						class="+ topic/ph hi-d/i ">n</i></codeph>=<codeph
					 class="+ topic/ph pr-d/codeph "><i
						class="+ topic/ph hi-d/i ">name</i></codeph>=<codeph
					 class="+ topic/ph pr-d/codeph "><i
						class="+ topic/ph hi-d/i ">value</i></codeph>
				  </p> 
				  <p class="- topic/p ">This option can be defined multiple times
					 for multiple custom properties.
				  </p> 
				</entry> 
			 </row> 
		  </tbody> 
		</tgroup> 
	 </table> 
  </conbody> 
</concept> 
