<?xml version="1.0" encoding="UTF-8"?>
<!DOCTYPE concept PUBLIC "-//OASIS//DTD DITA Concept//EN" "concept.dtd">
<concept id="c_xgep_using-aaxs-ref-impl-deploying-license-server-determining-ref-running.xml">
 <title class="- topic/title ">Determining if Reference Implementation License Server is running
    properly</title>
 <shortdesc/>
 <conbody>
  <p class="- topic/p ">There are several ways to determine whether your server has started
      correctly. Viewing the <filepath>catalina.log</filepath> logs may not be sufficient, as the
      license server logs to its own log files. Follow the steps below to ensure your Reference
      Implementation has started up properly.</p>
  <ul class="- topic/ul " id="ul_dfh_myy_n4">
   <li class="- topic/li ">Check your <filepath>AdobeFlashAccess.log</filepath> file. This is where
    the Reference Implementation writes log information. The location of this log file is indicated
    by your <filepath>log4j.xml</filepath> file and can be modified to point to any location you'd
    like. By default, the log file will be output to the working directory where you've run
    catalina.</li>
   <li class="- topic/li ">Navigate to the following URL:
     <filepath>http:///flashaccess/license/v4</filepath><i class="+ topic/ph hi-d/i ">your
     server:server port</i>. You should see the text "License Server is setup correctly".</li>
  </ul>
  <p class="- topic/p ">Another way to test if your server is running correctly is to package a
   piece of test content, set up a sample video player, and play it. The following procedure
   describes this process:</p>
  <ol class="- topic/ol " id="ol_ggh_myy_n4">
   <li class="- topic/li ">Navigate to the  <filepath>\Reference Implementation\Command Line
          Tools</filepath> folder. For information on installing the command line tools, see <xref
          href="c_xgep_using-aaxs-ref-impl-installing-the-command-line-tools.xml">Installing
          the command line tools</xref>.</li>
   <li class="- topic/li ">Create a simple anonymous policy by using the following
     command:<codeblock xml:space="preserve" class="+ topic/pre pr-d/codeblock ">    java -jar libs\AdobePolicyManager.jar new policy_test.pol -x</codeblock><p
     class="- topic/p ">For more information on creating policies using the Policy Manager, see
      <xref href="c_xgep_using-aaxs-ref-impl-command-line-usage.xml">Command line
     usage</xref>.</p></li>
   <li class="- topic/li ">Set the <codeph class="+ topic/ph pr-d/codeph "
     >encrypt.license.serverurl</codeph> property in the
     <filepath>flashaccesstools.properties</filepath> file to the URL of the license server (for
    example, <filepath>http://localhost:8080/</filepath>). The
     <filepath>flashaccesstools.properties</filepath> file is located under the <filepath>\Reference
     Implementation\Command Line Tools</filepath> folder.</li>
   <li class="- topic/li ">Package a piece of content by using the following
    command:<codeblock xml:space="preserve" class="+ topic/pre pr-d/codeblock ">    java -jar libs\AdobePackager.jar <i class="+ topic/ph hi-d/i ">test_input_FLV </i><i class="+ topic/ph hi-d/i ">output_file</i> 
          -p policy_test.pol</codeblock></li>
   <li class="- topic/li ">Copy the 2 generated files to the Tomcat
     <filepath>webapps\ROOT\Content</filepath> folder.</li>
   <li class="- topic/li ">Navigate to <filepath>Reference Implementation\Sample Video
          Players\Desktop\Flash Player\Release</filepath> and copy the contents to the Tomcat
          <filepath>webapps\ROOT\SVP\</filepath> folder.</li>
   <li class="- topic/li ">Install Flash Player 10.1 or later.</li>
   <li class="- topic/li ">Open the web browser and navigate to the following URL:<p
     class="- topic/p "><filepath>http://localhost:8080/SVP/player.html</filepath></p></li>
   <li class="- topic/li ">Navigate to the following URL, then click the Play button:<p
     class="- topic/p "><filepath>http://localhost:8080/Content/</filepath><i
      class="+ topic/ph hi-d/i ">your_encrypted_FLV</i>.</p></li>
   <li class="- topic/li ">If the video fails to play, check if any error codes were written in the
    logging pane of the Sample Video Player, or in the <filepath>AdobeFlashAccess.log</filepath>
    file. The location of the <filepath>AdobeFlashAccess.log</filepath> log file is indicated by
    your log4j.xml file, and can be modified to point to any location you'd like. By default, the
    log file is written to the working directory where you've run catalina.</li>
  </ol>
 </conbody>
</concept>
