<?xml version="1.0" encoding="UTF-8"?>
<!DOCTYPE concept PUBLIC "-//OASIS//DTD DITA Concept//EN" "concept.dtd">
<concept
 id="c_xgep_using-aaxs-ref-impl-deploying-license-server-and-wfp-troubleshooting">
  
  <title class="- topic/title ">Troubleshooting</title> 
  <conbody> 
	 <p class="- topic/p ">Listed below are common problems and solutions for
		deployment:
	 </p> 
	 <ul class="- topic/ul " id="ul_pzm_gyy_n4"> 
		<li class="- topic/li " id="li_6A0ABE527C9B4AAC8383EDBC784A7065"> 
		  <p class="- topic/p ">If you see the following error:
		  </p> 
		  <codeblock xml:space="preserve" class="+ topic/pre pr-d/codeblock ">    "Error decoding the password for HandlerConfiguration.ServerTransportCredential.password 
    javax.crypto.IllegalBlockSizeException: Input length must be multiple of 8 when decrypting with padded cipher"</codeblock> 
		  <p class="- topic/p ">Make sure the password is encrypted using the
			 provided 
			 <codeph>ScrambleUtil</codeph> class.
		  </p> 
		</li> 
		<li class="- topic/li " id="li_51AB6D8886064B168814EEA67793B741"> 
		  <p class="- topic/p ">If you see the following error:
		  </p> 
		  <codeblock xml:space="preserve" class="+ topic/pre pr-d/codeblock ">    "Unable to load credential from file.pfx -- possibly wrong password."</codeblock> 
		  <p class="- topic/p ">Make sure you specified the correct encrypted
			 password for the PFX file.
		  </p> 
		</li> 
		<li class="- topic/li " id="li_85731915EFFD4299806847B4DF68ADDC"> 
		  <p class="- topic/p ">If you see the following error:
		  </p> 
		  <codeblock xml:space="preserve" class="+ topic/pre pr-d/codeblock ">    "javax.crypto.BadPaddingException: Given final block not properly padded"</codeblock> 
		  <p class="- topic/p ">Make sure you used the password scrambler class
			 provided with the Reference Implementation (this scrambler utility is different
			 from the one provided with the Adobe® Access™ Server for Protected Streaming).
		  </p> 
		</li> 
	 </ul> 
  </conbody> 
</concept> 
