<?xml version="1.0" encoding="UTF-8"?>
<!DOCTYPE concept PUBLIC "-//OASIS//DTD DITA Concept//EN" "concept.dtd">
<concept
 id="c_xgep_using-aaxs-ref-impl-deploying-license-impl-usage-models"> 
  <title class="- topic/title ">Implementing the usage models overview</title> 
  <conbody> 
	 <p class="- topic/p ">The Reference Implementation includes business logic
		for demonstrating how to enable the following four different usage models for a
		piece of packaged content:
	 </p> 
	 <ul class="- topic/ul " id="ul_xy3_qyy_n4"> 
		<li class="- topic/li "
		 id="li_3E777849CFF449A1B84E070D627587E6">Download-to-own (DTO)
		</li> 
		<li class="- topic/li "
		 id="li_19E06E043D804C748C91966D6A600277">Rental/Video-on-demand (VOD)
		</li> 
		<li class="- topic/li "
		 id="li_909741652C3C4DA59404E48F42C471D3">Subscription (all-you-can-eat)
		</li> 
		<li class="- topic/li "
		 id="li_A1739B3FADA14B9FBE63BBD5DE03810B">Ad-funded
		</li> 
	 </ul> 
	 <p class="- topic/p ">To enable the usage model demo, specify the custom
		property 
		<codeph>RI_UsageModelDemo=true</codeph> at packaging time. If you are
		packaging content using the Media Packager command line tool, specify:
	 </p> 
	 <codeblock xml:space="preserve" class="+ topic/pre pr-d/codeblock ">    java -jar AdobeMediaPackager.jar source.flv dest.flv -k RI_UsageModelDemo=true</codeblock> 
	 <note class="- topic/note ">If you do not activate the optional demo mode
		at packaging time, the license server uses the policy specified at packaging
		time to issue a license. If multiple policies were specified, the license
		server uses the first valid policy.
	 </note> 
	 <p class="- topic/p ">In the demo, the business logic on the server
		controls the actual attributes of the licenses generated. At packaging time,
		only minimal policy information must be included in the content. Specifically,
		the policy only needs to indicate whether authentication is required to access
		the content. To enable all four usage models, include one policy that allows
		anonymous access (for the Ad-funded model) and one policy that requires user
		name/password authentication (for the other 3 usage models). When requesting a
		license, a client application can determine whether to prompt the user for
		authentication based on the authentication information in the policies.
	 </p> 
	 <p class="- topic/p ">To control the usage model under which a particular
		user is to be issued a license, entries may be added to the Reference
		Implementation database. The 
		<codeph>Customer</codeph> table contains user names and passwords for
		authenticating users. It also indicates whether the user has a subscription.
		Users with subscriptions will be issued licenses under the 
		<i>Subscription</i> usage model. To grant a user access under the 
		<i>Download to Own</i> or 
		<i>Video on Demand</i> usage models, an entry may be added to the 
		<codeph>CustomerAuthorization</codeph> table, which specifies each piece
		of content the user is allowed to access and the usage model. See the 
		<filepath>PopulateSampleDB.sql</filepath> script for details on
		populating each table.
	 </p> 
	 <p class="- topic/p ">When a user requests a license, the Reference
		Implementation server checks the metadata sent by the client to determine if
		the content was packaged using the 
		<codeph class="+ topic/ph pr-d/codeph ">RI_UsageModelDemo</codeph>
		property. If so, the following business rules are used:
	 </p> 
	 <ul class="- topic/ul " id="ul_vz3_qyy_n4"> 
		<li class="- topic/li " id="li_29E2EAB0003E4828BCA0B208BFD62183">If one
		  of the policies requires authentication:
		  <ul class="- topic/ul " id="ul_s1j_qyy_n4"> 
			 <li class="- topic/li " id="li_73DD4B236399412C8C998FE7179BCB29">If
				the request contains a valid authentication token, look for the user in the
				Customer database table. If the user was found:
				<ul class="- topic/ul " id="ul_ibj_qyy_n4"> 
				  <li class="- topic/li "
					id="li_31F28694778A48E2A7967941BAC39A1F">If the 
					 <codeph
					  class="+ topic/ph pr-d/codeph ">Customer.IsSubscriber</codeph> property is 
					 <codeph class="+ topic/ph pr-d/codeph ">true</codeph>, generate
					 a license for the 
					 <i>Subscription</i> usage model and send it to the user.
				  </li> 
				  <li class="- topic/li "
					id="li_9A61B0EC73384C2BBDAF33F642EF3F03">Look for a record in the 
					 <codeph>CustomerAuthorization</codeph> database table for this
					 user and content ID. If a record was found:
					 <ul class="- topic/ul " id="ul_sbj_qyy_n4"> 
						<li class="- topic/li "
						 id="li_0ED4514120AB4F53AAB7D4645E2CAD1D">If 
						  <codeph
							class="+ topic/ph pr-d/codeph ">CustomerAuthorization.UsageType</codeph> is 
						  <codeph class="+ topic/ph pr-d/codeph ">DTO</codeph>,
						  generate a license for the 
						  <i>Download To Own</i> usage model and send it to the user.
						</li> 
						<li class="- topic/li "
						 id="li_ED3835A8BE2343E8B2C03D33B46B51D3">If 
						  <codeph
							class="+ topic/ph pr-d/codeph ">CustomerAuthorization.UsageType</codeph> is 
						  <codeph class="+ topic/ph pr-d/codeph ">VOD</codeph>,
						  generate a license for the 
						  <i>Video On Demand</i> usage model and send it to the user.
						</li> 
					 </ul>
				  </li> 
				</ul>
			 </li> 
			 <li class="- topic/li " id="li_E984412D710D49AE91A3F64B8EA55905">If
				none of the policies allow anonymous access:
				<ul class="- topic/ul " id="ul_zbj_qyy_n4"> 
				  <li class="- topic/li "
					id="li_2A620F127BDC4B1EAF8EB5DED64293A0">If there is not a valid authentication
					 token in the request, return an "authentication required" error.
				  </li> 
				  <li class="- topic/li "
					id="li_06433684E8DC46089F663CAF51EF666A">Otherwise return a "not authorized"
					 error.
				  </li> 
				</ul>
			 </li> 
		  </ul>
		</li> 
		<li class="- topic/li " id="li_B027AC3B632B4E39822A48E793DDE0EC">If one
		  of the policies allows anonymous access, generate a license for the Ad-funded
		  usage model and send it to the user.
		</li> 
	 </ul> 
	 <p class="- topic/p ">Before the Reference Implementation server can issue
		licenses for the usage model demo, the server needs to be configured to specify
		how licenses are generated for each of the four usage models. This is done by
		specifying a policy for each usage model. The Reference Implementation includes
		four sample policies (<filepath>dto-policy.pol</filepath>, 
		<filepath>vod-policy.pol</filepath>, 
		<filepath>sub-policy.pol</filepath>, 
		<filepath>ad-policy.pol</filepath>) or you may substitute your own
		policies. In 
		<filepath>flashaccess-refimpl.properties</filepath>, set the following
		properties to specify the policy to use for each usage model and place the
		policy files in the directory specified by the 
		<codeph
		 class="+ topic/ph pr-d/codeph ">config.resourcesDirectory</codeph> property:
	 </p> 
	 <codeblock xml:space="preserve" class="+ topic/pre pr-d/codeblock "># Policy file name for Download To Own usage 
RefImpl.UsageModelDemo.Policy.DTO=dto-policy.pol 
# Policy file name for Rental usage 
RefImpl.UsageModelDemo.Policy.VOD=vod-policy.pol 
# Policy file name for Subscription usage 
RefImpl.UsageModelDemo.Policy.Subscribe=sub-policy.pol 
# Policy file name for Ad Supported (free) usage 
RefImpl.UsageModelDemo.Policy.Free=ad-policy.pol</codeblock> 
  </conbody> 
</concept> 
