<?xml version="1.0" encoding="UTF-8"?>
<!DOCTYPE concept PUBLIC "-//OASIS//DTD DITA Concept//EN" "concept.dtd">
<concept id="c_xgep_using-aaxs-ref-impl-deploying-license-server-and-wfp">
  
  <title class="- topic/title ">Deploying the license server and watched folder
	 packager overview</title> 
  <conbody> 
	 <p class="- topic/p ">Copy the license server WAR files to Tomcat's 
		<filepath>webapps</filepath> directory. If you have previously deployed
		the WAR file, you may need to manually delete the unpacked WAR directories
		(<filepath>flashaccess</filepath>, 
		<filepath>edcws</filepath>, and 
		<filepath>flashaccess-packager</filepath> in Tomcat's 
		<filepath>webapps</filepath> directory). To prevent Tomcat from unpacking
		WAR files, edit the 
		<filepath>server.xml</filepath> file in Tomcat's conf directory and set
		the 
		<codeph>unpackWARs</codeph> attribute to 
		<codeph>false</codeph>. 
	 </p> 
	 <p class="- topic/p ">The properties file
		(<filepath>flashaccess-refimpl.properties</filepath>) must be on the classpath
		for the server to load the properties. Copy this file to a directory and update
		the file with the appropriate values. Edit the 
		<filepath>catalina.properties</filepath> file in Tomcat's 
		<filepath>conf</filepath> directory and add the directory containing 
		<filepath>flashaccess-refimpl.properties</filepath> to the 
		<codeph>shared.loader</codeph> property. The 
		<filepath>log4j.xml</filepath> file for configuring logging must also be
		on the classpath (see 
		<filepath>resources\log4j.xml</filepath> for an example). 
	 </p> 
	 <p class="- topic/p ">The reference implementation server uses several
		certificate files, policy files, and other resources. Those files are all
		located in one resource folder. By default, the resource folder is 
		<filepath>C:\flashaccess-server-resources</filepath>, but this location
		can be modified in 
		<filepath>flashaccess-refimpl.properties</filepath>. Be sure to copy all
		the required resources to this location before starting the server. 
	 </p> 
	 <p class="- topic/p ">To start Tomcat and the license server, run 
		<codeph>catalina.bat start</codeph> from Tomcat's 
		<filepath>bin</filepath> directory. 
	 </p> 
  </conbody> 
</concept> 
