<?xml version="1.0" encoding="UTF-8"?>
<!DOCTYPE concept PUBLIC "-//OASIS//DTD DITA Concept//EN" "concept.dtd">
<concept
 id="c_xgep_using-aaxs-ref-impl-fam-air-app-usage-bld-fam-air-app"> 
  <title class="- topic/title ">Building the Flash Access Manager AIR
	 Application</title> 
  <conbody> 
	 <p class="- topic/p ">To build the Flash Access Manager AIR file from the
		source code, you need the Flex and AIR SDK installed on your machine. Before
		you can package and run the application, you must compile the MXML code into a
		SWF file using the 
		<filepath>amxmlc</filepath> compiler. The 
		<filepath>amxmlc</filepath> compiler can be found in the 
		<filepath>bin</filepath> directory of the Flex 4 or later SDK. If
		desired, you can set your path environment variable to include the Flex SDK bin
		directory to make it easier to run the utilities on the command line.
	 </p> 
	 <p class="- topic/p ">Use the following procedure to build the Flash Access
		Manager AIR file:
	 </p> 
	 <ol class="- topic/ol " id="ol_e2q_wbz_n4"> 
		<li class="- topic/li " id="li_8819549EB52E4EBAB5A222B483FE4463">Open a
		  command shell or a terminal and navigate to the project folder of the Flash
		  Access Manager AIR application (<filepath>UI Tools\Flash Access
			 Manager</filepath> in the Reference Implementation directory).
		</li> 
		<li class="- topic/li " id="li_5C51C2B897FD452C8D47ED81F6A97425">Enter
		  the following command:
		  <codeblock xml:space="preserve" class="+ topic/pre pr-d/codeblock ">amxmlc src\FlashAccessmanager.mxml</codeblock>
		  <p class="- topic/p ">Running 
			 <filepath>amxmlc</filepath> produces 
			 <filepath>FlashAccessManager.swf</filepath>, which contains the
			 compiled code of the application.
		  </p>
		</li> 
	 </ol> 
	 <p class="- topic/p ">The Adobe AIR SDK includes the AIR Developer Tool
		(ADT) utility to package AIR applications and generate certificates. AIR
		applications should be digitally signed; users will receive a warning when
		installing applications that are not properly signed or are not signed at all.
		To generate a certificate using the command line, open a console window in the
		same folder as your AIR application and type the following:
	 </p> 
	 <codeblock xml:space="preserve" class="+ topic/pre pr-d/codeblock ">adt -certificate -cn SelfSigned 1024-RSA testCert.pfx <i class="+ topic/ph hi-d/i ">some_password</i></codeblock> 
	 <p class="- topic/p ">Substitute 
		<i class="+ topic/ph hi-d/i ">some_password</i> with a password of your
		choice. After a few seconds, ADT should complete its certificate generation
		process and you should have a new 
		<filepath>testCert.pfx</filepath> file in your application directory.
	 </p> 
	 <p class="- topic/p ">Next, use ADT to package the application into an 
		<filepath>.air</filepath> file, by using the command:
	 </p> 
	 <codeblock xml:space="preserve" class="+ topic/pre pr-d/codeblock ">adt -package -storetype pkcs12 -keystore testCert.pfx FlashAccessManager.air src\FlashAccessManager-app.xml . -C src assets</codeblock> 
	 <p class="- topic/p ">This command tells ADT to package your application,
		using the key file in 
		<filepath>testCert.pfx</filepath>. In the line above, you configure ADT
		to package your entire application into a file named 
		<filepath>FlashAccessManager.air</filepath>, and to include the files 
		<filepath>FlashAccessManager-app.xml</filepath> and 
		<filepath>FlashAccessManager.swf</filepath> and the images from the
		assets directory.
	 </p> 
	 <p class="- topic/p ">As part of this process, you'll be prompted for the
		password that you set for your new certificate file. Enter it, wait a moment,
		and a 
		<filepath>FlashAccessManager.air</filepath> file should appear in the
		same directory as your project files.
	 </p> 
  </conbody> 
</concept> 
