<?xml version="1.0" encoding="UTF-8"?>
<!DOCTYPE concept PUBLIC "-//OASIS//DTD DITA Concept//EN" "concept.dtd">
<concept
 id="c_xgep_using-aaxs-ref-impl-fam-air-app-usage-bld-pkg-srv-air-app"> 
  <title class="- topic/title ">Building the Packager Server and AIR
	 Application</title> 
  <conbody> 
	 <p class="- topic/p ">There are two components required to use the Flash
		Access Manager: 
	 <ul id="ul_xlj_ht1_p4"> 
		<li id="li_7BE496A237DF4C22B771BAEBE3DFE01E">The Flash Access Manager AIR
		  application 
		</li> 
		<li id="li_769BAA16AF744029841EA2ADC981F2D1">The Packager Server
		  (<filepath>flashaccess-packager.war</filepath>)
		</li> 
	 </ul>Both components are distributed in both source and binary forms with
	 the Reference Implementation.
	 </p> 
  </conbody> 
</concept> 
