<?xml version="1.0" encoding="UTF-8"?>
<!DOCTYPE concept PUBLIC "-//OASIS//DTD DITA Concept//EN" "concept.dtd">
<concept
 id="c_xgep_using-aaxs-ref-impl-impl-domain-registration-anonymous-domains">
  
  <title class="- topic/title ">Anonymous Domains</title> 
  <conbody> 
	 <p class="- topic/p ">In this use case, a large number of devices belong to
		a single domain, and authentication may not be required. To use this type of
		domain with the reference implementation, create the policy specifying that the
		domain registration is required. Specify the domain server URL as 
		<filepath>http://host:port/flashaccess/domainserver/domainname/</filepath>
		and specify anonymous authentication.
	 </p> 
	 <p class="- topic/p ">The reference implementation implements the following
		logic for domain registration:
	 <ol class="- topic/ol " id="ol_ezy_l1z_n4"> 
		<li class="- topic/li " id="li_C3315AD107F4410DB338A08F9E7DC53E">Parse
		  the domain name from the request URL.
		</li> 
		<li class="- topic/li " id="li_8533C71BF366420ABEFF0FD2682E861F">Lookup
		  the domain name in the 
		  <codeph class="+ topic/ph pr-d/codeph ">DomainServerInfo</codeph>
		  table. If an entry is not found, insert an entry into the table (default
		  values: authentication is not required and no membership maximum).
		</li> 
		<li class="- topic/li " id="li_95057958744B4357B853F6D89B470E38">If
		  authentication is required for the requested domain, make sure a valid
		  authentication token was included in the request, and match the Auth Namespace,
		  if specified in the database.
		  <ol class="- topic/ol " id="ol_uzy_l1z_n4"> 
			 <li class="- topic/li " id="li_A6DDB187599E47EC888740BCC55B10F8">If
				authentication is required but no valid auth token was provided, return error 
				<codeph>DOM_AUTHENTICATION_REQUIRED (503)</codeph>.
			 </li> 
		  </ol>
		</li> 
		<li class="- topic/li " id="li_1B5E77F8CA4641EDA3413A8FBB7817A1">Check if
		  the device has already registered with the domain:
		  <ol class="- topic/ol " id="ol_e1z_l1z_n4"> 
			 <li class="- topic/li "
			  id="li_1CDD206E22FE45ECB2F73B4DBE72A2AE">Lookup the domain name in the 
				<codeph class="+ topic/ph pr-d/codeph ">DomainMembership</codeph>
				table. For each machine GUID found, compare with the machine GUID in the
				request. If this is a new machine, add an entry to the 
				<codeph class="+ topic/ph pr-d/codeph ">DomainMembership</codeph>
				table.
			 </li> 
			 <li class="- topic/li " id="li_7255625C54D443E2A04E577C74FB7F54">If
				it is a new device and Max Membership has already been reached, return error 
				<codeph>DOM_LIMIT_REACHED (502)</codeph>.
			 </li> 
		  </ol>
		</li> 
		<li class="- topic/li " id="li_9B1D2844F8924ADF8BF486FF890A9F98">Lookup
		  all the domain keys for this domain in the 
		  <codeph>DomainKeys</codeph> table.
		  <ol class="- topic/ol " id="ol_p1z_l1z_n4"> 
			 <li class="- topic/li " id="li_3D82981D214845FE911B0B89AD73D797">If 
				<codeph class="+ topic/ph pr-d/codeph ">DomainServerInfo</codeph>
				indicates the keys need to be rolled over, generate a new key pair, save it in
				the 
				<codeph class="+ topic/ph pr-d/codeph ">DomainKeys</codeph> table
				(with key version one higher than the highest existing key), and reset the 
				<codeph>Key Rollover Required</codeph> flag in 
				<codeph class="+ topic/ph pr-d/codeph ">DomainServerInfo</codeph>.
			 </li> 
			 <li class="- topic/li " id="li_6F78528E3ED34232A49FF38687C90423">For
				each domain key, generate a domain credential.
			 </li> 
		  </ol>
		</li> 
	 </ol>
	 </p> 
	 <p class="- topic/p ">The reference implementation implements the following
		logic for domain de-registration:
	 <ol class="- topic/ol " id="ol_z1z_l1z_n4"> 
		<li class="- topic/li " id="li_1BC796B70AA0457B9A8B93C3A4EC0396">Parse
		  the domain name from the request URL.
		</li> 
		<li class="- topic/li " id="li_3CEDEE6E72E149C0984B99EB2FBD15C4">Lookup
		  the requested domain name in the 
		  <codeph class="+ topic/ph pr-d/codeph ">DomainServerInfo</codeph>
		  table.
		</li> 
		<li class="- topic/li " id="li_E386D2F21A804AD7AB0A1ED9F0AF3D73">If
		  authentication is required for the requested domain, make sure a valid
		  authentication token was included in the request, and match the Auth Namespace,
		  if specified in the database.
		</li> 
		<li class="- topic/li " id="li_1000712E5F584DEE8D3033C3FDE7C186">Lookup
		  the domain name and machine GUID in the 
		  <codeph class="+ topic/ph pr-d/codeph ">DomainMembership</codeph>
		  table. If a matching entry is not found, return error 
		  <codeph>DEREG_DENIED (401)</codeph>.
		</li> 
		<li class="- topic/li " id="li_A082685FA7984DA9BB8E80F497D348FD">If this
		  is not a preview request, delete the entry from 
		  <codeph class="+ topic/ph pr-d/codeph ">DomainMembership</codeph> and
		  set the 
		  <codeph>Key Rollover Required</codeph> flag in 
		  <codeph class="+ topic/ph pr-d/codeph ">DomainServerInfo</codeph>.
		</li> 
	 </ol>
	 </p> 
	 <p class="- topic/p ">In this use case, since a large number of machines
		could join the domain, completely matching the machine ID is not possible.
		Instead, the random machine GUID assigned to the machine during
		individualization is used.
	 </p> 
  </conbody> 
</concept> 
