<?xml version="1.0" encoding="UTF-8"?>
<!DOCTYPE concept PUBLIC "-//OASIS//DTD DITA Concept//EN" "concept.dtd">
<concept
 id="c_xgep_using-aaxs-ref-impl-impl-domain-registration-id-based-domains">
  
  <title class="- topic/title ">Identity-based domains</title> 
  <conbody> 
	 <p class="- topic/p ">In this use case, each authenticated user has his own
		domain, and a certain number of devices are allowed to join the domain. To use
		this type of domain with the reference implementation, create a policy
		specifying domain registration is required. Specify your server’s host and port
		for the domain server URL and specify username/password authentication is
		required.
	 </p> 
	 <p class="- topic/p ">The reference implementation implements the following
		logic for domain registration:
	 <ol class="- topic/ol " id="ol_jsw_h1z_n4"> 
		<li class="- topic/li "
		 id="li_387FAB678B12497B997B0476FE1EEBA8">Determine the domain name to assign to
		  this user. The domain name will be 
		  <i class="+ topic/ph hi-d/i "><codeph
			 class="+ topic/ph pr-d/codeph ">namequalifier:username</codeph></i> extracted
		  from the authentication token. If there is no authentication token, return
		  error DOM_AUTHENTICATION_REQUIRED (503).
		</li> 
		<li class="- topic/li " id="li_11E96D39E2D94031A7EB39F837B95759">Lookup
		  the domain name in the 
		  <codeph class="+ topic/ph pr-d/codeph ">DomainServerInfo</codeph>
		  table. If an entry is not found, insert an entry into the table (default values
		  are authentication required, max domain membership=5).
		</li> 
		<li class="- topic/li " id="li_B90917F655D441F9A17C0C37D0BCD8D8">Check if
		  the device has already registered with the domain:
		  <ol class="- topic/ol " id="ol_atw_h1z_n4"> 
			 <li class="- topic/li "
			  id="li_DB4B201071F94C7280A441823ECB0A58">Lookup the domainname in the 
				<codeph
				 class="+ topic/ph pr-d/codeph ">UserDomainMembership</codeph> table. For each
				machine ID found, compare with the machine ID in the request. If this is a new
				machine, add an entry to the 
				<codeph
				 class="+ topic/ph pr-d/codeph ">UserDomainMembership</codeph> table. Next, find
				the matching records in 
				<codeph class="+ topic/ph pr-d/codeph ">UserDomainRefCount</codeph>
				table. If an entry does not exist for this machine GUID, add a record.
			 </li> 
			 <li class="- topic/li " id="li_32E2F3AF967042598118E09B3DEAA0DC">If
				it is a new device and Max Membership has already been reached, return error
				DOM_LIMIT_REACHED (502).
			 </li> 
		  </ol>
		</li> 
		<li class="- topic/li " id="li_CBD2EFEF9DBB4820A6F64FBD1E721257">Lookup
		  all the domain keys for this domain in the DomainKeys table.
		  <ol class="- topic/ol " id="ol_ltw_h1z_n4"> 
			 <li class="- topic/li " id="li_8CC0C8EE1500487C81C3DD6C89A2E427">If 
				<codeph class="+ topic/ph pr-d/codeph ">DomainServerInfo</codeph>
				indicates that the keys need to be rolled over, generate a new key pair, save
				it in the 
				<codeph class="+ topic/ph pr-d/codeph ">DomainKeys</codeph> table
				(with key version one higher than the highest existing key), and reset the “Key
				Rollover Required” flag in 
				<codeph class="+ topic/ph pr-d/codeph ">DomainServerInfo</codeph>.
			 </li> 
			 <li class="- topic/li " id="li_984F2B14ACF148FB9BD2210F8CFD8CFA">For
				each domain key, generate a domain credential.
			 </li> 
		  </ol>
		</li> 
	 </ol>
	 </p> 
	 <p class="- topic/p ">The reference implementation, implements the
		following logic for domain de-registration:
	 <ol class="- topic/ol " id="ol_vtw_h1z_n4"> 
		<li class="- topic/li "
		 id="li_321F869D4DBD42429682805232DE33B1">Determine the domain name to assign to
		  this user. The domain name will be 
		  <i class="+ topic/ph hi-d/i ">namequalifier:username</i> extracted from
		  the authentication token. If there is no authentication token, return error
		  DOM_AUTHENTICATION_REQUIRED (503).
		</li> 
		<li class="- topic/li " id="li_BEAE384BFAB14EDDA251A27B69AC9262">Lookup
		  the requested domain name in the 
		  <codeph class="+ topic/ph pr-d/codeph ">DomainServerInfo</codeph>
		  table.
		</li> 
		<li class="- topic/li " id="li_66029A8518244446AF87C7F045436670">Lookup
		  the domain name in the 
		  <codeph class="+ topic/ph pr-d/codeph ">UserDomainMembership</codeph>
		  table. For each machine ID found, compare with the machine ID in the request.
		  Find the corresponding entry in the 
		  <codeph class="+ topic/ph pr-d/codeph ">UserDomainRefCount</codeph>
		  table. If a matching entry is not found, return error DEREG_DENIED (401).
		</li> 
		<li class="- topic/li " id="li_F63763FF72E94B569C59D290E06F21D2">If this
		  is not a preview request, delete the entry from 
		  <codeph class="+ topic/ph pr-d/codeph ">UserDomainRefCount</codeph>
		  table. If there are no more entries in that table for the machine, delete the
		  entry from 
		  <codeph class="+ topic/ph pr-d/codeph ">UserDomainMembership</codeph>
		  and set the “Key Rollover Required” flag in 
		  <codeph class="+ topic/ph pr-d/codeph ">DomainServerInfo</codeph>.
		</li> 
	 </ol>
	 </p> 
	 <p class="- topic/p ">In this use case, each user is allowed to register a
		small number of machines, so we can use the full machine ID and the 
		<codeph class="+ topic/ph pr-d/codeph ">matches()</codeph> method to
		accurately count machines. However, since the user could register multiple
		times on this machine (through multiple AIR applications or Players in
		different browsers), the server also needs to maintain a reference count, so
		that the de-registration can be counted accurately. The de-registration cannot
		be considered complete, until all the domain tokens on the machine are
		surrendered.
	 </p> 
  </conbody> 
</concept> 
