<?xml version="1.0" encoding="UTF-8"?>
<!DOCTYPE concept PUBLIC "-//OASIS//DTD DITA Concept//EN" "concept.dtd">
<concept id="c_xgep_using-aaxs-ref-impl-impl-domain-registration"> 
  <title class="- topic/title ">Implementing domain registration</title> 
  <conbody> 
	 <p class="- topic/p ">The reference implementation license server
		demonstrates two variations on domain registration business logic. A typical
		domain server would implement only one of these workflows:
	 <ul class="- topic/ul " id="ul_zjy_11z_n4"> 
		<li class="- topic/li "
		 id="li_1161112E80A54E58B8916D23DE216220">Identity-based domains
		</li> 
		<li class="- topic/li "
		 id="li_FA891A44A8B34E20A54F8C956A56B56A">Anonymous domains
		</li> 
	 </ul>
	 </p> 
  </conbody> 
</concept> 
