<?xml version="1.0" encoding="UTF-8"?>
<!DOCTYPE concept PUBLIC "-//OASIS//DTD DITA Concept//EN" "concept.dtd">
<concept
 id="c_xgep_using-aaxs-ref-impl-initial-fam-usage-basic-policy-options"> 
  <title class="- topic/title ">Basic Policy Options</title> 
  <conbody> 
	 <p class="- topic/p ">The following table describes the Basic Policy
		preferences:
	 </p> 
	 <table frame="all" colsep="1" rowsep="1"
	  class="+ topic/table adobe-d/table " id="table_f2w_xdz_n4"> 
		<tgroup cols="3" colsep="1" rowsep="1" outputclass="Table.format"
		 class="- topic/tgroup "> 
		  <colspec colnum="1" colname="1" colwidth="1.389in"
			class="- topic/colspec "/> 
		  <colspec colnum="2" colname="2" colwidth="1.389in"
			class="- topic/colspec "/> 
		  <colspec colnum="3" colname="3" colwidth="2.278in"
			class="- topic/colspec "/> 
		  <thead class="- topic/thead "> 
			 <row rowsep="1" class="- topic/row "> 
				<entry namest="1" nameend="2" class="- topic/entry ">Preference
				</entry> 
				<entry colname="3" class="- topic/entry ">Description
				</entry> 
			 </row> 
		  </thead> 
		  <tbody class="- topic/tbody "> 
			 <row rowsep="1" class="- topic/row "> 
				<entry namest="1" nameend="2" class="- topic/entry ">Policy
				  Duration
				</entry> 
				<entry colname="3" class="- topic/entry ">Specifies the validity
				  period of content protected with this policy.
				</entry> 
			 </row> 
			 <row rowsep="1" class="- topic/row "> 
				<entry colname="1" class="- topic/entry "/> 
				<entry colname="2" class="- topic/entry ">Start at
				</entry> 
				<entry colname="3" class="- topic/entry ">Licenses cannot be used
				  until this date/time.
				</entry> 
			 </row> 
			 <row rowsep="1" class="- topic/row "> 
				<entry colname="1" class="- topic/entry "/> 
				<entry colname="2" class="- topic/entry ">End at
				</entry> 
				<entry colname="3" class="- topic/entry ">Licenses cannot be used
				  after this date/time.
				</entry> 
			 </row> 
			 <row rowsep="1" class="- topic/row "> 
				<entry colname="1" class="- topic/entry "/> 
				<entry colname="2" class="- topic/entry ">End after
				</entry> 
				<entry colname="3" class="- topic/entry ">Specifies the amount of
				  time a license is valid (in minutes), starting from the time it is packaged.
				</entry> 
			 </row> 
			 <row rowsep="1" class="- topic/row "> 
				<entry namest="1" nameend="2" class="- topic/entry ">License
				  Caching
				</entry> 
				<entry colname="3" class="- topic/entry ">Specifies whether
				  licenses may be cached by the client.
				</entry> 
			 </row> 
			 <row rowsep="1" class="- topic/row "> 
				<entry colname="1" class="- topic/entry "/> 
				<entry colname="2" class="- topic/entry "/> 
				<entry colname="3" class="- topic/entry ">Licenses cannot be used
				  after this date/time.
				</entry> 
			 </row> 
			 <row rowsep="1" class="- topic/row "> 
				<entry colname="1" class="- topic/entry "/> 
				<entry colname="2" class="- topic/entry ">Delete after
				</entry> 
				<entry colname="3" class="- topic/entry ">Specifies the amount of
				  time a license is valid (in minutes), starting from the time it the license is
				  issued by the license server.
				</entry> 
			 </row> 
			 <row rowsep="1" class="- topic/row "> 
				<entry colname="1" class="- topic/entry "/> 
				<entry colname="2" class="- topic/entry ">Cache Indefinitely
				</entry> 
				<entry colname="3" class="- topic/entry ">License may be cached on
				  the client indefinitely.
				</entry> 
			 </row> 
			 <row rowsep="1" class="- topic/row "> 
				<entry colname="1" class="- topic/entry "/> 
				<entry colname="2" class="- topic/entry ">No License Caching
				</entry> 
				<entry colname="3" class="- topic/entry ">License may not be cached
				  by the client. A new license must be obtained from the server each time the
				  user plays the content.
				</entry> 
			 </row> 
			 <row rowsep="1" class="- topic/row "> 
				<entry namest="1" nameend="2" class="- topic/entry ">Authentication
				</entry> 
				<entry colname="3" class="- topic/entry "/> 
			 </row> 
			 <row rowsep="1" class="- topic/row "> 
				<entry colname="1" class="- topic/entry "/> 
				<entry colname="2" class="- topic/entry ">Anonymous
				</entry> 
				<entry colname="3" class="- topic/entry ">No authentication is
				  required to view the content.
				</entry> 
			 </row> 
			 <row rowsep="1" class="- topic/row "> 
				<entry colname="1" class="- topic/entry "/> 
				<entry colname="2" class="- topic/entry ">Authenticated
				</entry> 
				<entry colname="3" class="- topic/entry ">Username/password
				  authentication is required.
				</entry> 
			 </row> 
			 <row rowsep="0" class="- topic/row "> 
				<entry namest="1" nameend="2" class="- topic/entry ">Enable License
				  Chaining
				</entry> 
				<entry colname="3" class="- topic/entry ">Allows a license to be
				  updated using a parent root license for batch updating of licenses. Once the
				  leaf license expires, the server may issue the client a root license, which
				  will renew all content protected with this policy.
				</entry> 
			 </row> 
		  </tbody> 
		</tgroup> 
	 </table> 
  </conbody> 
</concept> 
