<?xml version="1.0" encoding="UTF-8"?>
<!DOCTYPE concept PUBLIC "-//OASIS//DTD DITA Concept//EN" "concept.dtd">
<concept
 id="c_xgep_using-aaxs-ref-impl-initial-fam-usage-watched-folders"> 
  <title class="- topic/title ">Watched Folders</title> 
  <conbody> 
	 <p class="- topic/p ">You can use Watched Folders to automatically package
		content created in certain folders. Each Watched Folder can be configured with
		different packaging options. To test packaging options before creating a
		Watched Folder, use the Package Media tab.
	 </p> 
	 <p class="- topic/p ">To create a Watched Folder, click 
		<uicontrol>Add New Watched Folder</uicontrol> and fill in the packaging
		options. See the 
		<xref
		 href="c_xgep_using-aaxs-for-protecting-content-packaging-media-files.xml"
		 class="- topic/xref ">Packaging media files</xref> section for a description of
		each option. When done, click 
		<uicontrol>Save Watched Folder Properties</uicontrol>.
	 </p> 
	 <p class="- topic/p ">When a Watched Folder is saved, the packaging options
		are saved to 
		<i class="+ topic/ph hi-d/i ">[Input
		  Folder]</i><filepath>\properties\watchfolder.properties</filepath>. Any content
		added to the Input Folder which meets the Input Media File Selection criteria
		will automatically be packaged and placed in the Output Folder. See the Global
		Watched Folder Preferences in the section 
		<xref
		 href="c_xgep_using-aaxs-ref-impl-initial-fam-setup-pkg-prefs.xml">Packager
		  Preferences</xref> to configure additional Watched Folder options.
	 </p> 
	 <p class="- topic/p ">To modify Watched Folder settings, select the Watched
		Folder input path from the list at the top of the screen. Modify the settings
		and click 
		<uicontrol>Save Watched Folder Properties</uicontrol>.
	 </p> 
	 <p class="- topic/p ">To delete a Watched Folder, select the Watched Folder
		input path from the list at the top of the screen and click 
		<uicontrol outputclass="">Delete Watched Folder Properties</uicontrol>.
	 </p> 
  </conbody> 
</concept> 
