<?xml version="1.0" encoding="UTF-8"?>
<!DOCTYPE concept PUBLIC "-//OASIS//DTD DITA Concept//EN" "concept.dtd">
<concept
 id="c_xgep_using-aaxs-ref-impl-initial-fam-usage-policy-custom-data"> 
  <title class="- topic/title ">Custom Data</title> 
  <conbody> 
	 <p class="- topic/p ">The following table describes the Custom Data
		preferences:
	 </p> 
	 <table frame="all" colsep="1" rowsep="1"
	  class="+ topic/table adobe-d/table " id="table_mbf_l2z_n4"> 
		<tgroup cols="2" colsep="1" rowsep="1" outputclass="Table.format"
		 class="- topic/tgroup "> 
		  <colspec colnum="1" colname="1" colwidth="1.667in"
			class="- topic/colspec "/> 
		  <colspec colnum="2" colname="2" colwidth="3.389in"
			class="- topic/colspec "/> 
		  <thead class="- topic/thead "> 
			 <row rowsep="1" class="- topic/row "> 
				<entry colname="1" class="- topic/entry ">Preference
				</entry> 
				<entry colname="2" class="- topic/entry ">Description
				</entry> 
			 </row> 
		  </thead> 
		  <tbody class="- topic/tbody "> 
			 <row rowsep="1" class="- topic/row "> 
				<entry colname="1" class="- topic/entry ">Custom Policy Properties
				</entry> 
				<entry colname="2" class="- topic/entry ">Specify custom
				  properties, which the license server may use when issuing licenses.
				</entry> 
			 </row> 
			 <row rowsep="0" class="- topic/row "> 
				<entry colname="1" class="- topic/entry ">Custom License Properties
				</entry> 
				<entry colname="2" class="- topic/entry ">Specify custom
				  properties, which will appear in the license issued to the client. Client
				  applications will have access to these properties.
				</entry> 
			 </row> 
		  </tbody> 
		</tgroup> 
	 </table> 
  </conbody> 
</concept> 
