<?xml version="1.0" encoding="UTF-8"?>
<!DOCTYPE concept PUBLIC "-//OASIS//DTD DITA Concept//EN" "concept.dtd">
<concept id="c_xgep_using-aaxs-ref-impl-initial-fam-usage-pkg-media"> 
  <title class="- topic/title ">Package media</title> 
  <conbody> 
	 <p class="- topic/p ">Use the Package Media tab to package content. The
		Packager Properties section displays the Packager settings that were entered in
		the Preferences tab. To modify these settings, go to the Preferences tab,
		change the settings, and Save.
	 </p> 
	 <p class="- topic/p ">If you want to package a single FLV or F4V file,
		choose the 
		<uicontrol>Select Single File</uicontrol> option and enter the full path
		to the source file and full path where the encrypted file should be saved.
	 </p> 
	 <p class="- topic/p ">If you want to package all files in a folder, choose
		the 
		<uicontrol>Select Single Folder</uicontrol> option. Specify the folder
		containing the source files. Only files in the Input Folder matching the 
		<uicontrol>Input Media File Selection</uicontrol> criteria will be
		packaged (files in subfolders are not packaged). Choose to encrypt 
		<filepath>.flv</filepath> files, 
		<filepath>.f4v</filepath> files, or enter a custom regular expression
		(for example ".*" encrypts all files in the folder). The encrypted files will
		be saved in the specified output folder, using the same filename as the
		original file.
	 </p> 
	 <note class="- topic/note ">File paths must refer to files available to the
		packaging server. If you are running the Flash Access Manager on a different
		machine than the packaging server, you must specify a path that is accessible
		by the server (either located on a network drive or on the server itself).
	 </note> 
	 <p class="- topic/p ">The following table describes the Package Media
		preferences:
	 </p> 
	 <table frame="all" colsep="1" rowsep="1"
	  class="+ topic/table adobe-d/table " id="table_kzx_bfz_n4"> 
		<tgroup cols="2" colsep="1" rowsep="1" outputclass="Table.format"
		 class="- topic/tgroup "> 
		  <colspec colnum="1" colname="1" colwidth="1.667in"
			class="- topic/colspec "/> 
		  <colspec colnum="2" colname="2" colwidth="3.389in"
			class="- topic/colspec "/> 
		  <thead class="- topic/thead "> 
			 <row rowsep="1" class="- topic/row "> 
				<entry colname="1" class="- topic/entry ">Preference
				</entry> 
				<entry colname="2" class="- topic/entry ">Description
				</entry> 
			 </row> 
		  </thead> 
		  <tbody class="- topic/tbody "> 
			 <row rowsep="1" class="- topic/row "> 
				<entry colname="1" class="- topic/entry ">Policy File Name(s)
				</entry> 
				<entry colname="2" class="- topic/entry ">Select one or more
				  policies from the drop-down list to apply to the content. To select multiple
				  policies, hold down the CTRL key while selecting policies.
				</entry> 
			 </row> 
			 <row rowsep="1" class="- topic/row "> 
				<entry colname="1" class="- topic/entry ">Seconds Unencrypted
				</entry> 
				<entry colname="2" class="- topic/entry ">Specifies the number of
				  seconds of content to leave unencrypted at the beginning of the file. To
				  encrypt starting from the beginning, enter "0".
				</entry> 
			 </row> 
			 <row rowsep="1" class="- topic/row "> 
				<entry colname="1" class="- topic/entry ">Encrypt Video
				</entry> 
				<entry colname="2" class="- topic/entry ">Select this checkbox to
				  encrypt video data
				</entry> 
			 </row> 
			 <row rowsep="1" class="- topic/row "> 
				<entry colname="1" class="- topic/entry ">Encryption Level
				</entry> 
				<entry colname="2" class="- topic/entry ">If video encryption is
				  enabled, select the encryption level for video data. High encrypts all video
				  data. Medium and Low selectively encrypt portions of the video. (Only for F4V
				  with H.264 video)
				</entry> 
			 </row> 
			 <row rowsep="1" class="- topic/row "> 
				<entry colname="1" class="- topic/entry ">Encrypt Audio
				</entry> 
				<entry colname="2" class="- topic/entry ">Select this checkbox to
				  encrypt audio data
				</entry> 
			 </row> 
			 <row rowsep="1" class="- topic/row "> 
				<entry colname="1" class="- topic/entry ">Encrypt Script
				</entry> 
				<entry colname="2" class="- topic/entry ">Select this checkbox to
				  encrypt script data (FLV only)
				</entry> 
			 </row> 
			 <row rowsep="0" class="- topic/row "> 
				<entry colname="1" class="- topic/entry ">Custom Properties
				</entry> 
				<entry colname="2" class="- topic/entry ">Specify custom properties
				  to include in the packaged content. These properties will be available to the
				  license server when issuing a license. (Optional)
				</entry> 
			 </row> 
		  </tbody> 
		</tgroup> 
	 </table> 
	 <p class="- topic/p ">After the packaging options are selected, click the 
		<uicontrol>Package Media</uicontrol> button to begin packaging the files.
	 </p> 
  </conbody> 
</concept> 
