<?xml version="1.0" encoding="UTF-8"?>
<!DOCTYPE concept PUBLIC "-//OASIS//DTD DITA Concept//EN" "concept.dtd">
<concept id="c_xgep_using-aaxs-ref-impl-initial-fam-setup">
 <title class="- topic/title ">Initial Flash Access Manager setup</title>
 <shortdesc/>
 <conbody>
  <p class="- topic/p ">Use the following procedure to set up Flash Access Manager:</p>
  <ol class="- topic/ol " id="ol_clh_ccz_n4">
   <li class="- topic/li ">Deploy the Packager Server. This server should only be available to users
    within your firewall (do not deploy this software on a public-facing machine). For more
    information on deploying the server, see <xref
     href="c_xgep_using-aaxs-ref-impl-deploying-license-server-and-wfp.xml">Deploying the
     license server and watched folder packager</xref>.<ul class="- topic/ul " id="ul_mlh_ccz_n4">
     <li class="- topic/li ">Copy <filepath>flashaccess-packager.war</filepath> to Tomcat's webapps
      folder.</li>
     <li class="- topic/li ">Copy <filepath>flashaccess-refimpl-packager.properties</filepath> from
      resources to a location on the classpath.</li>
     <li class="- topic/li ">Start the server. You will see some errors due to problems in the
      properties file; this is expected since the properties have not been filled in yet.</li>
    </ul></li>
   <li class="- topic/li ">Install the Flash Access Manager AIR application by launching the
     <filepath>.air</filepath> file (requires AIR 1.5 or higher).</li>
   <li class="- topic/li ">Launch the Flash Access Manager AIR application.<p class="- topic/p ">If
     your server is running somewhere other than <filepath>http://localhost:8080</filepath>, you see
     errors stating that the application cannot connect to the server. Dismiss the error dialog and
     fill in the correct URL for the Packager Server URL in the Preferences Tab. If the server is
     running at the specified URL and the properties file is on the classpath, the Preferences
     screen will be populated with the values in the properties file. After you set the packager
     server URL, the AIR application remembers this setting, and you will not have to enter it the
     next time you launch the application.</p></li>
   <li class="- topic/li ">Fill in the values in the Preferences tab and click
     <uicontrol>Save</uicontrol>. </li>
   <li class="- topic/li ">If you want to use the Watched Folders, you will need to restart the
    server to recover from the errors you saw in Step 3. If the preferences are configured properly,
    no errors should appear during startup.</li>
  </ol>
 </conbody>
</concept>
