<?xml version="1.0" encoding="UTF-8"?>
<!DOCTYPE concept PUBLIC "-//OASIS//DTD DITA Concept//EN" "concept.dtd">
<concept id="concept_esn_fdz_n4"> 
  <title class="- topic/title ">HSM Preferences</title> 
  <conbody> 
	 <p class="- topic/p ">Preferences in this tab only need to be specified if
		the 
		<uicontrol>Enable HSM</uicontrol> checkbox is selected in the Packager
		tab. The following table describes these preferences:
	 </p> 
	 <table frame="all" colsep="1" rowsep="1"
	  class="+ topic/table adobe-d/table " id="table_gjc_hdz_n4"> 
		<tgroup cols="2" colsep="1" rowsep="1" outputclass="Table.format"
		 class="- topic/tgroup "> 
		  <colspec colnum="1" colname="1" colwidth="1.667in"
			class="- topic/colspec "/> 
		  <colspec colnum="2" colname="2" colwidth="3.389in"
			class="- topic/colspec "/> 
		  <thead class="- topic/thead "> 
			 <row rowsep="1" class="- topic/row "> 
				<entry colname="1" class="- topic/entry ">Preference
				</entry> 
				<entry colname="2" class="- topic/entry ">Description
				</entry> 
			 </row> 
		  </thead> 
		  <tbody class="- topic/tbody "> 
			 <row rowsep="1" class="- topic/row "> 
				<entry colname="1" class="- topic/entry ">Sun PKCS#11 Config File
				  Name
				</entry> 
				<entry colname="2" class="- topic/entry ">The full path to the Sun
				  PKCS#11 provider's configuration file. See the Java PKCS#11 Reference Guide on
				  Sun's website for details on the contents of this configuration file.
				</entry> 
			 </row> 
			 <row rowsep="1" class="- topic/row "> 
				<entry colname="1" class="- topic/entry ">Partition Password
				</entry> 
				<entry colname="2" class="- topic/entry ">The password for the HSM
				  partition specified in the PKCS#11 configuration file.
				</entry> 
			 </row> 
			 <row rowsep="1" class="- topic/row "> 
				<entry colname="1" class="- topic/entry ">License Server
				  Certificate Alias
				</entry> 
				<entry colname="2" class="- topic/entry ">Alias for Adobe-issued
				  license server certificate stored on HSM. This certificate is used to encrypt
				  the CEK during packaging. Specify this instead of 
				  <i>License Server Certificate</i> in the Packager tab.
				</entry> 
			 </row> 
			 <row rowsep="1" class="- topic/row "> 
				<entry colname="1" class="- topic/entry ">License Server Transport
				  Certificate Alias
				</entry> 
				<entry colname="2" class="- topic/entry ">Alias for Adobe-issued
				  server transport certificate stored on HSM. This certificate is used to secure
				  communications between the client and license server. Specify this instead of 
				  <i>License Server Transport Certificate</i> in the Packager tab.
				</entry> 
			 </row> 
			 <row rowsep="1" class="- topic/row "> 
				<entry colname="1" class="- topic/entry ">Packager Credential Alias
				</entry> 
				<entry colname="2" class="- topic/entry ">Alias for Adobe-issued
				  packager credential (certificate and private key) stored on HSM. This is used
				  to sign the metadata during packaging. Specify this instead of 
				  <i>Packager Credential</i> in the Packager tab.
				</entry> 
			 </row> 
			 <row rowsep="0" class="- topic/row "> 
				<entry colname="1" class="- topic/entry ">License Server Credential
				  Alias
				</entry> 
				<entry colname="2" class="- topic/entry ">Alias for Adobe-issued
				  license server credential (certificate and private key) stored on HSM. This
				  credential is used to sign Policy Update Lists. Specify this instead of 
				  <i>License Server Credential</i> in the Policy Update List tab.
				  (This alias will likely be the same as 
				  <i>License Server Certificate Alias</i>.)
				</entry> 
			 </row> 
		  </tbody> 
		</tgroup> 
	 </table> 
  </conbody> 
</concept> 
