<?xml version="1.0" encoding="UTF-8"?>
<!DOCTYPE concept PUBLIC "-//OASIS//DTD DITA Concept//EN" "concept.dtd">
<concept
 id="c_xgep_using-aaxs-ref-impl-initial-fam-usage-policy-create-new"> 
  <title class="- topic/title ">Create a new policy</title> 
  <shortdesc>Before any content can be packaged, one or more policies must be
	 created. For an overview of the usage rules that may be specified in a policy,
	 see Usage rules in the 
	 <i>Overview of the Adobe Access SDK</i>.
  </shortdesc> 
  <conbody> 
	 <p class="- topic/p ">To create a new policy, click New and enter a policy
		name. Fill in the desired policy attributes (all settings are optional). When
		done, click 
		<uicontrol>Save</uicontrol>. The policy will be saved as 
		<filepath>policyname.pol</filepath> in the Resource Directory.
	 </p> 
  </conbody> 
</concept> 
