<?xml version="1.0" encoding="UTF-8"?>
<!DOCTYPE concept PUBLIC "-//OASIS//DTD DITA Concept//EN" "concept.dtd">
<concept
 id="c_xgep_using-aaxs-ref-impl-initial-fam-usage-policy-update-list"> 
  <title class="- topic/title ">Policy update list</title> 
  <conbody> 
	 <p class="- topic/p ">You can use Policy Update Lists to communicate policy
		changes to a License Server. If a policy is modified after it is used to
		package content, it is desirable to have the License Server aware of the most
		recent version of the policy, so that version can be used to issue a license.
	 </p> 
	 <p class="- topic/p ">To create a Policy Update List for the first time,
		click 
		<uicontrol>Add policies</uicontrol> to view all available policies on the
		server. For any policies that have been updated since they were used to package
		content, select the 
		<uicontrol>update</uicontrol> radio button.
	 </p> 
	 <p class="- topic/p ">If you no longer want to use a policy to issue any
		licenses and the policy was already used to package content, you may wish to
		revoke the policy. To do so, select the 
		<uicontrol>revoke</uicontrol> radio button. When the desired policies
		have been selected, choose 
		<uicontrol>Create Policy Update List</uicontrol>. A file called 
		<filepath>PolicyUpdateList.dat</filepath> will be saved in the 
		<filepath>Resources</filepath> Directory.
	 </p> 
	 <p class="- topic/p ">To modify an existing Policy Update List, click 
		<uicontrol>Add policies</uicontrol> to view all available policies on the
		server. Choose the additional policies to add or revoke. Existing entries in
		the Policy Update List can be changed in the upper section of the screen.
		Policies that are marked 
		<uicontrol>updated</uicontrol> may be changed to 
		<uicontrol>revoked</uicontrol>, but once a policy is 
		<uicontrol>revoked</uicontrol>, it cannot be changed back to 
		<uicontrol>updated</uicontrol>.
	 </p> 
	 <p class="- topic/p ">When the desired changes have been made, choose 
		<uicontrol>Create Policy Update List</uicontrol>, and the 
		<filepath>PolicyUpdateList.dat</filepath> file is regenerated. If a
		policy is already in the policy update list and was updated since the last time
		the list was generated, the most recent version of the policy will be used when
		the Policy Update List is generated again.
	 </p> 
  </conbody> 
</concept> 
