<?xml version="1.0" encoding="UTF-8"?>
<!DOCTYPE concept PUBLIC "-//OASIS//DTD DITA Concept//EN" "concept.dtd">
<concept
 id="c_xgep_using-aaxs-ref-impl-initial-fam-usage-policy-play-rights"> 
  <title class="- topic/title ">Play Rights</title> 
  <conbody> 
	 <p class="- topic/p ">The following table describes the Play Rights
		preferences:
	 </p> 
	 <table frame="all" colsep="1" rowsep="1"
	  class="+ topic/table adobe-d/table " id="table_p1j_d2z_n4"> 
		<tgroup cols="3" colsep="1" rowsep="1" outputclass="Table.format"
		 class="- topic/tgroup "> 
		  <colspec colnum="1" colname="1" colwidth="1.389in"
			class="- topic/colspec "/> 
		  <colspec colnum="2" colname="2" colwidth="1.389in"
			class="- topic/colspec "/> 
		  <colspec colnum="3" colname="3" colwidth="2.278in"
			class="- topic/colspec "/> 
		  <thead class="- topic/thead "> 
			 <row rowsep="1" class="- topic/row "> 
				<entry namest="1" nameend="2" class="- topic/entry ">Preference
				</entry> 
				<entry colname="3" class="- topic/entry ">Description
				</entry> 
			 </row> 
		  </thead> 
		  <tbody class="- topic/tbody "> 
			 <row rowsep="1" class="- topic/row "> 
				<entry namest="1" nameend="2" class="- topic/entry ">Playback
				  Window
				</entry> 
				<entry colname="3" class="- topic/entry ">The duration a license is
				  valid (in minutes) after the first time the user plays the protected content.
				</entry> 
			 </row> 
			 <row rowsep="1" class="- topic/row "> 
				<entry namest="1" nameend="2" class="- topic/entry ">Output
				  Protection
				</entry> 
				<entry colname="3" class="- topic/entry ">Controls whether output
				  to external rendering devices should be protected. Analog and digital outputs
				  can be specified independently.
				</entry> 
			 </row> 
			 <row rowsep="1" class="- topic/row "> 
				<entry namest="1" nameend="2" class="- topic/entry ">Restrictions
				</entry> 
				<entry colname="3" class="- topic/entry ">Blacklist of client
				  versions not permitted to play content. All columns are optional.
				</entry> 
			 </row> 
			 <row rowsep="1" class="- topic/row "> 
				<entry colname="1" class="- topic/entry "/> 
				<entry colname="2" class="- topic/entry ">DRM
				</entry> 
				<entry colname="3" class="- topic/entry ">Specifies a list of DRM
				  versions that are not permitted to play protected content.
				</entry> 
			 </row> 
			 <row rowsep="1" class="- topic/row "> 
				<entry colname="1" class="- topic/entry "/> 
				<entry colname="2" class="- topic/entry ">Runtime
				</entry> 
				<entry colname="3" class="- topic/entry ">Specifies a list of
				  Runtime versions that are not permitted to play protected content.
				</entry> 
			 </row> 
			 <row rowsep="1" class="- topic/row "> 
				<entry namest="1" nameend="2" class="- topic/entry ">Minimum
				  Security Level
				</entry> 
				<entry colname="3" class="- topic/entry "/> 
			 </row> 
			 <row rowsep="1" class="- topic/row "> 
				<entry colname="1" class="- topic/entry "/> 
				<entry colname="2" class="- topic/entry ">DRM
				</entry> 
				<entry colname="3" class="- topic/entry ">Minimum DRM security
				  level required to play protected content.
				</entry> 
			 </row> 
			 <row rowsep="1" class="- topic/row "> 
				<entry colname="1" class="- topic/entry "/> 
				<entry colname="2" class="- topic/entry ">Runtime
				</entry> 
				<entry colname="3" class="- topic/entry ">Minimum Runtime security
				  level required to play protected content.
				</entry> 
			 </row> 
			 <row rowsep="1" class="- topic/row "> 
				<entry namest="1" nameend="2" class="- topic/entry "> 
				  <p class="- topic/p ">Allowed Applications
				  </p> 
				</entry> 
				<entry colname="3" class="- topic/entry ">Whitelist of client
				  applications permitted to play content. If not applications are specified, any
				  SWF or AIR application is allowed.
				</entry> 
			 </row> 
			 <row rowsep="1" class="- topic/row "> 
				<entry colname="1" class="- topic/entry "/> 
				<entry colname="2" class="- topic/entry ">SWF
				</entry> 
				<entry colname="3" class="- topic/entry ">List of SWF URLs
				  permitted to play protected content.
				</entry> 
			 </row> 
			 <row rowsep="0" class="- topic/row "> 
				<entry colname="1" class="- topic/entry "/> 
				<entry colname="2" class="- topic/entry ">AIR
				</entry> 
				<entry colname="3" class="- topic/entry ">List of AIR applications
				  permitted to play protected content. Publisher ID is required, the remaining
				  fields are optional.
				</entry> 
			 </row> 
		  </tbody> 
		</tgroup> 
	 </table> 
	 <p class="- topic/p ">Flash Access Manager supports policies containing
		multiple Play Rights. To create a policy with more than one Play Right, use the
		"Add additional Play Right" button, and fill in the desired attributes for each
		Play Right.
	 </p> 
	 <p class="- topic/p ">When consuming a license, the client uses the first
		Play Right for which it meets all the requirements. Multiple play rights may be
		used to specify different restrictions for different operating systems. For
		example, it is possible to specify one right with Output Protection required
		for Windows (by blacklisting DRM versions on Macintosh and Linux) and to
		specify a second right with Output Protection "Use if available" on other
		platforms (by blacklisting DRM versions on Windows).
	 </p> 
  </conbody> 
</concept> 
