<?xml version="1.0" encoding="UTF-8"?>
<!DOCTYPE concept PUBLIC "-//OASIS//DTD DITA Concept//EN" "concept.dtd">
<concept id="c_xgep_using-aaxs-ref-impl-initial-fam-setup-set-prefs"> 
  <title class="- topic/title ">Setting preferences overview</title> 
  <conbody> 
	 <p class="- topic/p ">With the exception of the Packager Server URL, all
		the preferences specified below are stored in the 
		<filepath>flashaccess-refimpl-packager.properties</filepath> file on the
		server. All the settings can be modified either directly in the properties file
		or through the AIR application. Passwords are encrypted when they are stored in
		the properties file on the server. Type the unencrypted password into the UI,
		and it will be encrypted before it is stored in the file. 
	 </p> 
	 <note class="- topic/note ">All directories and paths refer to directories
		on the packager server, not on the client running the AIR application. 
	 </note> 
	 <p class="- topic/p ">Any changes made here take effect immediately once
		the preferences are saved. There is no need to restart the server unless the
		Packager Thread terminated due to configuration problems. 
	 </p> 
	 <p class="- topic/p ">The preference descriptions use the following terms: 
	 </p> 
	 <table frame="all" colsep="1" rowsep="1"
	  class="+ topic/table adobe-d/table " id="table_tj5_hcz_n4"> 
		<tgroup cols="2" colsep="1" rowsep="1" outputclass="Table.format"
		 class="- topic/tgroup "> 
		  <colspec colnum="1" colname="1" colwidth="1.667in"
			class="- topic/colspec "/> 
		  <colspec colnum="2" colname="2" colwidth="3.389in"
			class="- topic/colspec "/> 
		  <thead class="- topic/thead "> 
			 <row rowsep="1" class="- topic/row "> 
				<entry colname="1" class="- topic/entry ">Preference 
				</entry> 
				<entry colname="2" class="- topic/entry ">Description 
				</entry> 
			 </row> 
		  </thead> 
		  <tbody class="- topic/tbody "> 
			 <row rowsep="1" class="- topic/row "> 
				<entry colname="1" class="- topic/entry ">Packager Server URL 
				</entry> 
				<entry colname="2" class="- topic/entry ">Location of server
				  running 
				  <filepath>flashaccess-packager.war</filepath>; for example, 
				  <filepath>http://localhost:8080</filepath> 
				</entry> 
			 </row> 
			 <row rowsep="1" class="- topic/row "> 
				<entry colname="1" class="- topic/entry ">Resource Directory 
				</entry> 
				<entry colname="2" class="- topic/entry ">Directory containing
				  policies, certificates, credentials, and any other resources required for the
				  packager server 
				</entry> 
			 </row> 
			 <row rowsep="0" class="- topic/row "> 
				<entry colname="1" class="- topic/entry ">License Server URL 
				</entry> 
				<entry colname="2" class="- topic/entry "> 
				  <p class="- topic/p ">URL of the server from which the client
					 should request a license; for example, 
					 <filepath>http://mylicenseserver.com:8080</filepath> 
				  </p> 
				</entry> 
			 </row> 
		  </tbody> 
		</tgroup> 
	 </table> 
  </conbody> 
</concept> 
