<?xml version="1.0" encoding="UTF-8"?>
<!DOCTYPE concept PUBLIC "-//OASIS//DTD DITA Concept//EN" "concept.dtd">
<concept id="c_xgep_using-aaxs-ref-impl-initial-fam-setup-pul-prefs"> 
  <title class="- topic/title ">Policy Update List Preferences</title> 
  <conbody> 
	 <p class="- topic/p ">This tab contains settings required for creating
		Policy Update Lists. The following table describes the preferences:
	 </p> 
	 <table frame="all" colsep="1" rowsep="1"
	  class="+ topic/table adobe-d/table " id="table_u3q_cdz_n4"> 
		<tgroup cols="2" colsep="1" rowsep="1" outputclass="Table.format"
		 class="- topic/tgroup "> 
		  <colspec colnum="1" colname="1" colwidth="1.667in"
			class="- topic/colspec "/> 
		  <colspec colnum="2" colname="2" colwidth="3.389in"
			class="- topic/colspec "/> 
		  <thead class="- topic/thead "> 
			 <row rowsep="1" class="- topic/row "> 
				<entry colname="1" class="- topic/entry ">Preference
				</entry> 
				<entry colname="2" class="- topic/entry ">Description
				</entry> 
			 </row> 
		  </thead> 
		  <tbody class="- topic/tbody "> 
			 <row rowsep="1" class="- topic/row "> 
				<entry colname="1" class="- topic/entry ">License Server Credential
				</entry> 
				<entry colname="2" class="- topic/entry ">The License Server
				  credential, issued by Adobe. This credential is used to sign Policy Update
				  Lists.
				</entry> 
			 </row> 
			 <row rowsep="1" class="- topic/row "> 
				<entry colname="1" class="- topic/entry ">File Name
				</entry> 
				<entry colname="2" class="- topic/entry ">The PKCS#12
				  (<filepath>.pfx</filepath>) file containing certificate and private key. The
				  file must be located in the 
				  <filepath>Resource</filepath> Directory.
				</entry> 
			 </row> 
			 <row rowsep="0" class="- topic/row "> 
				<entry colname="1" class="- topic/entry ">File Password
				</entry> 
				<entry colname="2" class="- topic/entry ">The password for 
				  <filepath>.pfx</filepath> file
				</entry> 
			 </row> 
		  </tbody> 
		</tgroup> 
	 </table> 
  </conbody> 
</concept> 
