<?xml version="1.0" encoding="UTF-8"?>
<!DOCTYPE concept PUBLIC "-//OASIS//DTD DITA Concept//EN" "concept.dtd">
<concept
 id="c_xgep_using-aaxs-ref-impl-initial-fam-usage-policy-update-existing"> 
  <title class="- topic/title ">Update an existing policy</title> 
  <conbody> 
	 <p class="- topic/p ">To update an existing policy, choose the filename
		from the drop down list and click 
		<uicontrol>Open</uicontrol>. Modify any desired policy attributes. All
		attributes can be modified except those related to Authentication and License
		Chaining.
	 </p> 
	 <p class="- topic/p ">When done, click 
		<uicontrol>Save</uicontrol>. The policy file in the 
		<filepath>Resource</filepath> Directory will be replaced with the updated
		version.
	 </p> 
	 <note class="- topic/note ">Even if the policy name is changed, the name of
		the file in the 
		<filepath>Resource</filepath> Directory will not be modified.
	 </note> 
  </conbody> 
</concept> 
