<?xml version="1.0" encoding="UTF-8"?>
<!DOCTYPE concept PUBLIC "-//OASIS//DTD DITA Concept//EN" "concept.dtd">
<concept id="c_xgep_using-aaxs-ref-impl-initial-fam-setup-pkg-prefs"> 
  <title class="- topic/title ">Packager Preferences</title> 
  <conbody> 
	 <p class="- topic/p ">This tab contains settings required for packaging
		content. The following table describes these preferences:
	 </p> 
	 <table frame="all" colsep="1" rowsep="1"
	  class="+ topic/table adobe-d/table " id="table_vw3_rcz_n4"> 
		<tgroup cols="3" colsep="1" rowsep="1" outputclass="Table.format"
		 class="- topic/tgroup "> 
		  <colspec colnum="1" colname="1" colwidth="1.389in"
			class="- topic/colspec "/> 
		  <colspec colnum="2" colname="2" colwidth="1.389in"
			class="- topic/colspec "/> 
		  <colspec colnum="3" colname="3" colwidth="2.278in"
			class="- topic/colspec "/> 
		  <thead class="- topic/thead "> 
			 <row rowsep="1" class="- topic/row "> 
				<entry namest="1" nameend="2" class="- topic/entry ">Preference
				</entry> 
				<entry colname="3" class="- topic/entry ">Description
				</entry> 
			 </row> 
		  </thead> 
		  <tbody class="- topic/tbody "> 
			 <row rowsep="1" class="- topic/row "> 
				<entry namest="1" nameend="2" class="- topic/entry ">License Server
				  Transport Certificate
				</entry> 
				<entry colname="3" class="- topic/entry ">The server transport
				  certificate, issued by Adobe. This certificate is used to secure communications
				  between the client and license server. The file must be located in the Resource
				  Directory.
				</entry> 
			 </row> 
			 <row rowsep="1" class="- topic/row "> 
				<entry namest="1" nameend="2" class="- topic/entry ">Enable HSM
				</entry> 
				<entry colname="3" class="- topic/entry ">Specifies whether
				  certificates and credentials are stored on an HSM. If so, preferences related
				  to certificates and credentials will be disabled, and the properties on the HSM
				  tab must be specified.
				</entry> 
			 </row> 
			 <row rowsep="1" class="- topic/row "> 
				<entry namest="1" nameend="2" class="- topic/entry ">Key Encryption
				  Options
				</entry> 
				<entry colname="3" class="- topic/entry ">Specifies how the Content
				  Encryption Key is encrypted at packaging time
				</entry> 
			 </row> 
			 <row rowsep="1" class="- topic/row "> 
				<entry colname="1" class="- topic/entry "/> 
				<entry colname="2" class="- topic/entry ">License Server
				  Certificate
				</entry> 
				<entry colname="3" class="- topic/entry ">The License Server
				  Certificate, issued by Adobe. The file must be located in the Resource
				  Directory. The CEK is encrypted with the public key of the license server. Only
				  holders of the license server private key may decrypt the CEK.
				</entry> 
			 </row> 
			 <row rowsep="1" class="- topic/row "> 
				<entry namest="1" nameend="2" class="- topic/entry "> 
				  <p class="- topic/p ">Packager Credential
				  </p> 
				</entry> 
				<entry colname="3" class="- topic/entry ">The packager credential,
				  issued by Adobe. This file is used to sign the metadata during packaging.
				</entry> 
			 </row> 
			 <row rowsep="1" class="- topic/row "> 
				<entry colname="1" class="- topic/entry "/> 
				<entry colname="2" class="- topic/entry ">File Name
				</entry> 
				<entry colname="3" class="- topic/entry ">The PKCS#12
				  (<filepath>.pfx</filepath>) file containing certificate and private key. The
				  file must be located in the 
				  <filepath>Resource</filepath> Directory.
				</entry> 
			 </row> 
			 <row rowsep="1" class="- topic/row "> 
				<entry colname="1" class="- topic/entry "/> 
				<entry colname="2" class="- topic/entry ">File Password
				</entry> 
				<entry colname="3" class="- topic/entry ">Password for 
				  <filepath>.pfx</filepath> file
				</entry> 
			 </row> 
			 <row rowsep="1" class="- topic/row "> 
				<entry namest="1" nameend="2" class="- topic/entry ">Global Watched
				  Folder Properties
				</entry> 
				<entry colname="3" class="- topic/entry ">Specifies settings common
				  to all Watched Folders configured on this server.
				</entry> 
			 </row> 
			 <row rowsep="1" class="- topic/row "> 
				<entry colname="1" class="- topic/entry "/> 
				<entry colname="2" class="- topic/entry ">Check Interval in
				  Milliseconds
				</entry> 
				<entry colname="3" class="- topic/entry ">Specifies how often
				  Watched Folders should check for new content to package. The server iterates
				  through all the configured Watched Folders, then sleeps for this amount of
				  time.
				</entry> 
			 </row> 
			 <row rowsep="1" class="- topic/row "> 
				<entry colname="1" class="- topic/entry "/> 
				<entry colname="2" class="- topic/entry ">Output File Name Suffix
				</entry> 
				<entry colname="3" class="- topic/entry ">Specifies a file
				  extension to add to output files. For example, if 
				  <filepath>.out</filepath> is specified and the input file is 
				  <filepath>video.flv</filepath>, the output file would be 
				  <filepath>video.out.flv</filepath>.
				</entry> 
			 </row> 
			 <row rowsep="1" class="- topic/row "> 
				<entry colname="1" class="- topic/entry "/> 
				<entry colname="2" class="- topic/entry ">Backup Input Files
				</entry> 
				<entry colname="3" class="- topic/entry ">Specifies whether a copy
				  of the original content should be saved. If this option is not selected, the
				  original file will be deleted after packaging has been completed successfully.
				</entry> 
			 </row> 
			 <row rowsep="1" class="- topic/row "> 
				<entry colname="1" class="- topic/entry "/> 
				<entry colname="2" class="- topic/entry ">Input Backup Subfolder
				  Name
				</entry> 
				<entry colname="3" class="- topic/entry ">If the Backup Input Files
				  option is selected, specifies a folder where input files will be saved. This
				  option specifies a folder name relative to the Watched Folder input directory.
				  If the folder does not exist, it will be created during packaging.
				</entry> 
			 </row> 
			 <row rowsep="0" class="- topic/row "> 
				<entry colname="1" class="- topic/entry "/> 
				<entry colname="2" class="- topic/entry ">Overwrite Existing Output
				  Files
				</entry> 
				<entry colname="3" class="- topic/entry ">Specifies whether the
				  output file may be overwritten if a file already exists with the same name. If
				  this option is not selected and the output file already exists, processing of
				  the input file will be skipped.
				</entry> 
			 </row> 
		  </tbody> 
		</tgroup> 
	 </table> 
  </conbody> 
</concept> 
