<?xml version="1.0" encoding="UTF-8"?>
<!DOCTYPE concept PUBLIC "-//OASIS//DTD DITA Concept//EN" "concept.dtd">
<concept
 id="c_xgep_using-aaxs-ref-impl-installing-the-command-line-tools"> 
  <title>Installing the command line tools </title> 
  <conbody> 
	 <p>You can copy the files you need from the 
		<filepath>\Reference Implementation\Command Line Tools</filepath>
		directory on the DVD, which contains the default 
		<filepath>flashaccesstools.properties</filepath> configuration file, and
		a 
		<filepath>libs</filepath> directory, which contains the JAR files for the
		tools. 
	 </p> 
	 <p>The 
		<filepath>samples</filepath> directory contains several sample Java
		source files demonstrating usage of the Adobe Access SDK APIs. To build and run
		the samples, use the 
		<filepath>build-samples.xml</filepath> Ant script.
	 </p> 
  </conbody> 
</concept> 
