<?xml version="1.0" encoding="UTF-8"?>
<!DOCTYPE concept PUBLIC "-//OASIS//DTD DITA Concept//EN" "concept.dtd">
<concept
 id="c_xgep_using-aaxs-ref-impl-license-server-setting-up-db-jndi.xml"> 
  <title class="- topic/title ">Setting up the database and configuring the
	 JNDI datasource</title> 
  <conbody> 
	 <p class="- topic/p ">The reference implementation license server requires
		a database to support the following features:
	 </p> 
	 <ul class="- topic/ul " id="ul_aft_gxy_n4"> 
		<li class="- topic/li " id="li_D5FA2849CB0444168E1ADFF110153BF2">User
		  authentication
		</li> 
		<li class="- topic/li " id="li_76ED4367358B4A878F3E6213494577A7">Usage
		  model demo business rules
		</li> 
		<li class="- topic/li " id="li_2555C33FDA824DBCBB951DEA9ED9EB75">Metadata
		  conversion
		</li> 
		<li class="- topic/li " id="li_B9EC1735415C40999F3D9CCC12372D6F">Domain
		  support
		</li> 
	 </ul> 
	 <p class="- topic/p ">Anonymous license acquisition does not require a
		database to be running.
	 </p> 
	 <note class="- topic/note ">The instructions in this section are for the
		Microsoft Windows platform. For other operating systems, see the documentation
		for your operating system or see the MySQL documentation.
	 </note> 
	 <p class="- topic/p ">To run the license server, you will need to install
		and configure MySQL 5.1.34:
	 </p> 
	 <ol class="- topic/ol " id="ol_vft_gxy_n4"> 
		<li class="- topic/li " id="li_A53DE9BA3A4541D98FD8300557C77557">Run the
		  MySQL installer (found in the Third Party\MySQL\Installer\5.1 folder on the
		  DVD).
		</li> 
		<li class="- topic/li " id="li_392AB0804CD14C1FA0A1A0689341DD80">At the
		  end of the installation procedure, check 
		  <uicontrol>Configure MySQL Server Now</uicontrol> to start the
		  configuration wizard. Use the default settings or select specific settings for
		  your testing purposes, with the exception that on the 5th screen you must
		  select 
		  <uicontrol>Online Transaction Processing (OLTP)</uicontrol> or 
		  <uicontrol>Manual Setting</uicontrol> and enter the maximum number of
		  connections allowed.
		</li> 
		<li class="- topic/li " id="li_813DAB30D7AC4798BFC1A04CC888B441"> 
		  <p class="- topic/p ">Make a note of the root password.
		  </p> 
		</li> 
		<li class="- topic/li " id="li_C1B422FFD55D42A0BB7F5227D276C258"> 
		  <p class="- topic/p ">If you need to re-install MySQL, follow these
			 steps to avoid problems in starting the server afterward:
		  </p> 
		  <ul class="- topic/ul " id="ul_qgt_gxy_n4"> 
			 <li class="- topic/li "
			  id="li_A33F5C18996C4D96A57EED13203ACCCE">Delete the folder 
				<i>system drive:</i><filepath>\Documents and Settings\All
				  Users\Application Data\MySQL</filepath>.
			 </li> 
			 <li class="- topic/li "
			  id="li_80D0991A34F04EF4B23F27719938533D">Delete the old MySQL install folder:
				for example, 
				<i>system drive:</i><filepath>\Program Files\MySQL\MySQL Server
				  5.1</filepath>.
			 </li> 
		  </ul> 
		</li> 
	 </ol> 
	 <p class="- topic/p ">Next, you will need to install MySQL JDBC Driver
		5.1.7. To do this, copy 
		<filepath>mysql-connector-java-5.1.7-bin.jar</filepath> (found in the 
		<filepath>Third Party\MySQL\Installer\5.1</filepath> folder on the DVD)
		to Tomcat Server lib directory: 
		<filepath>...\Tomcat6.0\lib</filepath>.
	 </p> 
	 <note class="- topic/note ">MySQL JDBC Driver 5.1.7 works with Tomcat 6.0.
		Older versions of Tomcat are not supported.
	 </note> 
	 <p class="- topic/p ">Set up the sample database by setting up the database
		schema and populating the database with sample data. To do this, perform the
		following steps:
	 </p> 
	 <ol class="- topic/ol " id="ol_aht_gxy_n4"> 
		<li class="- topic/li " id="li_A4A8C0BDE48D4D7D8756830268C87180">Go to 
		  <menucascade> 
			 <uicontrol>Window's Start Menu 
			 </uicontrol> 
			 <uicontrol>MySQL</uicontrol> 
			 <uicontrol>MySQL Server 5.1</uicontrol> 
			 <uicontrol>MySQL Command Line Client</uicontrol> 
		  </menucascade>.
		</li> 
		<li class="- topic/li " id="li_CAEC69245C384664AB9F3E5B5A7BF893">After
		  typing in the password, execute the following SQL script to add the user
		  account 
		  <codeph class="+ topic/ph pr-d/codeph ">dbuser</codeph> for
		  establishing a connection through a web application and create database schema
		  (make sure that there is no ";" at the end. Just press enter.):
		  <codeblock xml:space="preserve" class="+ topic/pre pr-d/codeblock ">    mysql&gt; source “Reference Implementation\Server\dbscript\createsampledb.sql”</codeblock>
		</li> 
		<li class="- topic/li " id="li_F4D4C9E40F354C94BF026D6CD6C1B0AC">Edit the
		  script that populates sample data in the tables to include data for your
		  testing purposes: 
		  <filepath>Reference
			 Implementation\Server\dbscript\PopulateSampleDB.sql</filepath>.
		</li> 
		<li class="- topic/li " id="li_98ECBB573DDD444F861A244993E39502">Execute
		  this script to populate the data as you did in Step 2.
		</li> 
	 </ol> 
	 <note class="- topic/note ">The first time you run the 
		<filepath>CreateSampleDB.sql</filepath> script you will receive the
		following error:
	 </note> 
	 <p class="- topic/p "><i class="+ topic/ph hi-d/i ">ERROR 1396 (HY000):
		  Operation DROP USER failed for 'dbuser'@'localhost' Query OK, 0 rows affected
		  (0.00 sec).</i>
	 </p> 
	 <p class="- topic/p ">You can safely ignore this error. This only happens
		the first time you run this script.
	 </p> 
	 <p class="- topic/p ">At this point you will need to configure Database
		Connection Pooling (DBCP). DBCP uses the Jakarta-Commons Database Connection
		Pool. A JNDI Datasource TestDB is configured to take advantage of this
		application server connection pooling. To change database connection to point
		to a MySQL server that is not on localhost, modify the 
		<filepath>META-INF\context.xml</filepath> file (which specifies the
		location, username, and password of the license server's database) located in 
		<filepath>flashaccess.war</filepath>, or modify 
		<filepath>\Reference
		  Implementation\Server\refimpl\WebContent\META-INF\context.xml</filepath> and
		recreate the WAR file using the updated files. To change any of these
		parameters, edit the 
		<filepath>context.xml</filepath> located in the WebContent directory and
		use the Ant script to recreate the WAR file. To tune the database, change the
		JNDI datasource settings in this file.
	 </p> 
	 <p class="- topic/p ">If you debug the Reference Implementation project
		within Eclipse, you need to add 
		<codeph>$CATALINA_HOME\lib\tomcat-dbcp.jar</codeph> to your run/debug
		configuration. This step is not required if you run the 
		<filepath>flashaccess.war</filepath> file on a standalone Tomcat 6.0
		server.
	 </p> 
  </conbody> 
</concept> 
