<?xml version="1.0" encoding="UTF-8"?>
<!DOCTYPE concept PUBLIC "-//OASIS//DTD DITA Concept//EN" "concept.dtd">
<concept
 id="c_xgep_using-aaxs-ref-impl-license-embedder-command-line-usage"> 
  <title class="- topic/title ">Command line usage</title> 
  <conbody> 
	 <p class="- topic/p ">To embed a license, use the following syntax: 
	 </p> 
	 <p class="- topic/p "> 
		<codeblock xml:space="preserve" class="+ topic/pre pr-d/codeblock ">    java -jar AdobeLicenseEmbedder.jar <i class="+ topic/ph hi-d/i ">sourcefile destfile [options]</i></codeblock> 
	 </p> 
	 <p class="- topic/p "> 
	 <ul class="- topic/ul " id="ul_wml_2sy_n4"> 
		<li class="- topic/li " id="li_247C9FECD703417599B7B0CF22FCE90B"> 
		  <p class="- topic/p "><codeph
			 class="+ topic/ph pr-d/codeph ">sourcefile</codeph> is an encrypted FLV or F4V
			 file. 
		  </p> 
		</li> 
		<li class="- topic/li " id="li_68CF1506C96B4DE79F64A7F40625C1E7"> 
		  <p class="- topic/p "><codeph
			 class="+ topic/ph pr-d/codeph ">destfile</codeph> specifies where the encrypted
			 content with the embedded license will be written. If a directory is specified,
			 the file will be saved in this directory using the same filename as the source
			 file, but the directory must not be the directory which contains the source
			 file. 
		  </p> 
		</li> 
	 </ul> 
	 </p> 
	 <p class="- topic/p ">The following table describes the command line
		options that can be specified along with the syntax previously mentioned: 
	 </p> 
	 <table frame="all" colsep="1" rowsep="1"
	  class="+ topic/table adobe-d/table " id="table_hnl_2sy_n4"> 
		<tgroup cols="2" colsep="1" rowsep="1" outputclass="Table.format"
		 class="- topic/tgroup "> 
		  <colspec colnum="1" colname="1" colwidth="2.000in"
			class="- topic/colspec "/> 
		  <colspec colnum="2" colname="2" colwidth="3.056in"
			class="- topic/colspec "/> 
		  <thead class="- topic/thead "> 
			 <row rowsep="1" class="- topic/row "> 
				<entry colname="1" class="- topic/entry "> 
				  <p class="- topic/p ">Command Line Option 
				  </p> 
				</entry> 
				<entry colname="2" class="- topic/entry "> 
				  <p class="- topic/p ">Description 
				  </p> 
				</entry> 
			 </row> 
		  </thead> 
		  <tbody class="- topic/tbody "> 
			 <row rowsep="1" class="- topic/row "> 
				<entry colname="1" class="- topic/entry "><codeph
				  class="+ topic/ph pr-d/codeph ">-l license-filename</codeph> 
				</entry> 
				<entry colname="2" class="- topic/entry ">Name of the file
				  containing license to embed. Multiple 
				  <codeph>-l</codeph> options may be specified to embed multiple
				  licenses. 
				</entry> 
			 </row> 
			 <row rowsep="1" class="- topic/row "> 
				<entry colname="1" class="- topic/entry "><codeph
				  class="+ topic/ph pr-d/codeph ">-m 
					 <i>metadata-filename</i></codeph> 
				</entry> 
				<entry colname="2" class="- topic/entry ">Specify the content
				  metadata for which to generate a license. (Required to generate license) 
				</entry> 
			 </row> 
			 <row rowsep="1" class="- topic/row "> 
				<entry colname="1"
				 class="- topic/entry "><codeph>-noprompt</codeph> 
				</entry> 
				<entry colname="2" class="- topic/entry ">Do not ask if the
				  destination file should be overwritten. If the destination file already exists
				  and 
				  <codeph>-o</codeph> is not set, an error will be returned. 
				</entry> 
			 </row> 
			 <row rowsep="0" class="- topic/row "> 
				<entry colname="1" class="- topic/entry "><codeph>-o</codeph> 
				</entry> 
				<entry colname="2" class="- topic/entry ">If the destination file
				  already exists, overwrite it without prompting. 
				</entry> 
			 </row> 
		  </tbody> 
		</tgroup> 
	 </table> 
  </conbody> 
</concept> 
