<?xml version="1.0" encoding="UTF-8"?>
<!DOCTYPE concept PUBLIC "-//OASIS//DTD DITA Concept//EN" "concept.dtd">
<concept id="c_xgep_using-aaxs-ref-impl-license-server-hsm-config"> 
  <title class="- topic/title ">HSM configuration</title> 
  <conbody> 
	 <p class="- topic/p ">Use of an HSM is not required, but it is recommended.
		The reference implementation can be configured to use the Sun PKCS11 provider
		for HSM support. In order to use a credential on an HSM, you must create a
		configuration file for the Sun PKCS11 provider. See the Sun documentation for
		details. To verify that your HSM and Sun PKCS11 configuration file are
		configured properly, you can use the following command (keytool is installed
		with the Java JDK):
	 </p> 
	 <codeblock xml:space="preserve" class="+ topic/pre pr-d/codeblock ">    keytool -keystore NONE -storetype PKCS11 -providerClass sun.security.pkcs11.SunPKCS11 
        -providerArg pkcs11.cfg -list</codeblock> 
	 <p class="- topic/p ">If you see your credentials in the list, the HSM is
		configured properly.
	 </p> 
	 <note class="- topic/note ">As of Java 1.7, 64-bit Sun Java for Windows
		does not support the PKCS11 interfaces that Adobe Access DRM requires in order
		to communicate with HSM devices. If you plan to use an HSM, please use a 32-bit
		version of Java, or use a JDK that supports the full PKCS11 interfaces.
	 </note> 
  </conbody> 
</concept> 
