<?xml version="1.0" encoding="UTF-8"?>
<!DOCTYPE concept PUBLIC "-//OASIS//DTD DITA Concept//EN" "concept.dtd">
<concept
 id="c_xgep_using-aaxs-ref-impl-license-server-config-prep-pws-for-server-props-files">
  
  <title class="- topic/title ">Preparing passwords for the Server properties
	 files</title> 
  <conbody> 
	 <p class="- topic/p ">To ensure the security of your credential’s password,
		a tool is provided to encrypt the password before it is entered into the 
		<filepath>flashaccess-refimpl.properties</filepath> or 
		<filepath>flashaccess-refimpl-packager.properties</filepath> file.
	 </p> 
	 <p class="- topic/p ">To run the tool using the ANT script provided:
	 <ul class="- topic/ul " id="ul_ft4_bwy_n4"> 
		<li class="- topic/li " id="li_C69C0EDD680C4267AC28AA9AD3F06866">Go to 
		  <i class="+ topic/ph hi-d/i ">&lt;Reference Implementation Server
			 Path&gt;</i><filepath>\refimpl</filepath>
		</li> 
		<li class="- topic/li " id="li_3B0AB995B2EB44BF869EEE20132E7629"> 
		  <p class="- topic/p ">Ensure the 
			 <codeph>sdkdir</codeph> property in 
			 <filepath>build-refimpl.xml</filepath> points to the directory
			 containing the Adobe Access SDK
		  </p> 
		</li> 
		<li class="- topic/li " id="li_35E2A5D766EC444F95C8F3CDF54FC9F7"> 
		  <p class="- topic/p ">Run the following command using ANT: 
		  </p> 
		  <p class="- topic/p "> 
			 <codeblock xml:space="preserve" class="+ topic/pre pr-d/codeblock ">    ant -f build-refimpl.xml</codeblock> 
		  </p> 
		</li> 
		<li class="- topic/li " id="li_D4B4657B06954562B24EDE71371A8023"> 
		  <p class="- topic/p ">When prompted, type your credential’s password
		  </p> 
		</li> 
	 </ul>
	 </p> 
	 <p class="- topic/p ">To run the tool using Java:
	 <ul class="- topic/ul " id="ul_pt4_bwy_n4"> 
		<li class="- topic/li " id="li_D7D861EC1E91469BA8FC80F4614974AF">Go to 
		  <i>&lt;Reference Implementation Server
			 Path&gt;</i>\<filepath>scrambler</filepath>
		</li> 
		<li class="- topic/li " id="li_038DB074F6314D458C22AD83F12BF5D5"> 
		  <p class="- topic/p ">From the command prompt, enter the command:
		  </p> 
		  <ul class="- topic/ul " id="ul_yt4_bwy_n4"> 
			 <li class="- topic/li " id="li_B3CFAD5819254AEF9B0AA3FF15203A68"> 
				<p class="- topic/p ">On Windows:
				</p> 
				<p class="- topic/p "> 
				  <codeblock xml:space="preserve" class="+ topic/pre pr-d/codeblock ">    java -classpath path_to_adobe-flashaccess-sdk.jar;. 
    com.adobe.flashaccess.refimpl.util.ScrambleUtil your_pfx_password</codeblock> 
				</p> 
			 </li> 
			 <li class="- topic/li " id="li_C7E3F3D68436403CAFEAD956E5475941"> 
				<p class="- topic/p ">On Linux:
				</p> 
				<p class="- topic/p "> 
				  <codeblock xml:space="preserve" class="+ topic/pre pr-d/codeblock ">    java -classpath path_to_adobe-flashaccess-sdk.jar;. 
    com.adobe.flashaccess.refimpl.util.ScrambleUtil your_pfx_password</codeblock> 
				</p> 
			 </li> 
		  </ul> 
		</li> 
	 </ul>
	 </p> 
	 <p class="- topic/p ">The utility outputs the encrypted password, which you
		must copy to the .properties file.
	 </p> 
	 <note class="- topic/note ">Passwords encoded using the password scrambling
		utility provided with the reference implementation will not work with the Adobe
		Access Server for Protected Streaming.
	 </note> 
  </conbody> 
</concept> 
