<?xml version="1.0" encoding="UTF-8"?>
<!DOCTYPE concept PUBLIC "-//OASIS//DTD DITA Concept//EN" "concept.dtd">
<concept
 id="c_xgep_using-aaxs-ref-impl-license-generator-command-line-usage"> 
  <title class="- topic/title ">Command line usage</title> 
  <conbody> 
	 <p class="- topic/p ">To generate a license, use the following syntax:
	 </p> 
	 <p class="- topic/p "> 
		<codeblock xml:space="preserve" class="+ topic/pre pr-d/codeblock ">    java -jar AdobeLicenseGenerator.jar -m <i class="+ topic/ph hi-d/i ">metadata</i> <i class="+ topic/ph hi-d/i ">[options]</i></codeblock> 
	 </p> 
	 <p class="- topic/p "><codeph
		class="+ topic/ph pr-d/codeph ">metadata</codeph> is a .metadata file
		containing the Adobe Access DRM metadata. This file can be obtained from
		protected content using the 
		<codeph class="+ topic/ph pr-d/codeph ">-d -m</codeph> option of Media
		Packager.
	 </p> 
	 <p class="- topic/p ">To display a previously generated license, use the
		following syntax:
	 </p> 
	 <p class="- topic/p "> 
		<codeblock xml:space="preserve" class="+ topic/pre pr-d/codeblock ">    java -jar AdobeLicenseGenerator.jar -d <i class="+ topic/ph hi-d/i ">license</i></codeblock> 
	 </p> 
	 <p class="- topic/p "><codeph
		class="+ topic/ph pr-d/codeph ">license</codeph> is a file containing a Adobe
		Access license generated by the License Generator.
	 </p> 
	 <p class="- topic/p ">The following table describes the command line
		options that can be specified along with the syntax previously mentioned:
	 </p> 
	 <table frame="all" colsep="1" rowsep="1"
	  class="+ topic/table adobe-d/table " id="table_skr_vry_n4"> 
		<tgroup cols="2" colsep="1" rowsep="1" outputclass="Table.format"
		 class="- topic/tgroup "> 
		  <colspec colnum="1" colname="1" colwidth="2.000in"
			class="- topic/colspec "/> 
		  <colspec colnum="2" colname="2" colwidth="3.056in"
			class="- topic/colspec "/> 
		  <thead class="- topic/thead "> 
			 <row rowsep="1" class="- topic/row "> 
				<entry colname="1" class="- topic/entry "> 
				  <p class="- topic/p ">Command Line Option
				  </p> 
				</entry> 
				<entry colname="2" class="- topic/entry "> 
				  <p class="- topic/p ">Description
				  </p> 
				</entry> 
			 </row> 
		  </thead> 
		  <tbody class="- topic/tbody "> 
			 <row rowsep="1" class="- topic/row "> 
				<entry colname="1" class="- topic/entry "><codeph
				  class="+ topic/ph pr-d/codeph ">-c 
					 <i class="+ topic/ph hi-d/i ">configfile</i></codeph>
				</entry> 
				<entry colname="2" class="- topic/entry ">Specify the location of
				  the configuration file. If this option is not used, the License Generator will
				  look for flashaccesstools.properties in the working directory. Options
				  specified on the command line take precedence over those present in the
				  configuration file.
				</entry> 
			 </row> 
			 <row rowsep="1" class="- topic/row "> 
				<entry colname="1" class="- topic/entry "> 
				  <p class="- topic/p ">-d 
					 <i class="+ topic/ph hi-d/i "><codeph
						class="+ topic/ph pr-d/codeph ">licensefile</codeph></i>
				  </p> 
				</entry> 
				<entry colname="2" class="- topic/entry ">Show information about a
				  license that was already generated.
				</entry> 
			 </row> 
			 <row rowsep="1" class="- topic/row "> 
				<entry colname="1" class="- topic/entry "><codeph
				  class="+ topic/ph pr-d/codeph ">-leaf 
					 <i>leaf-filename</i></codeph>
				</entry> 
				<entry colname="2" class="- topic/entry ">Generate a leaf license
				  and write the output to a specified file.
				</entry> 
			 </row> 
			 <row rowsep="1" class="- topic/row "> 
				<entry colname="1" class="- topic/entry "><codeph
				  class="+ topic/ph pr-d/codeph ">-m 
					 <i class="+ topic/ph hi-d/i ">metadata-filename</i></codeph>
				</entry> 
				<entry colname="2" class="- topic/entry ">Specify the content
				  metadata for which to generate a license. (Required to generate license)
				</entry> 
			 </row> 
			 <row rowsep="1" class="- topic/row "> 
				<entry colname="1"
				 class="- topic/entry "><codeph>-noprompt</codeph>
				</entry> 
				<entry colname="2" class="- topic/entry ">Do not ask if the
				  destination file should be overwritten. If the destination file already exists
				  and 
				  <codeph>-o</codeph> is not set, an error will be returned.
				</entry> 
			 </row> 
			 <row rowsep="1" class="- topic/row "> 
				<entry colname="1" class="- topic/entry "><codeph>-o</codeph>
				</entry> 
				<entry colname="2" class="- topic/entry ">If the destination file
				  already exists, overwrite it without prompting.
				</entry> 
			 </row> 
			 <row rowsep="1" class="- topic/row "> 
				<entry colname="1" class="- topic/entry "><codeph
				  class="+ topic/ph pr-d/codeph ">-policy 
					 <i>policy-num</i></codeph>
				</entry> 
				<entry colname="2" class="- topic/entry ">If the metadata contains
				  multiple policies, specify the number of the policy to use (starting at 1) to
				  generate the license. If not specified, the first policy is used.
				</entry> 
			 </row> 
			 <row rowsep="1" class="- topic/row "> 
				<entry colname="1" class="- topic/entry "><codeph
				  class="+ topic/ph pr-d/codeph ">-r 
					 <i>recipient-cert</i></codeph>
				</entry> 
				<entry colname="2" class="- topic/entry ">Generate a license for
				  the specified recipient. A device or domain certificate may be used. Multiple 
				  <codeph class="+ topic/ph pr-d/codeph ">-r 
				  </codeph>options may be specified to create a license for
				  multiple recipients.
				</entry> 
			 </row> 
			 <row rowsep="0" class="- topic/row "> 
				<entry colname="1" class="- topic/entry "><codeph
				  class="+ topic/ph pr-d/codeph ">-root 
					 <i>root-filename</i></codeph>
				</entry> 
				<entry colname="2" class="- topic/entry ">Generate a root license
				  and write the output to the specified file.
				</entry> 
			 </row> 
		  </tbody> 
		</tgroup> 
	 </table> 
  </conbody> 
</concept> 
