<?xml version="1.0" encoding="UTF-8"?>
<!DOCTYPE concept PUBLIC "-//OASIS//DTD DITA Concept//EN" "concept.dtd">
<concept
 id="c_xgep_using-aaxs-ref-impl-license-server-upgrading-existing-deplys"> 
  <title class="- topic/title ">Upgrading existing deployments</title> 
  <conbody> 
	 <p class="- topic/p ">To upgrade a server running the version 3.0 Reference
		Implementation License Server or Watched Folder Packager, replace the 
		<filepath>.war</filepath> files deployed on your Application Server with
		the files included with Adobe Access Reference Implementation Server.
	 </p> 
	 <p class="- topic/p ">If you plan to use domain registration with the
		Reference Implementation License Server, several new database tables are
		required. To re-create the entire reference implementation database, run 
		<codeph class="+ topic/ph pr-d/codeph ">CreateSampleDB.sql</codeph>. To
		preserve the existing database records and add the new tables, open 
		<codeph class="+ topic/ph pr-d/codeph ">CreateSampleDB.sql 
		</codeph>and only run the commands to create the following tables:
	 <ul class="- topic/ul " id="ul_bnf_z1z_n4"> 
		<li class="- topic/li " id="li_2150409595C0488CAF9EBA44C48DF2C8"><codeph
		  class="+ topic/ph pr-d/codeph ">DomainServerInfo</codeph>
		</li> 
		<li class="- topic/li " id="li_B3F4E1B879AD494F8F47D9ABDD629298"><codeph
		  class="+ topic/ph pr-d/codeph ">DomainKeys</codeph>
		</li> 
		<li class="- topic/li " id="li_57AADF4F69F44AE9893C7188DBB6CB13"><codeph
		  class="+ topic/ph pr-d/codeph ">DomainMembership</codeph>
		</li> 
		<li class="- topic/li " id="li_EBBD02086C8A4FEDB21FBBF8C370BF9A"><codeph
		  class="+ topic/ph pr-d/codeph ">UserDomainMembership</codeph>
		</li> 
		<li class="- topic/li " id="li_9628CA3BEA1B46B69603003614452F33"><codeph
		  class="+ topic/ph pr-d/codeph ">UserDomainRefCount</codeph>
		</li> 
	 </ul>
	 </p> 
	 <p class="- topic/p ">The following properties must be added to
		flashaccess-refimpl.properties to use the domain support:
	 <ul class="- topic/ul " id="ul_rnf_z1z_n4"> 
		<li class="- topic/li " id="li_0ECFA8587B9D4792AEAEBC3C9138FEDA"><codeph
		  class="+ topic/ph pr-d/codeph ">HandlerConfiguration.DomainCAs.n</codeph> or 
		  <codeph
			class="+ topic/ph pr-d/codeph ">RefImpl.HSM.HandlerConfiguration.DomainCAs.Alias.n</codeph>
		</li> 
		<li class="- topic/li " id="li_ABDD27905B1B4B9A851B3070713778F9"><codeph
		  class="+ topic/ph pr-d/codeph ">Domain
			 RegistrationHandler.ServerCredential</codeph> and 
		  <codeph
			class="+ topic/ph pr-d/codeph ">DomainRegistrationHandler.ServerCredential.password</codeph>,
		  or 
		  <codeph
			class="+ topic/ph pr-d/codeph ">RefImpl.HSM.DomainRegistrationHandler.ServerCredential.Alias</codeph>
		</li> 
		<li class="- topic/li " id="li_21DE184B983248A2823670A6FAE78055"><codeph
		  class="+ topic/ph pr-d/codeph ">DomainRegistrationHandler.DomainServerUrl</codeph>
		</li> 
	 </ul>
	 </p> 
	 <p class="- topic/p ">The following properties must be added to 
		<filepath>flashaccess-refimpl.properties</filepath> to support remote key
		delivery to iOS clients:
	 <ul class="- topic/ul " id="ul_c4f_z1z_n4"> 
		<li class="- topic/li " id="li_830C5060334948FC84DE31C477841102"><codeph
		  class="+ topic/ph pr-d/codeph ">HandlerConfiguration.KeyServerCertificate</codeph>
		  or 
		  <codeph
			class="+ topic/ph pr-d/codeph ">RefImpl.HSM.HandlerConfiguration.KeyServerCertificate.Alias</codeph>
		</li> 
	 </ul>
	 </p> 
  </conbody> 
</concept> 
