<?xml version="1.0" encoding="UTF-8"?>
<!DOCTYPE concept PUBLIC "-//OASIS//DTD DITA Concept//EN" "concept.dtd">
<concept
 id="c_xgep_using-aaxs-ref-impl-license-generator-config-file-props"> 
  <title class="- topic/title ">Configuration File Properties</title> 
  <conbody> 
	 <p class="- topic/p ">Before you run the License Generator, specify values
		for the License Generator properties. The configuration file specifies the
		following properties. For property names that include 
		<i class="+ topic/ph hi-d/i ">n</i>, 
		<i class="+ topic/ph hi-d/i ">n</i> represents an integer starting with 1
		and increasing for each instance of the property.
	 </p> 
	 <table frame="all" colsep="1" rowsep="1"
	  class="+ topic/table adobe-d/table " id="table_qk1_rry_n4"> 
		<tgroup cols="2" colsep="1" rowsep="1" outputclass="Table.format"
		 class="- topic/tgroup "> 
		  <colspec colnum="1" colname="1" colwidth="2.000in"
			class="- topic/colspec "/> 
		  <colspec colnum="2" colname="2" colwidth="3.056in"
			class="- topic/colspec "/> 
		  <thead class="- topic/thead "> 
			 <row rowsep="1" class="- topic/row "> 
				<entry colname="1" class="- topic/entry ">Property
				</entry> 
				<entry colname="2" class="- topic/entry ">Description
				</entry> 
			 </row> 
		  </thead> 
		  <tbody class="- topic/tbody "> 
			 <row rowsep="1" class="- topic/row "> 
				<entry colname="1" class="- topic/entry "><codeph
				  class="+ topic/ph pr-d/codeph ">licensegen.minClientVersion</codeph>
				</entry> 
				<entry colname="2" class="- topic/entry ">Set the minimum client
				  version supported. If not set, by default all versions are supported. Set this
				  value to control how older clients respond to license requirements that they do
				  not support. Specify x (for Adobe Access x.0) where x is the major release
				  number.
				</entry> 
			 </row> 
			 <row rowsep="1" class="- topic/row "> 
				<entry colname="1" class="- topic/entry "><codeph
				  class="+ topic/ph pr-d/codeph ">licensegen.keyServerCert</codeph>
				</entry> 
				<entry colname="2" class="- topic/entry ">Key Server Certificate
				  (an Adobe-issued License Server certificate used by the Key Server). This
				  certificate is used only if the metadata/policy indicates that a Key Server is
				  required for key delivery to iOS devices.
				</entry> 
			 </row> 
			 <row rowsep="1" class="- topic/row "> 
				<entry colname="1" class="- topic/entry "><codeph
				  class="+ topic/ph pr-d/codeph ">licensegen.sign.certfile</codeph>
				</entry> 
				<entry colname="2" class="- topic/entry ">The PKCS12 file
				  containing the License Server credentials for signing licenses. This property
				  should refer to a .pfx file containing a certificate and private key.
				</entry> 
			 </row> 
			 <row rowsep="1" class="- topic/row "> 
				<entry colname="1" class="- topic/entry "><codeph
				  class="+ topic/ph pr-d/codeph ">licensegen.sign.certpass</codeph>
				</entry> 
				<entry colname="2" class="- topic/entry ">The password used to
				  protect the file specified by 
				  <codeph
					class="+ topic/ph pr-d/codeph ">licensegen.sign.certfile.</codeph>
				</entry> 
			 </row> 
			 <row rowsep="1" class="- topic/row "> 
				<entry colname="1" class="- topic/entry "><codeph
				  class="+ topic/ph pr-d/codeph ">licensegen.domainca.<i
					 class="+ topic/ph hi-d/i ">n</i></codeph>
				</entry> 
				<entry colname="2" class="- topic/entry ">If generating
				  domain-bound licenses, one or more Domain CA certificates must be specified to
				  indicate the domain authorities trusted by this license issuer. If the license
				  recipient is a domain certificate, which was not issued by one of the specified
				  Domain CAs, a license cannot be generated. This property specifies a .cer file
				  that contains the certificate only (either PEM or DER format is acceptable). n
				  must be monotonically increasing, starting from 1.
				</entry> 
			 </row> 
			 <row rowsep="1" class="- topic/row "> 
				<entry colname="1" class="- topic/entry "><codeph
				  class="+ topic/ph pr-d/codeph ">licensegen.keys.asymmetric.licenseServerCredential.<i
					 class="+ topic/ph hi-d/i ">n</i></codeph>
				</entry> 
				<entry colname="2" class="- topic/entry "> 
				  <p class="- topic/p ">Optional PKCS12 file containing additional
					 License Server credentials for decrypting the CEK in the metadata and policy.
					 Additional credentials may be configured if content was previously packaged
					 with a License Server certificate other than that specified by 
					 <codeph>licensegen.sign.certfile</codeph>. This property should
					 refer to a 
					 <filepath>.pfx</filepath> file containing a certificate and
					 private key. n must be monotonically increasing, starting from 1.
				  </p> 
				</entry> 
			 </row> 
			 <row rowsep="0" class="- topic/row "> 
				<entry colname="1" class="- topic/entry "><codeph
				  class="+ topic/ph pr-d/codeph ">licensegen.keys.asymmetric.licenseServerCredential.<i
					 class="+ topic/ph hi-d/i ">n</i>.password</codeph>
				</entry> 
				<entry colname="2" class="- topic/entry ">The password used to
				  protect the file specified by:
				  <p><codeph
					 class="+ topic/ph pr-d/codeph ">licensegen.keys.asymmetric.licenseServerCredential.n</codeph>
				  </p> 
				</entry> 
			 </row> 
		  </tbody> 
		</tgroup> 
	 </table> 
  </conbody> 
</concept> 
