<?xml version="1.0" encoding="UTF-8"?>
<!DOCTYPE concept PUBLIC "-//OASIS//DTD DITA Concept//EN" "concept.dtd">
<concept
 id="c_xgep_using-aaxs-ref-impl-license-server-migrating-fmrms-aaxs"> 
  <title class="- topic/title ">Migrating from FMRMS 1.0 or 1.5 to Adobe Access
	 2.0 and above</title> 
  <conbody> 
	 <p class="- topic/p ">In order to continue to issue licenses for content
		packaged using Flash Media Rights Management Server (FMRMS) 1.0 or 1.5, license
		and policy data must be migrated from the LiveCycle ES server to the customer's
		new server based on the Adobe Access SDK. The important steps are:
	 </p> 
	 <ol class="- topic/ol " id="ol_wxb_51z_n4"> 
		<li class="- topic/li "
		id="li_A3CEAA19F5684E1DB03050BE29768DDB">Importing license information
		</li> 
		<li class="- topic/li "
		id="li_E7F55559BAC74BC4AF18C24B3875C50D">Converting FMRMS policies to Adobe
		  Access format
		</li> 
		<li class="- topic/li "
		id="li_C2422007E9B74412909DCEDEC7824811">Supporting the 1.x compatibility
		  requests via the 
		  <codeph class="+ topic/ph pr-d/codeph ">FMRMSv1RequestHandler</codeph>
		  and 
		  <codeph class="+ topic/ph pr-d/codeph ">FMRMSv1MetadataHandler</codeph>
		</li> 
	 </ol> 
	 <p class="- topic/p ">To import license information from LiveCycle ES into
		your Adobe Access-based server, refer to the sample database scripts provided
		in the 
		<filepath>Reference Implementation\Server\migration\db</filepath> folder.
		Sample scripts are provided for exporting the relevant data from a MySQL,
		Oracle, or SQL Server database into a CSV file format. Once the data is
		exported, it can be imported into the database of your choice. The exported
		license information includes the License ID, a Content ID assigned at packaging
		time, the ID of the Policy used, the time the content was packaged, and the
		content encryption key. For Adobe Access, this information is required in order
		to convert the 1.x content metadata into the Adobe Access metadata format (see 
		<codeph class="+ topic/ph pr-d/codeph ">FMRMSv1RequestHandler</codeph>
		and 
		<codeph class="+ topic/ph pr-d/codeph ">FMRMSv1MetadataHandler</codeph>).
		In the reference implementation, this data is stored in the License database
		table and used by 
		<codeph
		class="+ topic/ph pr-d/codeph ">RefImplMetadataConvReqHandler</codeph>.
	 </p> 
	 <p class="- topic/p ">Existing policies will need to be converted to the
		Adobe Access format in order to use those policies when converting metadata and
		issuing licenses for 1.0 or 1.5 content. The Reference
		Implementation\Server\migration folder contains sample code for creating an
		Adobe Access policy based on older policies.
	 </p> 
	 <p class="- topic/p ">If you are migrating from FMRMS 1.0 to Adobe Access,
		see the V1_0PolicyConverter.java sample. Compile the sample code by running
		"<codeph class="+ topic/ph pr-d/codeph ">ant-f build-migration.xml
		  build-1.0-converter</codeph>" (the script expects the 1.0 and Adobe Access
		libraries to be in 
		<filepath>libs/1.0</filepath> and libs/flashaccess respectively). Edit
		the converter.properties file to point to your LiveCycle ES server. Then run
		"<codeph class="+ topic/ph pr-d/codeph ">ant -f build-migration.xml
		  migrate-all-1.0-policies</codeph>" to convert all FMRMS 1.0 policies to Adobe
		Access format.
	 </p> 
	 <p class="- topic/p ">If you are migrating from FMRMS 1.5 to Adobe Access,
		see the V1_5PolicyConverter.java sample. Compile the sample code by running
		"<codeph class="+ topic/ph pr-d/codeph ">ant-f build-migration.xml
		  build-1.5-converter</codeph>" (the script expects the 1.5 and 3.0 libraries to
		be in libs/1.5 and libs/flashaccess respectively). Edit the
		converter.properties file to point to your LiveCycle ES server. Then run
		"<codeph class="+ topic/ph pr-d/codeph ">ant -f build-migration.xml
		  migrate-all-1.5-policies</codeph>" to convert all FMRMS 1.5 policies to Adobe
		Access format.
	 </p> 
	 <p class="- topic/p ">The converted policies will be written to a set of
		files. In addition, PolicyConverter will output a CSV file containing the
		mapping of old policy IDs to new policy IDs. This file can be imported into the
		"PolicyConversion" table in the reference implementation database, and will be
		used by 
		<codeph
		class="+ topic/ph pr-d/codeph ">RefImplMetadataConvReqHandler</codeph>.
	 </p> 
	 <p class="- topic/p ">Once the relevant data has been migrated to your
		Adobe Access-based server, you are ready to implement support for 1.x
		compatibility requests. See 
		<codeph
		class="+ topic/ph pr-d/codeph ">RefImplUpgradeV1ClientHandler</codeph> and 
		<codeph
		class="+ topic/ph pr-d/codeph ">RefImplMetadataConvReqHandler</codeph> in the
		reference implementation for examples of how to process these types of
		requests.
	 </p> 
  </conbody> 
</concept> 
