<?xml version="1.0" encoding="UTF-8"?>
<!DOCTYPE concept PUBLIC "-//OASIS//DTD DITA Concept//EN" "concept.dtd">
<concept
 id="c_xgep_using-aaxs-ref-impl-license-server-config-server-props-files"> 
  <title class="- topic/title ">Server properties files</title> 
  <conbody> 
	 <p class="- topic/p ">The server requires two configuration files, one for
		the license server and one for the packager. Both files must be placed on the
		classpath. The properties files contain the location of the credentials issued
		by Adobe. These credentials can be specified as a .pfx file and password or by
		providing an alias and password for a credential stored on an HSM.
	 </p> 
	 <p class="- topic/p ">Please refer to the property files for details about
		the specific values and usage of the each parameter. Sample properties files
		can be found in the "resources" directory of the reference implementation
		(Reference Implementation\Server\resources).
	 </p> 
	 <p class="- topic/p ">To ensure the security of your credential's password,
		a tool is provided (ScrambleUtil.class) to encrypt the password before it is
		entered into the flashaccess-refimpl.properties or
		flashaccess-refimpl-packager.properties file.
	 </p> 
	 <p class="- topic/p ">To properly prepare your credential's password:
	 </p> 
	 <ol class="- topic/ol " id="ol_ndf_wvy_n4"> 
		<li class="- topic/li " id="li_CC3ADED746464598860E185154FC6855">Go to 
		  <filepath>Reference Implementation\Server\refimpl\scrambler</filepath>.
		</li> 
		<li class="- topic/li " id="li_31FAC4F5945240F8BA3A5CF9004C892A">From the
		  command prompt, enter the command:
		  <codeblock xml:space="preserve" class="+ topic/pre pr-d/codeblock ">    java -classpath <i class="+ topic/ph hi-d/i ">path_to_adobe-flashaccess-sdk.jar</i>.;
    com.adobe.flashaccess.refimpl.util.ScrambleUtil "<i class="+ topic/ph hi-d/i ">your_pfx_password</i>"</codeblock>
		</li> 
	 </ol> 
	 <note class="- topic/note ">The previous example uses a semicolon (;) as
		the delimiter. For platforms other than Microsoft Windows, use a colon (:) as
		the delimiter.
	 </note> 
	 <p class="- topic/p ">The utility outputs the encrypted password, which you
		must copy to the 
		<filepath>.properties</filepath> file.
	 </p> 
  </conbody> 
</concept> 
