<?xml version="1.0" encoding="UTF-8"?>
<!DOCTYPE concept PUBLIC "-//OASIS//DTD DITA Concept//EN" "concept.dtd">
<concept id="c_xgep_using-aaxs-ref-impl-license-server-and-wfp"> 
  <title class="- topic/title ">License server and watched folder packager
	 overview</title> 
  <conbody> 
	 <p class="- topic/p ">The reference implementation server can help you
		create a license server using the Adobe Access SDK. In this implementation,
		users are authenticated based on user entries in a database. The server
		includes demonstration business logic for issuing licenses. It also implements
		compatibility support for Flash Media Rights Management Server 1.0 and 1.5.
	 </p> 
	 <p class="- topic/p ">The reference implementation server also includes a
		watched folder implementation of the packager. This component may be deployed
		along with the license server or on a separate machine. With this packager
		implementation, multiple watched folders can be created. When content is
		dropped into the watched folder, the packager automatically packages the
		content.
	 </p> 
	 <p class="- topic/p ">The license server and packager are deployed as
		separate WAR files, so you can choose whether to run them on separate servers
		or in a single Apache Tomcat® instance. The license server is in the 
		<filepath>flashaccess.war</filepath> and the packager is in 
		<filepath>flashaccess-packager.war</filepath>. The optional 
		<filepath>edcws.war</filepath> contains support for license requests from
		FMRMS 1.x clients.
	 </p> 
	 <p class="- topic/p ">The Reference Implementation sample code demonstrates
		the following features:
	 </p> 
	 <ul class="- topic/ul " id="ul_dyc_nsy_n4"> 
		<li class="- topic/li " id="li_C490DADA572E4041AFF8079EF5FC9B15"> 
		  <p class="- topic/p ">License Server:
		  </p> 
		  <ul class="- topic/ul " id="ul_izc_nsy_n4"> 
			 <li class="- topic/li "
			  id="li_94EC898637B34C529F14AA72C1BEBE0A">Handling authentication requests,
				using a database to validate username/password
			 </li> 
			 <li class="- topic/li "
			  id="li_F73A3D1AE2364C57BE53CC8278AC2314">Handling license requests and
				determining which type of license to issue when license chaining is used.
			 </li> 
			 <li class="- topic/li "
			  id="li_D6CBF28B412545DFBCEF8255EDE3EF79">Issuing licenses for content
				containing multiple policies
			 </li> 
			 <li class="- topic/li "
			  id="li_CFA8992D85D34469BEF5AC625787295F">Issue licenses that support Remote Key
				delivery to iOS clients (requires Adobe Primetime)
			 </li> 
			 <li id="li_CB4C0811275D4402A46ADB19DF415BEE">Issuing licenses that
				require an external lookup/retrieval of the Content Encryption Key (CEK)
			 </li> 
			 <li class="- topic/li "
			  id="li_8CFE60590EFF4BE7BC925D4A6F20E681">Using database to determine if user is
				authorized to view content
			 </li> 
			 <li class="- topic/li "
			  id="li_EE7A68F2354F44D4B266E69D9F273BEA">Using policy update lists
			 </li> 
			 <li class="- topic/li "
			  id="li_232F18845B4D44458DC77E42D77E590E">Using machine revocation lists
			 </li> 
			 <li class="- topic/li "
			  id="li_3CAEBA2EC1344D8A8C814C8263F2D281">Using an HSM or PKCS12 file to store
				credentials
			 </li> 
			 <li class="- topic/li "
			  id="li_61BFC28DBF4848F0ADFB90DB4D91E928">Encrypting passwords specified in
				properties file
			 </li> 
			 <li class="- topic/li "
			  id="li_A474B238EEE442CB89CD761677D94F27">Specifying multiple license server or
				transport credentials (after credentials are renewed, the old credentials are
				kept on the server so existing content can be consumed without needing to
				repackage)
			 </li> 
			 <li class="- topic/li "
			  id="li_5C46A89093E14885AFD0BC150CC2255E">Restricting DRM/Runtime versions
				allowed to make requests to the license server
			 </li> 
			 <li class="- topic/li "
			  id="li_180210211E8D470A8C7654A9C97AFA39">Setting client clock windback
				preferences
			 </li> 
			 <li class="- topic/li "
			  id="li_ABA59EC19C42426DBBA22B98C4615EC8">Restricting time difference allowed
				between request time and server time (to prevent replay attacks)
			 </li> 
			 <li class="- topic/li "
			  id="li_8F028DFEF9934557A548CBC751AD0101">Handling requests from FMRMS 1.x
				clients (triggers FMRMS 1.x client to upgrade to Adobe Access 2.0 or later)
			 </li> 
			 <li class="- topic/li "
			  id="li_3F310BCA32C34DA09954851B4368195B">Converting FMRMS 1.x metadata to Adobe
				Access metadata on the fly, using FMRMS 1.x license information stored in a
				database
			 </li> 
			 <li class="- topic/li "
			  id="li_7291D9C611F448C085D1DBE7FA3ABC34">Sample code for converting FMRMS 1.x
				policies to Adobe Access policies
			 </li> 
			 <li class="- topic/li "
			  id="li_D88ABABE7DE74AB38AAF37EB64BE7FC8">Sample scripts for importing FMRMS 1.x
				license information from an existing database
			 </li> 
			 <li class="- topic/li " id="li_603DDDB88E6F4419BEB200A053D88527">Get
				Server Version
			 </li> 
			 <li class="- topic/li "
			  id="li_EDE60C0903B14B10ADBC271969867A35">Domain registration
			 </li> 
			 <li class="- topic/li "
			  id="li_5B54AD694BFA428AA11E041B2776B574">Domain de-registration
			 </li> 
			 <li class="- topic/li "
			  id="li_46A6B3823E07422A9C3ED17D0D60ADDC">Synchronization requests
			 </li> 
			 <li id="li_09F626FF41FA483E8E8A6C4C24AC881B">License Return
			 </li> 
		  </ul> 
		</li> 
		<li class="- topic/li " id="li_DB5CA5712A8F4DAEA396A2A42CDA9A91"> 
		  <p class="- topic/p ">Packager Server:
		  </p> 
		  <ul class="- topic/ul " id="ul_b1d_nsy_n4"> 
			 <li class="- topic/li "
			  id="li_2C85432BAB7A498C8268A3E0B4BA9AA9">Implementing a packager implementation
				that automatically packages content added to a watched folder
			 </li> 
			 <li class="- topic/li "
			  id="li_083B7A89E0C04C1081946FC29DA7EEDA">Using an HSM or PKCS12 file to store
				credentials
			 </li> 
			 <li class="- topic/li "
			  id="li_CAA6F0D193E34C6596DC818EDC5148B6">Encrypting passwords specified in
				properties file
			 </li> 
			 <li class="- topic/li "
			  id="li_0773689A05354A37BA47B6A50262B3E7">Configuring the packager, creating
				policies, and creating policy update lists using an AIR application
			 </li> 
		  </ul> 
		</li> 
	 </ul> 
  </conbody> 
</concept> 
