<?xml version="1.0" encoding="UTF-8"?>
<!DOCTYPE concept PUBLIC "-//OASIS//DTD DITA Concept//EN" "concept.dtd">
<concept
 id="c_xgep_using-aaxs-ref-impl-license-server-upgrading-existing-deplys-setup-ds">
  
  <title class="- topic/title ">Set up a domain server</title> 
  <conbody> 
	 <p class="- topic/p ">To configure the domain server on an existing license
		server installation, perform the following tasks:
	 <ol class="- topic/ol " id="ol_r1r_dbz_n4"> 
		<li class="- topic/li " id="li_9A301E7AD99B499BA11FAE1EA035BBB1">Open the
		  
		  <filepath>flashaccess-refimpl.properties</filepath> file under 
		  <filepath>tomcat/lib</filepath>.
		</li> 
		<li class="- topic/li " id="li_57D27F2939124C929EAB6A050BF907DF">Under
		  the 
		  <codeph>Domain CA certificate</codeph> option, fill the Domain CA
		  certificate details. This certificate will be used for accepting the domain
		  tokens.
		</li> 
		<li class="- topic/li " id="li_961E6CE1C1C14F01A65E5FDAE1B0AD43">Under
		  the 
		  <codeph>Domain CA credential</codeph> option, fill in the 
		  <codeph>Domain CA credential certificate (PFX)</codeph> details. This
		  certificate will be used for signing domain certificates and tokens.
		</li> 
		<li class="- topic/li " id="li_5D2A20BF4EBB4E499878AA2A3BC82981">Specify
		  the value for 
		  <codeph>DomainServerlURL</codeph>. If this value is NULL, the domain
		  authentication may succeed. However, while joining the domain, there will be a
		  join domain error.
		</li> 
	 </ol>
	 </p> 
  </conbody> 
</concept> 
