<?xml version="1.0" encoding="UTF-8"?>
<!DOCTYPE concept PUBLIC "-//OASIS//DTD DITA Concept//EN" "concept.dtd">
<concept id="c_xgep_using-aaxs-ref-impl-license-server-and-wfp-reqs"> 
  <title class="- topic/title ">Requirements</title> 
  <conbody> 
	 <p class="- topic/p ">You will need to ensure that you have the following
		installed:
	 </p> 
	 <ul class="- topic/ul " id="ul_pgl_rsy_n4"> 
		<li class="- topic/li " id="li_5CA3793512934CB588DD02F63BE11417"> 
		  <p class="- topic/p ">Tomcat 6.0 or later
		  </p> 
		</li> 
		<li class="- topic/li " id="li_ACEBF632A4EF428FBD25EA0D18015F7D"> 
		  <p class="- topic/p ">A database such as MySQL (only required for
			 License Server component)
		  </p> 
		</li> 
		<li class="- topic/li " id="li_71A1667020454C7981B64E9B63A9D691"> 
		  <p class="- topic/p ">Java 1.6 or later
		  </p> 
		</li> 
		<li class="- topic/li " id="li_31BFB42C16DA403795487360143004E6"> 
		  <p class="- topic/p ">Ant 1.8 or later (to use the sample build
			 scripts)
		  </p> 
		</li> 
	 </ul> 
	 <p class="- topic/p ">Once you have installed Tomcat and MySQL, obtain the
		credentials from Adobe.
	 </p> 
  </conbody> 
</concept> 
