<?xml version="1.0" encoding="UTF-8"?>
<!DOCTYPE concept PUBLIC "-//OASIS//DTD DITA Concept//EN" "concept.dtd">
<concept id="c_xgep_using-aaxs-ref-impl-license-server-properties-file"> 
  <title class="- topic/title ">License server properties file</title> 
  <conbody> 
	 <p class="- topic/p ">Use the 
		<filepath>flashaccess-refimpl.properties</filepath> file to configure the
		License Server component of the reference implementation. At a minimum, be sure
		to configure the properties related to the Transport Credential and the License
		Server Credential. The locations of the credential files must be specified
		relative to the directory specified by the 
		<codeph>config.resourcesDirectory</codeph> property. This file also
		contains several properties related to packaging content: these properties are
		only used for Flash Media Rights Management Server 1.x metadata conversion. If
		you modify any of the values in this property file, you need to restart the
		license server for the changes to take effect.
	 </p> 
	 <p class="- topic/p ">To support generation of licenses for Remote Key
		delivery to iOS clients in Adobe Access, the Key Server certificate must be
		specified in 
		<filepath>flashaccess-refimpl.properties</filepath>.
	 </p> 
	 <p class="- topic/p ">The following properties have been added in Adobe
		Access:
	 </p> 
	 <table frame="all" colsep="1" rowsep="1"
	  class="+ topic/table adobe-d/table " id="table_xz2_lwy_n4"> 
		<tgroup cols="2" colsep="1" rowsep="1" outputclass="Table.format"
		 class="- topic/tgroup "> 
		  <colspec colnum="1" colname="1" colwidth="2.000in"
			class="- topic/colspec "/> 
		  <colspec colnum="2" colname="2" colwidth="3.056in"
			class="- topic/colspec "/> 
		  <thead class="- topic/thead "> 
			 <row rowsep="1" class="- topic/row "> 
				<entry colname="1" class="- topic/entry "> 
				  <p class="- topic/p ">Property
				  </p> 
				</entry> 
				<entry colname="2" class="- topic/entry "> 
				  <p class="- topic/p ">Description
				  </p> 
				</entry> 
			 </row> 
		  </thead> 
		  <tbody class="- topic/tbody "> 
			 <row rowsep="1" class="- topic/row "> 
				<entry colname="1"
				 class="- topic/entry "><codeph>HandlerConfiguration.KeyServerCertificate</codeph>
				</entry> 
				<entry colname="2" class="- topic/entry ">Key Server’s License
				  Server Certificate, issued by Adobe. This certificate is used to generate
				  licenses for iOS devices, when the metadata indicates that a Key Server is
				  required.
				</entry> 
			 </row> 
			 <row rowsep="0" class="- topic/row "> 
				<entry colname="1"
				 class="- topic/entry "><codeph>RefImpl.HSM.HandlerConfiguration.\
					 KeyServerCertificate.Alias</codeph>
				</entry> 
				<entry colname="2" class="- topic/entry ">Alias of Key Server’s
				  Adobe-issued License Server certificate stored on HSM. When HSM is enabled, use
				  this property instead of 
				  <codeph>HandlerConfiguration.KeyServerCertificate</codeph>.
				</entry> 
			 </row> 
		  </tbody> 
		</tgroup> 
	 </table> 
  </conbody> 
</concept> 
