<?xml version="1.0" encoding="UTF-8"?>
<!DOCTYPE concept PUBLIC "-//OASIS//DTD DITA Concept//EN" "concept.dtd">
<concept id="c_xgep_using-aaxs-ref-impl-media-packager-config-file-props">
  
  <title class="- topic/title ">Configuration file properties</title> 
  <conbody> 
	 <p class="- topic/p ">Before you run Media Packager, specify values for the
		Media Packager properties. The configuration file specifies the following
		properties. For property names that include<i class="+ topic/ph hi-d/i ">
		  n</i>, 
		<i class="+ topic/ph hi-d/i ">n</i> represents an integer starting with 1
		and increasing for each instance of the property.
	 </p> 
	 <table frame="all" colsep="1" rowsep="1"
	  class="+ topic/table adobe-d/table " id="table_dx4_mpy_n4"> 
		<tgroup cols="2" colsep="1" rowsep="1" outputclass="Table.format"
		 class="- topic/tgroup "> 
		  <colspec colnum="1" colname="1" colwidth="2.000in"
			class="- topic/colspec "/> 
		  <colspec colnum="2" colname="2" colwidth="3.056in"
			class="- topic/colspec "/> 
		  <thead class="- topic/thead "> 
			 <row rowsep="1" class="- topic/row "> 
				<entry colname="1" class="- topic/entry "> 
				  <p class="- topic/p ">Property
				  </p> 
				</entry> 
				<entry colname="2" class="- topic/entry "> 
				  <p class="- topic/p ">Description
				  </p> 
				</entry> 
			 </row> 
		  </thead> 
		  <tbody class="- topic/tbody "> 
			 <row rowsep="1" class="- topic/row "> 
				<entry colname="1"
				 class="- topic/entry "><codeph>encrypt.contents.video</codeph>
				</entry> 
				<entry colname="2" class="- topic/entry ">Indicates whether to
				  encrypt video content.
				</entry> 
			 </row> 
			 <row rowsep="1" class="- topic/row "> 
				<entry colname="1"
				 class="- topic/entry "><codeph>encrypt.contents.audio</codeph>
				</entry> 
				<entry colname="2" class="- topic/entry ">Indicates whether to
				  encrypt audio.
				</entry> 
			 </row> 
			 <row rowsep="1" class="- topic/row "> 
				<entry colname="1"
				 class="- topic/entry "><codeph>encrypt.contents.script</codeph>
				</entry> 
				<entry colname="2" class="- topic/entry ">Indicates whether to
				  encrypt script data in FLVs. 
				  <i class="+ topic/ph hi-d/i ">onMetaData</i> and 
				  <i class="+ topic/ph hi-d/i ">onXMP</i> script data tags are
				  never encrypted, even if this option is enabled.
				</entry> 
			 </row> 
			 <row rowsep="1" class="- topic/row "> 
				<entry colname="1"
				 class="- topic/entry "><codeph>encrypt.contents.video.level</codeph>
				</entry> 
				<entry colname="2" class="- topic/entry "> 
				  <p class="- topic/p ">Indicates the video encryption level. A
					 value of high is used to encrypt all video content, while values of medium and
					 low are used to encrypt portions of the video content for F4V files containing
					 H.264 content.
				  </p> 
				  <p class="- topic/p ">value = 
					 <codeph>high | medium | low</codeph>
				  </p> 
				</entry> 
			 </row> 
			 <row rowsep="1" class="- topic/row "> 
				<entry colname="1"
				 class="- topic/entry "><codeph>encrypt.contents.secondsUnencrypted</codeph>
				</entry> 
				<entry colname="2" class="- topic/entry "> 
				  <p class="- topic/p ">If the value is greater than 0, the
					 specified number of seconds of content at the beginning of the file will not be
					 encrypted.
				  </p> 
				</entry> 
			 </row> 
			 <row rowsep="1" class="- topic/row "> 
				<entry colname="1"
				 class="- topic/entry "><codeph>encrypt.keys.asymmetric.certfile</codeph>
				</entry> 
				<entry colname="2" class="- topic/entry "> 
				  <p class="- topic/p ">The license server certificate file used to
					 encrypt the key. The 
					 <codeph>encrypt.keys.asymmetric.certfile</codeph> property
					 specifies a file that contains the certificate only (either PEM or DER format
					 is acceptable).
				  </p> 
				</entry> 
			 </row> 
			 <row rowsep="1" class="- topic/row "> 
				<entry colname="1" class="- topic/entry "><codeph
				  class="+ topic/ph pr-d/codeph ">encrypt.keys.policyFile.<i
					 class="+ topic/ph hi-d/i ">n</i></codeph>
				</entry> 
				<entry colname="2" class="- topic/entry "> 
				  <p class="- topic/p ">This property is used repeatedly to create
					 a list of policies to apply to the content. 
					 <codeph>n</codeph> is an integer whose value is 1 or greater.
					 The client will use the first instance by default.
				  </p> 
				</entry> 
			 </row> 
			 <row rowsep="1" class="- topic/row "> 
				<entry colname="1"
				 class="- topic/entry "><codeph>encrypt.license.serverurl</codeph>
				</entry> 
				<entry colname="2" class="- topic/entry "> 
				  <p class="- topic/p ">The license server URL.
				  </p> 
				</entry> 
			 </row> 
			 <row rowsep="1" class="- topic/row "> 
				<entry colname="1"
				 class="- topic/entry "><codeph>encrypt.license.servercert</codeph>
				</entry> 
				<entry colname="2" class="- topic/entry "> 
				  <p class="- topic/p ">The transport certificate for the license
					 server. This property specifies a 
					 <filepath>.cer</filepath> file that contains the certificate
					 only (either PEM or DER format is acceptable).
				  </p> 
				</entry> 
			 </row> 
			 <row rowsep="1" class="- topic/row "> 
				<entry colname="1"
				 class="- topic/entry "><codeph>encrypt.sign.certfile</codeph>
				</entry> 
				<entry colname="2" class="- topic/entry "> 
				  <p class="- topic/p ">The PKCS12 file containing packager
					 credentials for signing content. The 
					 <codeph>encrypt.sign.certfile</codeph> should refer to a 
					 <filepath>.pfx</filepath> file containing a certificate and
					 private key.
				  </p> 
				</entry> 
			 </row> 
			 <row rowsep="1" class="- topic/row "> 
				<entry colname="1"
				 class="- topic/entry "><codeph>encrypt.sign.certpass</codeph>
				</entry> 
				<entry colname="2" class="- topic/entry "> 
				  <p class="- topic/p ">The password used to protect the file
					 specified by 
					 <codeph>encrypt.sign.certfile</codeph>.
				  </p> 
				</entry> 
			 </row> 
			 <row rowsep="1" class="- topic/row "> 
				<entry colname="1"
				 class="- topic/entry "><codeph>encrypt.license.minServerVersion</codeph>
				</entry> 
				<entry colname="2" class="- topic/entry "> 
				  <p class="- topic/p ">Sets the minimum server version required to
					 issue licenses for the content being packaged. Specify x (Adobe Access x.0)
					 where x = the major release number. Servers before Adobe Access 3.0 do not
					 support this setting.
				  </p> 
				</entry> 
			 </row> 
			 <row rowsep="1" class="- topic/row "> 
				<entry colname="1"
				 class="- topic/entry "><codeph>encrypt.keys.policyFile.<i
					 class="+ topic/ph hi-d/i ">n</i>.domain.transportcert</codeph>
				</entry> 
				<entry colname="2" class="- topic/entry "> 
				  <p class="- topic/p ">If a policy 
					 <codeph
					  class="+ topic/ph pr-d/codeph ">encrypt.keys.policyFile.n</codeph> requires
					 domain registration with a server that uses a different transport certificate
					 than specified in 
					 <codeph
					  class="+ topic/ph pr-d/codeph ">encrypt.license.servercert</codeph>, the domain
					 transport certificate needs to be provided. 
				  </p> 
				  <p class="- topic/p ">This property specifies a file that
					 contains the certificate only (either PEM or DER format is acceptable).
				  </p> 
				</entry> 
			 </row> 
			 <row rowsep="1" class="- topic/row "> 
				<entry colname="1"
				 class="- topic/entry "><codeph>encrypt.keys.licenseKey</codeph>
				</entry> 
				<entry colname="2" class="- topic/entry "> 
				  <p class="- topic/p ">Specify license key. If no key is
					 specified, the key will be randomly generated. When key rotation is not
					 enabled, this is the key used to encrypt the content.
				  </p> 
				  <p class="- topic/p ">When key rotation is enabled, this key is
					 used to protect the rotation keys. The key must be 16 bytes in length and
					 specified as Hex values. Whitespace between the Hex values is optional.
				  </p> 
				</entry> 
			 </row> 
			 <row rowsep="1" class="- topic/row "> 
				<entry colname="1"
				 class="- topic/entry "><codeph>encrypt.keys.rotation.enable</codeph>
				</entry> 
				<entry colname="2" class="- topic/entry "> 
				  <p class="- topic/p ">Specifies whether key rotation is enabled.
					 If set to false (default), key rotation is disabled and the master CEK will be
					 used to encrypt all samples in the content.
				  </p> 
				  <p class="- topic/p ">If set to true, key rotation will be
					 enabled, and different keys can be used to encrypt portions of the content.
				  </p> 
				</entry> 
			 </row> 
			 <row rowsep="1" class="- topic/row "> 
				<entry colname="1"
				 class="- topic/entry "><codeph>encrypt.keys.rotation.key.<i
					 class="+ topic/ph hi-d/i ">n</i></codeph>
				</entry> 
				<entry colname="2" class="- topic/entry "> 
				  <p class="- topic/p ">Sequence of rotated keys used to encrypt
					 content when key rotation is enabled. If no keys are specified, keys will be
					 randomly generated. The keys must be 16 bytes in length and specified as Hex
					 values.
				  </p> 
				  <p class="- topic/p ">Whitespace between the Hex values is
					 optional. 
					 <i class="+ topic/ph hi-d/i ">n</i> must be monotonically
					 increasing, starting from 1. When multiple keys are specified, the keys will be
					 cycled through in the order indicated.
				  </p> 
				</entry> 
			 </row> 
			 <row rowsep="1" class="- topic/row "> 
				<entry colname="1"
				 class="- topic/entry "><codeph>encrypt.keys.rotation.interval</codeph>
				</entry> 
				<entry colname="2" class="- topic/entry "> 
				  <p class="- topic/p ">Specifies the interval (in seconds) during
					 which a rotation key will be used to encrypt content samples.
				  </p> 
				  <p class="- topic/p ">After this amount of time in the content
					 has been encrypted, the next rotation key will be used. If key rotation is
					 enabled and no interval is specified, keys will be rotated every 15 minutes.
				  </p> 
				</entry> 
			 </row> 
			 <row rowsep="0" class="- topic/row "> 
				<entry colname="1"
				 class="- topic/entry "><codeph>encrypt.license.serverless</codeph>
				</entry> 
				<entry colname="2" class="- topic/entry "> 
				  <p class="- topic/p ">If true, there is no license server from
					 which the licenses can be obtained. Licenses must be embedded or obtained
					 out-of-band. Default is false if not specified. Only supported in Adobe Access
					 Professional.
				  </p> 
				</entry> 
			 </row> 
		  </tbody> 
		</tgroup> 
	 </table> 
  </conbody> 
</concept> 
