<?xml version="1.0" encoding="UTF-8"?>
<!DOCTYPE concept PUBLIC "-//OASIS//DTD DITA Concept//EN" "concept.dtd">
<concept
 id="c_xgep_using-aaxs-ref-impl-media-packager-command-line-usage"> 
  <title class="- topic/title ">Command line usage</title> 
  <conbody> 
	 <p class="- topic/p ">Before using Media Packager, ensure that you fulfill
		the requirements listed in Requirements and that the configuration file
		contains the required information (see Configuration file in the 
		<i>Using the Adobe Access Reference Implementations</i>.
	 </p> 
	 <p class="- topic/p ">Media Packager is in the 
		<filepath>\Reference Implementation\Command Line tools</filepath>
		directory on the DVD. To encrypt a single file, use the following syntax:
	 </p> 
	 <codeblock xml:space="preserve" class="+ topic/pre pr-d/codeblock ">java -jar AdobePackager.jar <i class="+ topic/ph hi-d/i ">source </i><i class="+ topic/ph hi-d/i ">dest</i> [<i class="+ topic/ph hi-d/i ">options</i>]</codeblock> 
	 <ul class="- topic/ul " id="ul_tyy_spy_n4"> 
		<li class="- topic/li " id="li_0A1D1BAFD9F14562BA3C1D67407FBDA0"> 
		  <p class="- topic/p "><codeph class="+ topic/ph pr-d/codeph "><i
				class="+ topic/ph hi-d/i ">source</i></codeph> is the file to be encrypted.
		  </p> 
		</li> 
		<li class="- topic/li " id="li_F97557FAB6C042528BA125D7A587FE4C"> 
		  <p class="- topic/p "><codeph class="+ topic/ph pr-d/codeph "><i
				class="+ topic/ph hi-d/i ">dest</i></codeph> specifies where the encrypted
			 content will be written. If a directory is specified, the encrypted file will
			 be saved in this folder using the same file name as the source file, but the
			 directory must not be the directory which contains the source file.
		  </p> 
		</li> 
	 </ul> 
	 <p class="- topic/p ">To encrypt multiple files with the same key (for
		multi-bit-rate support), use the following syntax:
	 </p> 
	 <codeblock xml:space="preserve" class="+ topic/pre pr-d/codeblock ">java -jar AdobePackager.jar <i class="+ topic/ph hi-d/i ">sourcefiles</i> <i class="+ topic/ph hi-d/i ">dest-directory</i> [<i class="+ topic/ph hi-d/i ">options</i>]</codeblock> 
	 <ul class="- topic/ul " id="ul_y1z_spy_n4"> 
		<li class="- topic/li " id="li_21B3964CBEF04E0790616A9B27A068A8"> 
		  <p class="- topic/p "><codeph class="+ topic/ph pr-d/codeph "><i
				class="+ topic/ph hi-d/i ">sourcefiles</i></codeph> is a series of
			 whitespace-delimited source entries representing the files to be encrypted.
		  </p> 
		</li> 
		<li class="- topic/li " id="li_68F35ACC0A4B43CFA331E72CF78EABF9"> 
		  <p class="- topic/p "><codeph class="+ topic/ph pr-d/codeph "><i
				class="+ topic/ph hi-d/i ">dest-directory</i></codeph> specifies where the
			 encrypted content will be written. The encrypted files will be saved in this
			 folder using the same file names as the source files, but the directory must
			 not be the directory that contains the source files.
		  </p> 
		</li> 
	 </ul> 
	 <p class="- topic/p ">To view information about an encrypted file, use the
		following syntax:
	 </p> 
	 <codeblock xml:space="preserve" class="+ topic/pre pr-d/codeblock ">java -jar AdobePackager.jar -d <i class="+ topic/ph hi-d/i ">encryptedfile</i> [-e] [-m]</codeblock> 
	 <ul class="- topic/ul " id="ul_cdz_spy_n4"> 
		<li class="- topic/li " id="li_3397F628ABC24D938DD89A0EC960A0BC"> 
		  <p class="- topic/p "><codeph class="+ topic/ph pr-d/codeph "><i
				class="+ topic/ph hi-d/i ">encryptedfile</i></codeph> is the encrypted file.
		  </p> 
		</li> 
	 </ul> 
	 <p class="- topic/p ">To view information about a metadata file, use the
		following syntax:
		<codeblock xml:space="preserve" class="+ topic/pre pr-d/codeblock ">java -jar AdobePackager.jar -dm &lt;metadatafile&gt; [-e]</codeblock>
		<ul class="- topic/ul " id="ul_hfz_spy_n4"> 
		  <li class="- topic/li " id="li_7467D818FC834A6CA16CEBBB8EA77FCD"> 
			 <p class="- topic/p "><codeph class="+ topic/ph pr-d/codeph "><i
				  class="+ topic/ph hi-d/i ">metadatafile</i></codeph> is a 
				<filepath>.metadata</filepath> file containing the DRM metadata.
			 </p> 
		  </li> 
		</ul>
	 </p> 
	 <p class="- topic/p "> 
		<note class="- topic/note ">During packaging, the Media Packager will no
		  longer generate a .header file by default. To generate this file, use the 
		  <codeph class="+ topic/ph pr-d/codeph ">-h</codeph> option during
		  packaging.
		</note> 
	 </p> 
	 <p class="- topic/p ">The following table contains descriptions of the
		command line options shown in the syntax above:
	 </p> 
	 <table frame="all" colsep="1" rowsep="1"
	  class="+ topic/table adobe-d/table " id="table_wgz_spy_n4"> 
		<tgroup cols="2" colsep="1" rowsep="1" outputclass="Table.format"
		 class="- topic/tgroup "> 
		  <colspec colnum="1" colname="1" colwidth="2.000in"
			class="- topic/colspec "/> 
		  <colspec colnum="2" colname="2" colwidth="3.056in"
			class="- topic/colspec "/> 
		  <thead class="- topic/thead "> 
			 <row rowsep="1" class="- topic/row "> 
				<entry colname="1" class="- topic/entry "> 
				  <p class="- topic/p ">Command line option
				  </p> 
				</entry> 
				<entry colname="2" class="- topic/entry "> 
				  <p class="- topic/p ">Description
				  </p> 
				</entry> 
			 </row> 
		  </thead> 
		  <tbody class="- topic/tbody "> 
			 <row rowsep="1" class="- topic/row "> 
				<entry colname="1" class="- topic/entry "> 
				  <p class="- topic/p ">-c 
					 <codeph class="+ topic/ph pr-d/codeph "><i
						class="+ topic/ph hi-d/i ">configfile</i></codeph>
				  </p> 
				</entry> 
				<entry colname="2" class="- topic/entry "> 
				  <p class="- topic/p ">Specifies the location of the configuration
					 file. If this option is not used the Media Packager will look for 
					 <filepath>flashaccesstools.properties</filepath> in the working
					 directory.
				  </p> 
				</entry> 
			 </row> 
			 <row rowsep="1" class="- topic/row "> 
				<entry colname="1" class="- topic/entry "> 
				  <p class="- topic/p ">-d 
					 <codeph class="+ topic/ph pr-d/codeph "><i
						class="+ topic/ph hi-d/i ">encryptedfile</i></codeph>
				  </p> 
				</entry> 
				<entry colname="2" class="- topic/entry "> 
				  <p class="- topic/p ">Shows information about a file that was
					 already packaged. The source and destination files are not required.
				  </p> 
				</entry> 
			 </row> 
			 <row rowsep="1" class="- topic/row "> 
				<entry colname="1" class="- topic/entry "> 
				  <p class="- topic/p ">-dm 
					 <codeph class="+ topic/ph pr-d/codeph "><i
						class="+ topic/ph hi-d/i ">metadatafile</i></codeph>
				  </p> 
				</entry> 
				<entry colname="2" class="- topic/entry "> 
				  <p class="- topic/p ">Shows information about existing metadata.
					 The source and destination files are not required.
				  </p> 
				</entry> 
			 </row> 
			 <row rowsep="1" class="- topic/row "> 
				<entry colname="1" class="- topic/entry "> 
				  <p class="- topic/p ">-e
				  </p> 
				</entry> 
				<entry colname="2" class="- topic/entry "> 
				  <p class="- topic/p ">Use this option with 
					 <codeph>-d</codeph> to extract policies from a packaged file. A
					 file will be created in the same directory as the encrypted file using the file
					 name and policy identifier.
				  </p> 
				</entry> 
			 </row> 
			 <row rowsep="1" class="- topic/row "> 
				<entry colname="1" class="- topic/entry "> 
				  <p class="- topic/p ">-h
				  </p> 
				</entry> 
				<entry colname="2" class="- topic/entry "> 
				  <p class="- topic/p ">Use with 
					 <codeph>-d</codeph> to extract the DRM header from a packaged
					 file. A file is created in the same directory as the encrypted file, using the
					 file name and the extension 
					 <filepath>.header</filepath>
				  </p> 
				</entry> 
			 </row> 
			 <row rowsep="1" class="- topic/row "> 
				<entry colname="1" class="- topic/entry "> 
				  <p class="- topic/p ">-i 
					 <codeph class="+ topic/ph pr-d/codeph "><i
						class="+ topic/ph hi-d/i ">contentID</i></codeph>
				  </p> 
				</entry> 
				<entry colname="2" class="- topic/entry "> 
				  <p class="- topic/p ">Specifies a unique identifier for this
					 piece of content. If no identifier is specified, the destfile file name will be
					 used.
				  </p> 
				</entry> 
			 </row> 
			 <row rowsep="1" class="- topic/row "> 
				<entry colname="1" class="- topic/entry "> 
				  <p class="- topic/p ">-k 
					 <codeph class="+ topic/ph pr-d/codeph "><i
						class="+ topic/ph hi-d/i ">key</i></codeph>= 
					 <codeph class="+ topic/ph pr-d/codeph "><i
						class="+ topic/ph hi-d/i ">value</i></codeph>
				  </p> 
				</entry> 
				<entry colname="2" class="- topic/entry "> 
				  <p class="- topic/p ">Specifies a custom key/value to add to
					 content metadata. Multiple 
					 <codeph>-k</codeph> options may be specified.
				  </p> 
				</entry> 
			 </row> 
			 <row rowsep="1" class="- topic/row "> 
				<entry colname="1" class="- topic/entry "> 
				  <p class="- topic/p ">-m
				  </p> 
				</entry> 
				<entry colname="2" class="- topic/entry "> 
				  <p class="- topic/p ">Use this option with 
					 <codeph>-d</codeph> to extract metadata from a packaged file. A
					 file will be created in the same directory as the encrypted file using the file
					 name and the extension 
					 <codeph>.metadata</codeph>.
				  </p> 
				</entry> 
			 </row> 
			 <row rowsep="1" class="- topic/row "> 
				<entry colname="1" class="- topic/entry "> 
				  <p class="- topic/p ">-noprompt
				  </p> 
				</entry> 
				<entry colname="2" class="- topic/entry "> 
				  <p class="- topic/p ">Do not ask whether the destination file
					 should be overwritten. If the destination file already exists and 
					 <codeph>-o</codeph> is not set, an error will be returned.
				  </p> 
				</entry> 
			 </row> 
			 <row rowsep="1" class="- topic/row "> 
				<entry colname="1" class="- topic/entry "> 
				  <p class="- topic/p ">-o
				  </p> 
				</entry> 
				<entry colname="2" class="- topic/entry "> 
				  <p class="- topic/p ">Overwrites the destination file without
					 prompting, if it already exists.
				  </p> 
				</entry> 
			 </row> 
			 <row rowsep="0" class="- topic/row "> 
				<entry colname="1" class="- topic/entry "> 
				  <p class="- topic/p ">-p 
					 <codeph class="+ topic/ph pr-d/codeph "><i
						class="+ topic/ph hi-d/i ">filename [domain-transport-cert]</i></codeph>
				  </p> 
				</entry> 
				<entry colname="2" class="- topic/entry "> 
				  <p class="- topic/p ">Specifies the name of the file containing
					 the policy. If the policy requires domain registration with a server that uses
					 a different transport certificate than the one specified in the properties
					 file, the domain transport certificate also needs to be provided.
				  </p> 
				  <p class="- topic/p ">Multiple 
					 <codeph>-p</codeph> options may be specified, and the client
					 will use the first by default. The values specified on the command line take
					 precedence over those specified in the configuration file.
				  </p> 
				</entry> 
			 </row> 
		  </tbody> 
		</tgroup> 
	 </table> 
  </conbody> 
</concept> 
