<?xml version="1.0" encoding="UTF-8"?>
<!DOCTYPE concept PUBLIC "-//OASIS//DTD DITA Concept//EN" "concept.dtd">
<concept id="concept_kds_1my_n4"> 
  <title class="- topic/title ">Overview- Using the reference
	 implementations</title> 
  <conbody> 
	 <p class="- topic/p ">The Adobe Access product comes with a reference
		implementation for the following components:
	 </p> 
	 <ul class="- topic/ul " id="ul_xkh_dmy_n4"> 
		<li class="- topic/li " id="li_0DE5C5D718434F6394D46F0AAB0B3AD6"> 
		  <p class="- topic/p ">Command line tools
		  </p> 
		</li> 
		<li class="- topic/li " id="li_3EB38F59B82644738724F030574770E9"> 
		  <p class="- topic/p ">License server and watched folder packager
		  </p> 
		</li> 
		<li class="- topic/li " id="li_294E13A5D9CC4F63AA1830DEAEA620CE"> 
		  <p class="- topic/p ">Flash Access Manager AIR application
		  </p> 
		</li> 
	 </ul> 
	 <note class="- topic/note ">You should deploy either the Adobe Access
		Server for Protected Streaming, the reference implementation, or your own
		license server.
	 </note> 
  </conbody> 
</concept> 
