<?xml version="1.0" encoding="UTF-8"?>
<!DOCTYPE concept PUBLIC "-//OASIS//DTD DITA Concept//EN" "concept.dtd">
<concept id="c_xgep_using-aaxs-ref-impl-packager-properties-file"> 
  <title class="- topic/title ">Packager properties file</title> 
  <conbody> 
	 <p class="- topic/p ">Use the 
		<filepath>flashaccess-refimpl-packager.properties</filepath> file to
		configure the Watched Folder Packager component of the reference
		implementation. At a minimum, be sure to set the license server URL, license
		server certificate, packager credential, and key protection options. This file
		also contains the location of each watched folder
		(packager.watchfolder.source.<codeph class="+ topic/ph pr-d/codeph "><i
		  class="+ topic/ph hi-d/i ">n</i></codeph>). Any changes made to the values in
		this property file will take effect the next time the watched folder packager
		runs (restarting the server is not required). However, if there is a
		configuration error in the packager, the watched folder packager thread will
		exit, and the server will need to be restarted to restart the packager thread.
	 </p> 
  </conbody> 
</concept> 
