<?xml version="1.0" encoding="UTF-8"?>
<!DOCTYPE concept PUBLIC "-//OASIS//DTD DITA Concept//EN" "concept.dtd">
<concept id="c_xgep_using-aaxs-ref-impl-policy-update-config-file-props"> 
  <title class="- topic/title ">Configuration file properties</title> 
  <conbody> 
	 <p class="- topic/p ">The following are the Policy Update List Manager
		properties, which specify a PKCS12 file containing credentials for signing
		revocation lists (License Server Certificate):
	 <ul class="- topic/ul " id="ul_dy3_fqy_n4"> 
		<li class="- topic/li "
		 id="li_D807D756F3A2440686E64EB2DBFD059A"><codeph>revocation.sign.certfile=license-server-credentials.pfx</codeph>
		</li> 
		<li class="- topic/li "
		 id="li_90870F69FF2641BE871E7C53ED071F9C"><codeph>revocation.sign.certpass=password</codeph>
		</li> 
	 </ul>
	 </p> 
  </conbody> 
</concept> 
