<?xml version="1.0" encoding="UTF-8"?>
<!DOCTYPE concept PUBLIC "-//OASIS//DTD DITA Concept//EN" "concept.dtd">
<concept id="c_xgep_using-aaxs-ref-impl-policy-update-list-manager"> 
  <title class="- topic/title ">Policy Update List Manager overview</title> 
  <conbody> 
	 <p class="- topic/p ">Before using Policy Update List Manager, ensure that
		you fulfill the requirements listed in Requirements and that the configuration
		file contains the required information (see Configuration file in 
		<i>Using the Adobe Access Reference Implementations</i>).
	 </p> 
  </conbody> 
</concept> 
