<?xml version="1.0" encoding="UTF-8"?>
<!DOCTYPE concept PUBLIC "-//OASIS//DTD DITA Concept//EN" "concept.dtd">
<concept id="c_xgep_using-aaxs-ref-impl-policy-revocation-list-manager"> 
  <title class="- topic/title ">Revocation List Manager overview</title> 
  <conbody> 
	 <p class="- topic/p ">Before using Revocation List Manager, ensure that you
		fulfill the requirements listed in 
		<xref
		 href="c_xgep_using-aaxs-ref-impl-requirements.xml">Requirements</xref> and
		that the configuration file contains the required information (see 
		<xref
		 href="c_xgep_using-aaxs-ref-impl-config-file.xml">Configuration
		  file</xref>). 
	 </p> 
  </conbody> 
</concept> 
