<?xml version="1.0" encoding="UTF-8"?>
<!DOCTYPE concept PUBLIC "-//OASIS//DTD DITA Concept//EN" "concept.dtd">
<concept id="c_xgep_using-aaxs-ref-impl-policy-update-command-line-usage">
  
  <title class="- topic/title ">Command line usage</title> 
  <conbody> 
	 <p class="- topic/p ">Policy Update List Manager is in the \Reference
		Implementation\Command Line Tools directory on the DVD. To create a policy
		update list, use the following syntax:
	 </p> 
	 <codeblock xml:space="preserve" class="+ topic/pre pr-d/codeblock ">    java -jar AdobePolicyUpdateListManager.jar <i class="+ topic/ph hi-d/i ">destfile</i> [<i class="+ topic/ph hi-d/i ">options</i>] </codeblock> 
	 <ul class="- topic/ul " id="ul_bfb_jqy_n4"> 
		<li class="- topic/li " id="li_ADC6E46EC02E43CA9051C99626F2890C"> 
		  <p class="- topic/p "><codeph class="+ topic/ph pr-d/codeph "><i
				class="+ topic/ph hi-d/i ">destfile</i></codeph> indicates where the policy
			 update list will be written.
		  </p> 
		</li> 
	 </ul> 
	 <p class="- topic/p ">To view an existing policy update list, use the
		following syntax:
		<codeblock xml:space="preserve" class="+ topic/pre pr-d/codeblock ">    java -jar AdobePolicyUpdateListManager.jar -d <i class="+ topic/ph hi-d/i ">filename</i></codeblock>
	 </p> 
	 <p class="- topic/p ">The following table contains descriptions of the
		command line options shown in the syntax above:
	 </p> 
	 <table frame="all" colsep="1" rowsep="1"
	  class="+ topic/table adobe-d/table " id="table_ghb_jqy_n4"> 
		<tgroup cols="2" colsep="1" rowsep="1" outputclass="Table.format"
		 class="- topic/tgroup "> 
		  <colspec colnum="1" colname="1" colwidth="2.000in"
			class="- topic/colspec "/> 
		  <colspec colnum="2" colname="2" colwidth="3.056in"
			class="- topic/colspec "/> 
		  <thead class="- topic/thead "> 
			 <row rowsep="1" class="- topic/row "> 
				<entry colname="1" class="- topic/entry "> 
				  <p class="- topic/p ">Command line option
				  </p> 
				</entry> 
				<entry colname="2" class="- topic/entry "> 
				  <p class="- topic/p ">Description
				  </p> 
				</entry> 
			 </row> 
		  </thead> 
		  <tbody class="- topic/tbody "> 
			 <row rowsep="1" class="- topic/row "> 
				<entry colname="1" class="- topic/entry "><codeph
				  class="+ topic/ph pr-d/codeph ">-c 
					 <i class="+ topic/ph hi-d/i ">configfile</i></codeph>
				</entry> 
				<entry colname="2" class="- topic/entry "> 
				  <p class="- topic/p ">Specifies the location of the configuration
					 file. If this option is not used, the Policy Update List Manager will look for 
					 <filepath>flashaccesstools.properties</filepath> in the working
					 directory.
				  </p> 
				</entry> 
			 </row> 
			 <row rowsep="1" class="- topic/row "> 
				<entry colname="1" class="- topic/entry "> 
				  <p class="- topic/p "><codeph class="+ topic/ph pr-d/codeph ">-d 
						<i class="+ topic/ph hi-d/i ">filename</i></codeph>
				  </p> 
				</entry> 
				<entry colname="2" class="- topic/entry "> 
				  <p class="- topic/p ">Displays information about the policy
					 update list.
				  </p> 
				</entry> 
			 </row> 
			 <row rowsep="1" class="- topic/row "> 
				<entry colname="1" class="- topic/entry "><codeph
				  class="+ topic/ph pr-d/codeph ">-e 
					 <i class="+ topic/ph hi-d/i ">date</i></codeph>
				</entry> 
				<entry colname="2" class="- topic/entry ">(Optional) The expiration
				  date of the policy update list. Use the format 
				  <codeph class="+ topic/ph pr-d/codeph "><i
					 class="+ topic/ph hi-d/i ">yyyy-mm-dd</i></codeph> or 
				  <codeph class="+ topic/ph pr-d/codeph "><i
					 class="+ topic/ph hi-d/i ">yyyy-mm-dd-h24:min:sec</i></codeph> (for example,
				  2009-01-31-14:30:00 represents January 31 at 2:30 PM).
				</entry> 
			 </row> 
			 <row rowsep="1" class="- topic/row "> 
				<entry colname="1" class="- topic/entry "> 
				  <codeph class="+ topic/ph pr-d/codeph ">-f 
					 <i class="+ topic/ph hi-d/i ">filename [certfile]</i></codeph>
				</entry> 
				<entry colname="2" class="- topic/entry "> 
				  <p class="- topic/p ">Adds all entries from the existing policy
					 update list. Only one existing file may be specified.
				  </p> 
				  <p class="- topic/p ">If this existing list was signed with a
					 different credential than the one being used to sign the new list, specify its
					 certificate file, so its signature can be verified.
				  </p> 
				</entry> 
			 </row> 
			 <row rowsep="1" class="- topic/row "> 
				<entry colname="1" class="- topic/entry "><codeph
				  class="+ topic/ph pr-d/codeph ">-noprompt</codeph>
				</entry> 
				<entry colname="2" class="- topic/entry "> 
				  <p class="- topic/p ">Do not ask if the destination file should
					 be overwritten. If the destination file already exists and 
					 <codeph>-o</codeph> is not set, an error will be returned.
				  </p> 
				</entry> 
			 </row> 
			 <row rowsep="1" class="- topic/row "> 
				<entry colname="1" class="- topic/entry "><codeph>-o</codeph>
				</entry> 
				<entry colname="2" class="- topic/entry "> 
				  <p class="- topic/p ">If the destination file already exists,
					 overwrite it without prompting.
				  </p> 
				</entry> 
			 </row> 
			 <row rowsep="1" class="- topic/row "> 
				<entry colname="1" class="- topic/entry "><codeph
				  class="+ topic/ph pr-d/codeph ">-r 
					 <i class="+ topic/ph hi-d/i ">policyID</i></codeph> 
				  <codeph class="+ topic/ph pr-d/codeph "><i
					 class="+ topic/ph hi-d/i ">date</i></codeph> "<codeph
				  class="+ topic/ph pr-d/codeph "><i
					 class="+ topic/ph hi-d/i ">reasonCode</i></codeph>" "<codeph
				  class="+ topic/ph pr-d/codeph "><i
					 class="+ topic/ph hi-d/i ">reasonText</i></codeph>" "<codeph
				  class="+ topic/ph pr-d/codeph "><i
					 class="+ topic/ph hi-d/i ">reasonURL</i></codeph>"
				</entry> 
				<entry colname="2" class="- topic/entry "> 
				  <p class="- topic/p ">(Optional) Revokes the policy ID on the
					 specified date. An optional reason code, reason text, and reason URL may also
					 be provided. Specify an empty string "" to indicate that no value is provided
					 for the optional parameters. Specify the date as 
					 <codeph class="+ topic/ph pr-d/codeph "><i
						class="+ topic/ph hi-d/i ">yyyy-mm-dd</i></codeph> or 
					 <codeph class="+ topic/ph pr-d/codeph "><i
						class="+ topic/ph hi-d/i ">yyyy-mm-dd-h24:min:sec</i></codeph> (for example
					 2008-12-1 or 2008-12-1-00:00:00 for midnight on December 1, 2008). If a date is
					 not specified, the current date is used. The reason code must be greater than
					 or equal to 0. Multiple -r options may be specified.
				  </p> 
				</entry> 
			 </row> 
			 <row rowsep="1" class="- topic/row "> 
				<entry colname="1" class="- topic/entry "> 
				  <p class="- topic/p ">-rf 
					 <codeph class="+ topic/ph pr-d/codeph "><i
						class="+ topic/ph hi-d/i ">policyFilename</i></codeph> 
					 <codeph class="+ topic/ph pr-d/codeph "><i
						class="+ topic/ph hi-d/i ">date</i></codeph> "<codeph
					 class="+ topic/ph pr-d/codeph "><i
						class="+ topic/ph hi-d/i ">reasonCode</i></codeph>" "<codeph
					 class="+ topic/ph pr-d/codeph "><i
						class="+ topic/ph hi-d/i ">reasonText</i></codeph>" "<codeph
					 class="+ topic/ph pr-d/codeph "><i
						class="+ topic/ph hi-d/i ">reasonURL</i></codeph>"
				  </p> 
				</entry> 
				<entry colname="2" class="- topic/entry "> 
				  <p class="- topic/p ">Performs the same action as the -r flag,
					 but extracts the policy identifier from the given file.
				  </p> 
				</entry> 
			 </row> 
			 <row rowsep="0" class="- topic/row "> 
				<entry colname="1" class="- topic/entry "><codeph>-u 
					 <i class="+ topic/ph hi-d/i ">policyFilename</i> "<i
					 class="+ topic/ph hi-d/i ">reasonCode</i>" "<i
					 class="+ topic/ph hi-d/i ">reasonText</i>" "<i
					 class="+ topic/ph hi-d/i ">reasonURL</i>"</codeph>
				</entry> 
				<entry colname="2" class="- topic/entry "> 
				  <p>Replaces any matching policy in a license request with this
					 policy using the given reason code (optional), reason text (optional), and
					 reason URL (optional). 
				  </p> 
				  <p>Specify an empty string "" to indicate that no value is
					 provided for the optional parameters. 
				  </p> 
				  <p>The reason code must be greater than or equal to 
					 <codeph>0</codeph>. Multiple 
					 <codeph>-u</codeph> options may be specified.
				  </p> 
				</entry> 
			 </row> 
		  </tbody> 
		</tgroup> 
	 </table> 
  </conbody> 
</concept> 
