<?xml version="1.0" encoding="UTF-8"?>
<!DOCTYPE concept PUBLIC "-//OASIS//DTD DITA Concept//EN" "concept.dtd">
<concept id="c_xgep_using-aaxs-ref-impl-requirements"> 
  <title class="- topic/title ">Command line tool requirements</title> 
  <conbody> 
	 <p class="- topic/p ">The requirements for using the command line tools
		available in the reference implementations are as follows:
	 </p> 
	 <ul class="- topic/ul " id="ul_z1r_b4y_n4"> 
		<li class="- topic/li " id="li_042591436F194E6F8E697B0A7BB7DE39"> 
		  <p class="- topic/p ">All of the command line tools require Java 1.5 or
			 higher.
		  </p> 
		</li> 
		<li class="- topic/li " id="li_ACA451EBCC2D42E5956B94327415905D"> 
		  <p class="- topic/p ">Packager and License Server credentials
			 (certificate and password) that are issued by Adobe. You need credentials to
			 encrypt and sign video files, to sign Policy Update and Revocation lists, and
			 to pre-generate licenses.
		  </p> 
		</li> 
	 </ul> 
	 <note class="- topic/note ">Because of a Java bug, arguments that are used
		on the command line (such as file names, policy names, or descriptions) must
		use only characters from the operating system's default character set. 
	 </note> 
  </conbody> 
</concept> 
