<?xml version="1.0" encoding="UTF-8"?>
<!DOCTYPE concept PUBLIC "-//OASIS//DTD DITA Concept//EN" "concept.dtd">
<concept id="c_xgep_using-aaxs-ref-impl-revocation-command-line-usage"> 
  <title class="- topic/title ">Command line usage</title> 
  <conbody> 
	 <p class="- topic/p ">Revocation List Manager is in the \Reference
		Implementation\Command Line Tools directory on the DVD. To run the tool, use
		one of the following syntaxes:
	 </p> 
	 <codeblock xml:space="preserve" class="+ topic/pre pr-d/codeblock ">    java -jar AdobeRevocationListManager.jar <i class="+ topic/ph hi-d/i ">destfile</i> <i class="+ topic/ph hi-d/i ">crlNumber</i> [<i class="+ topic/ph hi-d/i ">options</i>] 
    java -jar AdobeRevocationListManager.jar -d <i class="+ topic/ph hi-d/i ">filename</i></codeblock> 
	 <ul class="- topic/ul " id="ul_jgy_wqy_n4"> 
		<li class="- topic/li " id="li_5B860080843245B0981D7766CE93188E"><codeph
		  class="+ topic/ph pr-d/codeph "><i
			 class="+ topic/ph hi-d/i ">destfile</i></codeph> indicates where the revocation
		  list will be written.
		</li> 
		<li class="- topic/li " id="li_4473187C81344B029BC1E3DBB65077FA"><codeph
		  class="+ topic/ph pr-d/codeph "><i
			 class="+ topic/ph hi-d/i ">crlNumber</i></codeph> is a non-negative version
		  number of the Certificate Revocation List (CRL). This number should be
		  incremented each time the CRL is updated.
		</li> 
	 </ul> 
	 <p class="- topic/p ">The following table contains descriptions of the
		command line options shown in the syntax above:
	 </p> 
	 <table frame="all" colsep="1" rowsep="1"
	  class="+ topic/table adobe-d/table " id="table_a3y_wqy_n4"> 
		<tgroup cols="2" colsep="1" rowsep="1" outputclass="Table.format"
		 class="- topic/tgroup "> 
		  <colspec colnum="1" colname="1" colwidth="2.000in"
			class="- topic/colspec "/> 
		  <colspec colnum="2" colname="2" colwidth="3.056in"
			class="- topic/colspec "/> 
		  <thead class="- topic/thead "> 
			 <row rowsep="1" class="- topic/row "> 
				<entry colname="1" class="- topic/entry ">Command line option
				</entry> 
				<entry colname="2" class="- topic/entry ">Description
				</entry> 
			 </row> 
		  </thead> 
		  <tbody class="- topic/tbody "> 
			 <row rowsep="1" class="- topic/row "> 
				<entry colname="1" class="- topic/entry "><codeph
				  class="+ topic/ph pr-d/codeph ">-c 
					 <i class="+ topic/ph hi-d/i ">configfile</i></codeph>
				</entry> 
				<entry colname="2" class="- topic/entry ">Specifies the location of
				  the configuration file. If this option is not used, the Revocation List Manager
				  will look for 
				  <filepath>flashaccesstools.properties</filepath> in the working
				  directory.
				</entry> 
			 </row> 
			 <row rowsep="1" class="- topic/row "> 
				<entry colname="1" class="- topic/entry "><codeph
				  class="+ topic/ph pr-d/codeph ">-d 
					 <i class="+ topic/ph hi-d/i ">filename</i></codeph>
				</entry> 
				<entry colname="2" class="- topic/entry "> 
				  <p class="- topic/p ">Displays information about the revocation
					 list.
				  </p> 
				</entry> 
			 </row> 
			 <row rowsep="1" class="- topic/row "> 
				<entry colname="1" class="- topic/entry "><codeph
				  class="+ topic/ph pr-d/codeph ">-e 
					 <i class="+ topic/ph hi-d/i ">date</i></codeph>
				</entry> 
				<entry colname="2" class="- topic/entry "> 
				  <p class="- topic/p ">(Optional) The expiration date of the
					 revocation list. Use the format 
					 <codeph class="+ topic/ph pr-d/codeph "><i
						class="+ topic/ph hi-d/i ">yyyy-mm-dd</i></codeph> or 
					 <codeph class="+ topic/ph pr-d/codeph "><i
						class="+ topic/ph hi-d/i ">yyyy-mm-dd-h24:min:sec</i></codeph> (for example,
					 2009-01-31-14:30:00 represents January 31 at 2:30 PM).
				  </p> 
				</entry> 
			 </row> 
			 <row rowsep="1" class="- topic/row "> 
				<entry colname="1" class="- topic/entry "><codeph>-f 
					 <i class="+ topic/ph hi-d/i ">filename</i><i
					 class="+ topic/ph hi-d/i ">[certfile]</i></codeph>
				</entry> 
				<entry colname="2" class="- topic/entry ">Adds all entries from the
				  existing revocation list. Only one existing file may be specified.
				  <p class="- topic/p ">If this existing list was signed with a
					 different credential than the one being used to sign the new list, specify its
					 certificate file next, so its signature can be verified.
				  </p>
				</entry> 
			 </row> 
			 <row rowsep="1" class="- topic/row "> 
				<entry colname="1"
				 class="- topic/entry "><codeph>-noprompt</codeph>
				</entry> 
				<entry colname="2" class="- topic/entry "> 
				  <p class="- topic/p ">Do not ask if the destination file should
					 be overwritten. If the destination file already exists and -o is not set, an
					 error will be returned.
				  </p> 
				</entry> 
			 </row> 
			 <row rowsep="1" class="- topic/row "> 
				<entry colname="1" class="- topic/entry "><codeph>-o</codeph>
				</entry> 
				<entry colname="2" class="- topic/entry ">If the destination file
				  already exists, overwrite it without prompting.
				</entry> 
			 </row> 
			 <row rowsep="0" class="- topic/row "> 
				<entry colname="1" class="- topic/entry "><codeph>-r 
					 <i>issuerName serialNumber revocationDate</i></codeph>
				</entry> 
				<entry colname="2" class="- topic/entry "> 
				  <p class="- topic/p ">Revokes the certificate identified by 
					 <codeph>issuerName</codeph> and 
					 <codeph>serialNumber</codeph> on the given date. The 
					 <codeph>issuerName</codeph> must follow the 509 name format
					 (for example, 
					 <codeph>CN=12345,O=Adobe Systems Incorporated,C=US</codeph>).
					 Specify serial numbers in hexadecimal form. Specify the revocation date as 
					 <codeph class="+ topic/ph pr-d/codeph "><i
						class="+ topic/ph hi-d/i ">yyyy-mm-dd</i></codeph> or 
					 <codeph class="+ topic/ph pr-d/codeph "><i
						class="+ topic/ph hi-d/i ">yyyy-mm-dd-h24:min:sec</i></codeph>, for example
					 2008-12-1 or 2008-12-1-00:00:00 for midnight on December 1, 2008. If the
					 revocation date is not specified, the current date is used.
				  </p> 
				</entry> 
			 </row> 
		  </tbody> 
		</tgroup> 
	 </table> 
  </conbody> 
</concept> 
