<?xml version="1.0" encoding="UTF-8"?>
<!DOCTYPE concept PUBLIC "-//OASIS//DTD DITA Concept//EN" "concept.dtd">
<concept id="c_xgep_using-aaxs-ref-impl-revocation-config-file-props"> 
  <title class="- topic/title ">Configuration file properties</title> 
  <conbody> 
	 <p class="- topic/p ">The following are the Revocation List Manager
		properties, which specify a PKCS12 file containing credentials for signing
		revocation lists (License Server Certificate):
	 <ul class="- topic/ul " id="ul_pvb_tqy_n4"> 
		<li class="- topic/li "
		 id="li_6B91E8CC638943C3A087FF6B17680A44"><codeph>revocation.sign.certfile=license-server-credentials.pfx</codeph>
		</li> 
		<li class="- topic/li "
		 id="li_2C09FEDF02F24480B5F6AE10AC45FFDA"><codeph>revocation.sign.certpass=password</codeph>
		</li> 
	 </ul>
	 </p> 
  </conbody> 
</concept> 
