<?xml version="1.0" encoding="UTF-8"?>
<!DOCTYPE concept PUBLIC "-//OASIS//DTD DITA Concept//EN" "concept.dtd">
<concept id="c_drm_about-adobe-access"> 
  <title class="- topic/title ">About Adobe Primetime DRM </title> 
  <shortdesc>Primetime DRM lets content owners and distributors control how and
	 where their content can be distributed and experienced, providing end-to-end
	 protection throughout the content lifecycle. It encrypts video files, which can
	 then be streamed or downloaded to Microsoft® Windows®, Apple® Mac OS®, Linux®,
	 and Android® platforms, and enforces business models such as online video
	 rental. Consumers can enjoy high-quality content at their convenience, whether
	 they are online or offline. Primetime DRM offers key advantages that content
	 owners and distributors can use to quickly deliver new services that
	 differentiate them from the competition. 
  </shortdesc> 
  <conbody> 
	 <p class="- topic/p ">This cross-platform solution can be integrated into
		existing billing and authentication systems, allowing content owners and
		distributors to maintain control of audio and video content no matter how
		widely it is distributed. Primetime DRM helps protect and monetize content with
		confidence and provides the flexibility to manage how and where protected
		content is experienced. 
	 </p> 
	 <p class="- topic/p ">Primetime DRM provides a variety of benefits for
		different types of customers: 
	 </p> 
	 <ul class="- topic/ul " id="ul_orc_qwv_m4"> 
		<li class="- topic/li " id="li_AFB285AA99974FFDB4D6C27F38879E50"> 
		  <p class="- topic/p ">For Content owners and distributors - Broader
			 reach for media assets, and a way to recuperate production costs while
			 protecting those assets from misuse. 
		  </p> 
		</li> 
		<li class="- topic/li " id="li_A2506E88DB244A82B79BC5E91C4550B9"> 
		  <p class="- topic/p ">For Content distributors - The ability to rapidly
			 distribute content and recuperate production costs through direct (user-paid)
			 or indirect (advertiser-paid) compensation. 
		  </p> 
		</li> 
		<li class="- topic/li " id="li_0352F239DE2E47589C943914169B4111"> 
		  <p class="- topic/p ">For Consumers - The flexibility to enjoy premium
			 content with a rich viewing experience that is intuitive, non-intrusive,
			 convenient, and engaging. 
		  </p> 
		</li> 
		<li class="- topic/li " id="li_99D8A76B5FE747259311672868F1528D"> 
		  <p class="- topic/p ">For Developers - The ability to automate
			 Primetime DRM capabilities, including authorization and authentication, into a
			 content distributor’s existing environment. 
		  </p> 
		</li> 
	 </ul> 
  </conbody> 
</concept> 
