<?xml version="1.0" encoding="UTF-8"?>
<!DOCTYPE concept PUBLIC "-//OASIS//DTD DITA Concept//EN" "concept.dtd">
<concept id="c_drm_adobe-pass-and-adobe-access"> 
  <title class="- topic/title ">Adobe Primetime authentication and Adobe
	 Primetime DRM</title> 
  <conbody> 
	 <p class="- topic/p ">Adobe Primetime authentication (<xref
		href="http://www.adobe.com/products/adobepass/" scope="external"
		class="- topic/xref "
		format="http">http://www.adobe.com/products/adobepass/</xref>) provides
		user/device authentication and authorization across multiple content providers.
		The user must have a valid cable TV or satellite TV subscription. 
	 </p> 
	 <fig id="fig_cln_bc2_44"> 
		<image href="images/AdobePass_web.png" id="image_hj4_cc2_44"/> 
	 </fig> 
	 <p class="- topic/p ">Adobe Primetime authentication can be used along with
		Adobe Primeitme DRM for protecting the media content. In this scenario, The
		video player (SWF) can load another SWF called the 
		<i class="+ topic/ph hi-d/i ">Access Enabler</i>, which is hosted by
		Adobe Systems. The 
		<i class="+ topic/ph hi-d/i ">Access Enabler</i> is used to connect to
		the Adobe Primetime authentication service, and facilitate SAML SSO integration
		with MVPD’s (Multichannel Video Programming Distributor) identity provider
		systems. This involves redirecting the user’s browser briefly to the MVPD login
		page, then persisting an AuthN token and finally return to the content web site
		with a cached AuthN session. 
	 </p> 
	 <p class="- topic/p ">The 
		<i class="+ topic/ph hi-d/i ">Access Enabler</i> can then facilitate
		backend authorizations between Adobe Primetime authentication service and the
		MVPD. The MVPD maintains the business logic and determines what content the
		user is entitled to. The entitlement is persisted in an additional AuthZ token
		for that content resource and is sent back to the client. 
	 </p> 
	 <p class="- topic/p ">The authentication and authorization tokens are
		signed using the unique ID and private key of the Primetime DRM client to avoid
		tampering or spoofing. This token can only be accessed via the 
		<i class="+ topic/ph hi-d/i ">Access Enabler</i>. 
	 </p> 
	 <p class="- topic/p ">The video player can trigger the process by calling 
		<codeph class="+ topic/ph pr-d/codeph ">getAuthorization</codeph> on the 
		<i class="+ topic/ph hi-d/i ">Access Enabler</i>. When valid AuthN/AuthZ
		tokens are present, the 
		<i class="+ topic/ph hi-d/i ">AccessEnabler</i> issues a callback to the
		video player that will include a short-lived media token for playing the video
		content. 
	 </p> 
	 <p class="- topic/p ">Adobe Primetime authentication provides a media token
		validator Java library that can be deployed to a server. When using the
		Primetime DRM server for content protection, you can integrate the media token
		validator with a Primetime DRM server-side plug-in to automatically issue a
		generic license after successfully validating the media token. The content is
		then streamed from the CDN servers to the client. To acquire a content license,
		the short-lived media token can be submitted to the Primetime DRM server, where
		the validity of the token is verified and a license can be issued. 
	 </p> 
	 <p class="- topic/p ">The long-lived AuthN token is used generally by the 
		<i class="+ topic/ph hi-d/i ">Access Enabler</i> across all content
		developers to represent the AuthN for that MVPD subscriber. In addition, the
		Primetime DRM Server and Token Verifier can be operated by the CDN or a service
		provider on behalf of the content provider. 
	 </p> 
  </conbody> 
</concept> 
