<?xml version="1.0" encoding="UTF-8"?>
<!DOCTYPE concept PUBLIC "-//OASIS//DTD DITA Concept//EN" "concept.dtd">
<concept id="c_drm_adobe-flash-player"> 
  <title class="- topic/title ">Adobe Flash Player</title> 
  <conbody> 
	 <p class="- topic/p "> Flash Player is a lightweight browser plug-in and
		runtime that delivers consistent and engaging user experiences, stunning
		audio/video playback, and pervasive reach. Flash Player provides high-quality
		playback of streamed or downloaded video content. For content publishers, Flash
		Player provides the means to customize the playback screens surrounding
		content, allowing deeper branding experiences and monetization through
		advertising using banners and overlays. For consumers, Flash Player presents an
		intuitive and visually appealing way to view video content. 
	 </p> 
	 <p class="- topic/p ">For more information on Flash Player, visit: 
		<xref href="http://www.adobe.com/go/flashplayer" scope="external"
		 class="- topic/xref " format="html">www.adobe.com/go/flashplayer</xref>
	 </p> 
  </conbody> 
</concept> 
