<?xml version="1.0" encoding="UTF-8"?>
<!DOCTYPE concept PUBLIC "-//OASIS//DTD DITA Concept//EN" "concept.dtd">
<concept id="c_drm_adobe-access-sdk"> 
  <title class="- topic/title ">Java SDK, Flash Player and Adobe AIR
	 client</title> 
  <shortdesc>The main components of Primetime DRM consist of a Java SDK, and
	 the Flash Player and Adobe AIR client runtime environments. 
  </shortdesc> 
  <conbody> 
	 <p class="- topic/p ">For more information on setting up the SDK, see
		Setting up the SDK in 
		<i class="+ topic/ph hi-d/i ">Using the Adobe Primetime DRM SDK for
		  Protecting Content.</i> 
	 </p> 
	 <p class="- topic/p ">The Primetime DRM SDK lets you develop a digital
		rights management solution that integrates with your organization’s existing
		business infrastructure, such as content management, billing, and user access
		control systems. Flash Player and Adobe AIR let you create and easily deploy
		applications through which consumers can access and view large libraries of
		digital content. 
	 </p> 
	 <section id="section_522E57DFEEFF4794978FF2D366B83690"> 
		<title>Adobe Primetime DRM SDK</title> 
		<p>Primetime DRM is delivered as a Java SDK that provides the building
		  blocks from which you can create a server implementation. Using the SDK you can
		  create an Primetime DRM solution suited to your organization’s business model. 
		</p> 
		<p>The Java APIs provided in the SDK are described in the following
		  sub-sections. 
		</p> 
	 </section> 
  </conbody> 
</concept> 
