<?xml version="1.0" encoding="UTF-8"?>
<!DOCTYPE concept PUBLIC "-//OASIS//DTD DITA Concept//EN" "concept.dtd">
<concept id="c_drm_deploying-adobe-access"> 
  <title class="- topic/title ">Configure Adobe Primetime DRM</title> 
  <conbody> 
	 <p class="- topic/p ">A key advantage to Adobe Primetime DRM SDK is that
		you can install it on any Java™ application server or servlet container, such
		as Tomcat. You also need JDK™ 1.5 or higher. For more information on software
		requirements, see Primetime DRM SDK platform requirements: 
		<xref href="http://www.adobe.com/products/flashaccess/systemreqs/"
		 scope="external" class="- topic/xref "
		 format="http">http://www.adobe.com/products/flashaccess/systemreqs/ 
		</xref>.
	 </p> 
	 <p class="- topic/p ">The high-level steps to deploy Primetime DRM are:
	 </p> 
	 <ol class="- topic/ol " id="ol_kt2_4mq_n4"> 
		<li class="- topic/li " id="li_3DA7C757F7864B55A5F63545F2C37E1B"> 
		  <p class="- topic/p ">Install and configure Primetime DRM SDK.
		  </p> 
		</li> 
		<li class="- topic/li " id="li_F1C36418153F48DAA9A69DA86111928D"> 
		  <p class="- topic/p ">Obtain digital certificates from Adobe.
		  </p> 
		</li> 
		<li class="- topic/li " id="li_2A18238F4378421486BB35FD580E2B36"> 
		  <p class="- topic/p ">Create a License Server using the SDK, or deploy
			 Primetime DRM Server for Protected Streaming.
		  </p> 
		</li> 
		<li class="- topic/li " id="li_6A1C34363FC043C0A3BCAFAE00ED7448"> 
		  <p class="- topic/p ">Create content packaging and policy management
			 tools to package content, use the provided content preparation tools, or
			 license one of the Adobe HTTP Dynamic Streaming packagers.
		  </p> 
		</li> 
		<li class="- topic/li " id="li_BFDD8DAC66964C1899329417AC60F48D"> 
		  <p class="- topic/p ">Define usage rules for your content, and create
			 policies in support of those rules. 
		  </p> 
		</li> 
		<li class="- topic/li " id="li_1B4978C5B7D64075949C9D4734B88BEC"> 
		  <p class="- topic/p ">Package your content using the packaging and
			 policy management tools.
		  </p> 
		</li> 
		<li class="- topic/li " id="li_02B8BA584E6842DA820789DA541BABB9"> 
		  <p class="- topic/p ">Develop video applications with which consumers
			 can view your protected content using Flash Player or Adobe AIR, or use an
			 established OVP (Online Video Platform) that supports Primetime DRM.
		  </p> 
		</li> 
		<li class="- topic/li " id="li_375535E9923345108DDFCEA04F92452C"> 
		  <p class="- topic/p ">Deploy a SWF file for use with Flash Player to
			 your website, or post the Adobe AIR installer for download.
		  </p> 
		</li> 
	 </ol> 
	 <p class="- topic/p ">These steps are expanded upon in the following
		sections, with references to other documents containing additional information.
	 </p> 
  </conbody> 
</concept> 
