<?xml version="1.0" encoding="UTF-8"?>
<!DOCTYPE task PUBLIC "-//OASIS//DTD DITA Task//EN" "task.dtd">
<task id="t_drm_content-preparation"> 
  <title class="- topic/title ">Content preparation</title> 
  <shortdesc>Any use of Adobe Primetime DRM consists of two key steps at
	 different points of the workflow. 
	 <i class="+ topic/ph hi-d/i ">Content preparation</i> must be done once per
	 asset, and results in creating protected content. 
	 <i class="+ topic/ph hi-d/i ">Content acquisition</i> is done multiple
	 times, once for every consumer that wants to watch that protected asset.
  </shortdesc> 
  <taskbody> 
	 <context id="context_704B7807A7FC4A6FB64CED72F7F6E6DF"> 
		<p class="- topic/p ">Before making content available for distribution,
		  you must first encode the content in your video format, create one or more
		  policies specifying usage rules for the content, and package the content using
		  Adobe Primetime DRM SDK.
		</p> 
		<p class="- topic/p ">The steps to encode, package, and distribute
		  content are as follows:
		</p> 
	 </context> 
	 <steps id="steps_8AE607E5FCFD44559DA3FB60CB147608"> 
		<step id="step_735FD053FEA640FFB27F327D6D5E626D"> 
		  <cmd>Encode the content in your desired video format using encoding
			 tools available from Adobe or from third parties.
		  </cmd> 
		</step> 
		<step id="step_E1EBCDE81C0E4CB6BD6E7C6ACE7F040B"> 
		  <cmd>Create policies specifying the usage rules under which consumers
			 can view the content. 
		  </cmd> 
		  <info> 
			 <p>A policy is the container for the rules and restrictions that
				determine how, when, and where protected content can be viewed by consumers. 
			 </p> 
			 <p>The packager requires at least one policy with at least one usage
				rule. You can override the usage rule, and add additional usage rules, when the
				License Server generates the license.
			 </p> 
		  </info> 
		</step> 
		<step id="step_CC12294C44D349328ED9ABBBC7B711DE"> 
		  <cmd>Package the content and specify what policies to apply.
		  </cmd> 
		  <info> 
			 <p class="- topic/p ">Primetime DRM SDK encrypts the content using a
				Content Encryption Key (CEK), and binds one or more policies to the content.
				The result is a 
				<i class="+ topic/ph hi-d/i ">protected content file 
				</i>that can only be played by a consumer who has obtained a
				license from the corresponding License Server.
			 </p> 
			 <p class="- topic/p ">During packaging, the content is encrypted
				using the CEK. The CEK is encrypted using the License Server public key and
				included in the Primetime DRM metadata along with the policies. The Primetime
				DRM metadata is signed using the Packager private key, and the metadata is
				included in the protected content.
			 </p> 
		  </info> 
		</step> 
		<step id="step_FBC466B9B60644E4849D75996B243FB0"> 
		  <cmd>Make the protected content available for distribution to
			 consumers.
		  </cmd> 
		  <info> 
			 <p class="- topic/p ">The protected content is typically distributed
				using a content distribution network (CDN). The CDN can use any mechanism
				supported by the client runtime, such as Flash Media Server, Adobe HTTP Dynamic
				Streaming for multiple bitrate streaming, or an HTTP Web Server for progressive
				download. 
			 </p> 
		  </info> 
		</step> 
	 </steps> 
  </taskbody> 
</task> 
