<?xml version="1.0" encoding="UTF-8"?>
<!DOCTYPE concept PUBLIC "-//OASIS//DTD DITA Concept//EN" "concept.dtd">
<concept id="c_drm_create-content-pkgng-policy-mgmt-tools"> 
  <title class="- topic/title ">Create content packaging and policy management
	 tools</title> 
  <conbody> 
	 <p class="- topic/p ">Using the Adobe Primetime DRM SDK, you can create
		content packaging and policy management tools. The policy management APIs allow
		administrators to create, view details of, and update policies. The packaging
		APIs embed the policy into video file, and encrypt the file using the content
		encryption key. 
	 </p> 
	 <p class="- topic/p ">The Primetime DRM SDK includes a reference
		implementation (<filepath>AdobePackager.jar</filepath>) that provides examples
		of content packaging and policy management tools
		(<filepath>AdobePolicyManager.jar</filepath>). 
	 </p> 
	 <p class="- topic/p ">To learn more about creating content packaging and
		policy management tools, see 
		<i class="+ topic/ph hi-d/i ">Using the Adobe Primetime DRM SDK For
		  Protecting Content</i>. 
	 </p> 
  </conbody> 
</concept> 
