<?xml version="1.0" encoding="UTF-8"?>
<!DOCTYPE concept PUBLIC "-//OASIS//DTD DITA Concept//EN" "concept.dtd">
<concept id="c_drm_create-policies-and-package-content"> 
  <title class="- topic/title ">Create policies and package content</title> 
  <conbody> 
	 <p class="- topic/p ">Using the usage rules supported by the SDK, you must
		define and create policies in support of your organization’s business model,
		and then package your content using those policies. Once policies are applied
		to content during packaging, you can maintain control of your content no matter
		how widely it is distributed. 
	 </p> 
	 <p class="- topic/p ">The policies in Adobe Primetime DRM support a wide
		range of different usage rules, including: 
	 </p> 
	 <ul class="- topic/ul " id="ul_qqv_l4q_n4"> 
		<li class="- topic/li " id="li_F722A434F6CF40E2B13413F289A67E7B"> 
		  <p class="- topic/p ">Specifying the number of days a license is valid
			 once a consumer begins watching the content. 
		  </p> 
		</li> 
		<li class="- topic/li " id="li_378FDE38C48549458628389C9C1214DF"> 
		  <p class="- topic/p ">Allowing license caching. 
		  </p> 
		</li> 
		<li class="- topic/li " id="li_0BACC57C608F4E9A86F496B9397DF466"> 
		  <p class="- topic/p ">Specifying client runtimes and versions that can
			 access content (for example, users must have a certain Adobe AIR application or
			 a specific version of Flash Player). 
		  </p> 
		</li> 
		<li class="- topic/li " id="li_06891E6DE9354FE3953950FF7D92834A"> 
		  <p class="- topic/p ">Requiring that consumers authenticate themselves
			 using a username and password prior to viewing protected content, or allowing
			 anonymous access. 
		  </p> 
		</li> 
	 </ul> 
	 <p class="- topic/p ">To learn more about packaging content, see 
		<i class="+ topic/ph hi-d/i ">Protecting Content</i>. To learn more about
		the usage rules and the business models they support, see 
		<i class="+ topic/ph hi-d/i ">Usage Rules</i>. 
	 </p> 
  </conbody> 
</concept> 
