<?xml version="1.0" encoding="UTF-8"?>
<!DOCTYPE concept PUBLIC "-//OASIS//DTD DITA Concept//EN" "concept.dtd">
<concept id="c_drm_develop-apps-for-video-playback"> 
  <title class="- topic/title ">Develop applications for video playback</title>
  
  <conbody> 
	 <p class="- topic/p ">To enable consumers to access and view content,
		develop a video playback application using Flash Player or Adobe AIR. Once you
		developed a video playback application, you must deploy it to consumers. If you
		are developing an application using Flash Player, host it on your
		organization’s website. If you are developing an application using Adobe® AIR®,
		post the AIR application installer so that consumers can download and install
		the application on their computer. 
	 </p> 
	 <p class="- topic/p ">To learn more about developing custom video playback
		applications for use with Adobe Primetime DRM, see the “Working with Video”
		chapter in 
		<xref
		 href="http://help.adobe.com/en_US/as3/dev/WS9936fa0d5984e93b3f4f38ec1272a447844-8000.html"
		 scope="external" class="- topic/xref " format="html">ActionScript 3.0 Developer
		  Guide</xref><i class="+ topic/ph hi-d/i ">, 
		</i>the 
		<xref href="http://www.adobe.com/devnet/video/" scope="external"
		 class="- topic/xref " format="html"> Adobe Video Technology Center</xref>, and
		the<xref href="http://www.opensourcemediaframework.com/"
		scope="external" class="- topic/xref " format="html"> Open Source Media
		  Framework</xref>. 
	 </p> 
  </conbody> 
</concept> 
