<?xml version="1.0" encoding="UTF-8"?>
<!DOCTYPE concept PUBLIC "-//OASIS//DTD DITA Concept//EN" "concept.dtd">
<concept id="c_drm_install-adobe-access-sdk"> 
  <title class="- topic/title ">Install Adobe Primetime DRM SDK</title> 
  <shortdesc>Primetime DRM SDK is provided as a Java archive (JAR) file. To
	 learn more about installing Primetime DRM, see 
	 <i class="+ topic/ph hi-d/i ">Using Adobe Primetime DRM SDK for Protecting
		Content 
	 </i>and<i class="+ topic/ph hi-d/i "> Secure Deployment Guidelines</i>.
  </shortdesc> 
</concept> 
