<?xml version="1.0" encoding="UTF-8"?>
<!DOCTYPE concept PUBLIC "-//OASIS//DTD DITA Concept//EN" "concept.dtd">
<concept id="c_drm_java-apis-for-protecting-content"> 
  <title class="- topic/title ">Java APIs for protecting content</title> 
  <shortdesc>These APIs are used to define rights and prepare content for
	 distribution. The content protection APIs are:
  </shortdesc> 
  <conbody> 
	 <ul class="- topic/ul " id="ul_al1_2fq_n4"> 
		<li class="- topic/li " id="li_1CD796CFECB14894AADC31DE1D94A8B5"> 
		  <p class="- topic/p ">Policy management
		  </p> 
		  <p class="- topic/p ">The policy management API is used to create and
			 modify policies to be applied to content. Policies can be created or updated,
			 including getting/setting all usage rules and allowing additional parameters in
			 a custom namespace.
		  </p> 
		</li> 
		<li class="- topic/li " id="li_4B7BBB9B977E4824B77480E0CEA9A5CC"> 
		  <p class="- topic/p ">Content packaging
		  </p> 
		  <p class="- topic/p ">The content packaging API is used to encrypt
			 content and retrieve metadata from the packaged content.
		  </p> 
		</li> 
	 </ul> 
  </conbody> 
</concept> 
