<?xml version="1.0" encoding="UTF-8"?>
<!DOCTYPE concept PUBLIC "-//OASIS//DTD DITA Concept//EN" "concept.dtd">
<concept id="c_drm_java-apis-for-issuing-licenses"> 
  <title class="- topic/title ">Java APIs for issuing licenses</title> 
  <shortdesc>These APIs are used when a client requests a license from the
	 server. The SDK supports the following requests from the client:
  </shortdesc> 
  <conbody> 
	 <ul class="- topic/ul " id="ul_r5n_sfq_n4"> 
		<li class="- topic/li " id="li_3878C5568DCA4DFF94EA3DE1D1EC3BA3"> 
		  <p class="- topic/p ">Authentication
		  </p> 
		  <p class="- topic/p ">The authentication API can be used to handle
			 authentication requests and generate authentication tokens. 
		  </p> 
		</li> 
		<li class="- topic/li " id="li_C1BECE56A606437BB974ADC49DCAC6D4"> 
		  <p class="- topic/p ">License generation and acquisition
		  </p> 
		  <p class="- topic/p ">The license generation and acquisition API is
			 used to generate a license for the user.
		  </p> 
		</li> 
		<li class="- topic/li " id="li_F4840F27AF4F430BBC93D22FF413B298"> 
		  <p class="- topic/p ">Support for Adobe AIR version 1.5 clients and
			 content
		  </p> 
		  <p class="- topic/p ">For the purposes of backwards compatibility, the
			 SDK has APIs to handle requests from AIR applications created for use with AIR
			 version 1.5 and earlier clients and protected content.
		  </p> 
		</li> 
	 </ul> 
  </conbody> 
</concept> 
