<?xml version="1.0" encoding="UTF-8"?>
<!DOCTYPE concept PUBLIC "-//OASIS//DTD DITA Concept//EN" "concept.dtd">
<concept id="c_drm_key-features"> 
  <title class="- topic/title ">Key features</title> 
  <conbody> 
	 <p class="- topic/p ">Adobe Primetime DRM provides these key features: 
	 </p> 
	 <ul id="ul_dnz_mpm_44"> 
		<li id="li_4BE5B64ED2D641489A13690105BF88D6"><b>HLS Streaming Support
			 (requires Adobe Primetime):</b> Use Primetime DRM with HLS content that can be
		  streamed to any platform supported by Flash or Adobe Primetime (such as
		  Desktop, iOS, and Android). 
		</li> 
		<li id="li_F7CAC0328AF746B79542E0514ED27FFF"><b>Native iOS Application
			 Support (requires Adobe Primetime):</b> Use Primetime DRM to protect video in
		  your iOS applications. 
		</li> 
		<li id="li_8E5A28BC5CD7456BA43CC62D3D1AF14E"><b>Native Android
			 Application Support (requires Adobe Primetime):</b> Use Primetime DRM to
		  protect video in your Android applications. 
		</li> 
		<li id="li_28F15373B8134EF4B55F7BE4296A7ADC"><b>Protected Streaming on
			 Xbox (requires Adobe Primetime)</b>. 
		</li> 
		<li id="li_041059E87B594757956D0C85C22E02D0"><b
		  class="+ topic/ph hi-d/b ">Remote iOS key delivery (requires Adobe
			 Primetime):</b> Support for delivering remote iOS keys through a multi-tenant
		  key server, called the Primetime DRM Key Server. 
		</li> 
		<li id="li_AB99E4F733DC4314AF1C87E0CC91E92E"><b
		  class="+ topic/ph hi-d/b ">Persistent content protection:</b> Content remains
		  protected throughout the distribution chain. Once the content is packaged, it
		  remains protected at all times, and portions of it are only decrypted at the
		  time of playback and in accordance with the usage rules. 
		</li> 
		<li id="li_29E47A6DE3134415B6EF56304FD0E5E3">Because the content is
		  packaged with usage rules and licensing information, protection always travels
		  with the content. If unlicensed consumers attempt to play the content, the
		  policy embedded in the content redirects them so they can acquire a valid
		  license for the content. 
		</li> 
		<li id="li_979F6296A84C497DA81C0D77DFE4860F"><b
		  class="+ topic/ph hi-d/b ">Secure playback of protected content: 
		  </b>Proven encryption schemes are used to protect content from
		  unauthorized playback. 
		</li> 
		<li id="li_CB4DFC7A4C484722AD27EAEEB46A645E"><b
		  class="+ topic/ph hi-d/b ">Flexible usage rules:</b> Usage rules determine how
		  consumers can use protected content. The usage rules supported by Primetime DRM
		  allow for several different business models, including pay-per-view, movie
		  rental, subscriptions, or ad-funded services. The usage rules are specified by
		  the policy you embed into the content during packaging, or can be specified by
		  the License Server during license acquisition. 
		</li> 
		<li id="li_A7D0DBDCFABA483CAB1EC2821B808987"><b
		  class="+ topic/ph hi-d/b ">Output protection:</b> Output protection controls
		  can be used to engage protection schemes such as HDCP, CGMS-A or Rovi (formerly
		  Macrovision) ACP. This can help protect content output over digital (for
		  example, HDMI, DVI, and UDI) and analog (for example, S-Video, and Component
		  Video) outputs. 
		  <p>You can specify output protection options in the policy you create
			 for your content, allowing or disallowing access to content based on a device’s
			 output protection capabilities. For example, you can specify that output
			 protection is not required for certain content, but require output protection
			 for premium video content, preventing the output of content on operating
			 systems that lack this capability. 
		  </p> 
		  <p>While these rules are consistently enforced across all platforms,
			 currently it is only possible to securely turn on output protection on Windows
			 platforms. 
		  </p> 
		</li> 
		<li id="li_37CDF9A8115E4286AEF9F56CF2B0A70B"><b
		  class="+ topic/ph hi-d/b ">Support for dynamic streaming: 
		  </b>Use the dynamic streaming feature of Flash Media Server or Adobe
		  HTTP Dynamic Streaming to protect content encoded at multiple bit rates.
		  Dynamic streaming uses a video stream that dynamically adjusts the bit rate and
		  playback quality based on available bandwidth, providing an improved user
		  experience. Primetime DRM makes it possible use the same Content Encryption Key
		  and license across the different encodings of the same asset. 
		</li> 
		<li id="li_A0112C0B2C574950989F7C45E74FAF34"><b
		  class="+ topic/ph hi-d/b ">Offline viewing:</b> The Adobe AIR runtime client
		  allows consumers to download and store content for later viewing, whether or
		  not the computer remains connected to the Internet. 
		</li> 
		<li id="li_6BFE215AEC0B476A9658F2B6E62D9D75"><b
		  class="+ topic/ph hi-d/b ">Identity-based licensing:</b> Links permissions to
		  user identities, requiring consumers to authenticate themselves (providing a
		  user id and password) in order to gain access to content. Identity-based
		  licensing requires that the party developing the client application implement
		  user authentication as part of the license acquisition workflow. 
		</li> 
		<li id="li_4ED3BB64633341ABAD2432DF098386B2"><b
		  class="+ topic/ph hi-d/b ">License chaining:</b> Allows consumers to extend the
		  life of all of their content by renewing a single root license. One of the
		  primary uses of license chaining is for subscription-based business models,
		  where, at the end of a subscription period, licenses to large numbers of
		  content files can be renewed by simply renewing the root license. 
		  <p class="- topic/p ">Both root and leaf licenses are bound to the
			 consumer’s computer. The leaf license contains the CEK and a reference to the
			 root license. The root license can extend the rights granted in the leaf
			 license. For example, a consumer may have leaf licenses for 50 pieces of
			 content that will expire at the end of a given subscription period. If the
			 consumer downloads a new root license with a new expiration date, all 50 pieces
			 of content can be played back until the updated license expires. 
		  </p> 
		  <p class="- topic/p ">Primetime DRM 2.0 introduced license chaining in
			 which both the leaf and root licenses are bound to a specific machine.
			 Primetime DRM 3.0 introduces an enhanced form of license chaining, in which a
			 leaf is bound to a root license, and only the root license is bound to a
			 specific machine or domain. Read 
			 <i class="+ topic/ph hi-d/i ">Enhanced License Chaining</i> in 
			 <i class="+ topic/ph hi-d/i ">Using the Adobe Primetime DRM SDK for
				Protecting Content</i>. 
		  </p> 
		</li> 
		<li id="li_560C58E5000749BD958ED70F01BBA3D3"><b
		  class="+ topic/ph hi-d/b ">Key rotation:</b> During typical packaging, the
		  content is encrypted using the Content Encryption Key (CEK), and the client
		  obtains a license containing the CEK in order to consume the content. When key
		  rotation is enabled, the key used to encrypt the content can be changed so that
		  the key is only used to encrypt a portion of the content. Read 
		  <i class="+ topic/ph hi-d/i ">Key Rotation</i> in 
		  <i class="+ topic/ph hi-d/i ">Using the Adobe Primetime DRM SDK for
			 Protecting Content</i>. 
		</li> 
		<li id="li_7F0856A34A0F48B8A6D413C7D3E87B5E"><b
		  class="+ topic/ph hi-d/b ">Out-of-band Licenses:</b> With Primetime DRM, it is
		  possible to implement a workflow in which clients obtain pre-generated licenses
		  out-of-band, eliminating the need to deploy a License Server. 
		</li> 
		<li id="li_1C86C38722F743A09BB0974B22B82718"><b
		  class="+ topic/ph hi-d/b ">Domain Support:</b> As an alternative to binding a
		  license to a specific device, Primetime DRM supports binding licenses to a
		  domain. Multiple devices may join a domain and receive a domain token allowing
		  licenses to be moved between devices in the domain. Read 
		  <i class="+ topic/ph hi-d/i ">Domain Registration</i> in 
		  <i class="+ topic/ph hi-d/i ">Using the Adobe Primetime DRM SDK for
			 Protecting Content</i>. 
		</li> 
		<li id="li_E8CAF19C375C4970B0A36C5C1B03F324"><b
		  class="+ topic/ph hi-d/b ">Partial encryption:</b> Specifies whether all
		  frames, or only a subset of frames, should be encrypted. There are three levels
		  of encryption: low, medium and high. Reducing the encryption level may decrease
		  CPU overhead on lower end machines. 
		</li> 
		<li id="li_08CF9E7DF943494A8CEA54562624D21D"><b
		  class="+ topic/ph hi-d/b ">Disconnected content packaging:</b> Content
		  packaging does not require a network connection to the License Server. This
		  enables secure back-end operations by limiting the exposure of compressed
		  content that has not yet been protected. 
		</li> 
		<li id="li_5C45FBF4E235431F9053DF0B12035200"><b
		  class="+ topic/ph hi-d/b ">Control over clock rollback: 
		  </b>Primetime DRM provides for the secure and accurate calculation of
		  time to detect clock rollback on the client computer. This enforces rights
		  related to accessing content for a specific amount of time, and prevents
		  consumers from subverting access rights by altering the time on their computer.
		  
		</li> 
		<li id="li_6DB8CC110B734ECB91A043DD148ABDCD"><b
		  class="+ topic/ph hi-d/b ">Individualization</b>: Allows binding content to a
		  particular machine. 
		</li> 
		<li id="li_C0EBAE5513DB4780A7FF2355DC0BC016"><b
		  class="+ topic/ph hi-d/b ">Application whitelist:</b> Allows the client runtime
		  to ensure that protected content only plays within an authorized SWF or AIR
		  application. 
		</li> 
		<li id="li_F59C1DCFDB804B8AB7A6558D9F619B1B"><b
		  class="+ topic/ph hi-d/b ">Revocation of compromised clients: 
		  </b>Compromised client software can be revoked. If the Flash Player or
		  Adobe AIR runtime is determined to have been compromised, service can be
		  refused to those clients until they upgrade to a newer and more secure version
		  of the client software. 
		</li> 
		<li id="li_F80E7BEAB7BE4BC7A8B752FA349242DE"><b
		  class="+ topic/ph hi-d/b ">Multiple policies for the same video file: 
		  </b>A single piece of video content can have multiple policies embedded
		  during packaging. When issuing a license, the License Server may decide which
		  of the policies to use, enabling a content distributor to use the same
		  protected file for different business models (such as rental and electronic
		  sell-through). 
		</li> 
	 </ul> 
  </conbody> 
</concept> 
