<?xml version="1.0" encoding="UTF-8"?>
<!DOCTYPE concept PUBLIC "-//OASIS//DTD DITA Concept//EN" "concept.dtd">
<concept id="c_drm_overview"> 
  <title class="- topic/title ">Adobe Primetime DRM SDK - An overview</title> 
  <conbody> 
	 <note>Adobe Primetime DRM was formerly called Adobe Access, and prior to
		that, Flash Access. 
	 </note> 
	 <p class="- topic/p ">Primetime DRM SDK is a digital rights management
		platform that makes it possible to protect and securely deliver video and audio
		content for playback on consumer devices. 
	 </p> 
	 <p class="- topic/p ">Primetime DRM is a flexible platform that enables
		content owners to protect their content and maintain control over distribution.
		Content owners can protect and manage their rights by creating licenses for
		each digital media file, ensuring that a wide variety of the highest-quality
		content is made available to consumers. 
	 </p> 
	 <p class="- topic/p ">Primetime DRM supports a wide range of business
		models, including video on demand, rental, and electronic sell-through. You can
		distribute content protected with Primetime DRM in a variety of ways,
		including: 
	 <ul id="ul_o5w_yts_2s"> 
		<li id="li_BC5188784053447A89D31B02480E9774">Streaming through Adobe
		  Flash Media Server software 
		</li> 
		<li id="li_2E71B94333794D06B33F52CD1AD27E55">Offering progressive
		  download via HTTP using Adobe's HTTP Dynamic Streaming technology 
		</li> 
		<li id="li_36009608CEFC43E28CA7045CC144F524">Permitting downloads to a
		  content library for local playback at the consumer's convenience 
		</li> 
	 </ul> 
	 </p> 
  </conbody> 
</concept> 
