<?xml version="1.0" encoding="UTF-8"?>
<!DOCTYPE concept PUBLIC "-//OASIS//DTD DITA Concept//EN" "concept.dtd">
<concept id="c_aaxs_xgep_about-adobe-access"> 
  <title class="- topic/title ">About Adobe Access</title> 
  <conbody> 
	 <p class="- topic/p ">Adobe Access lets content owners and distributors
		control how and where their content can be distributed and experienced,
		providing end-to-end protection throughout the content lifecycle. It encrypts
		Flash FLV and F4V video files, which can then be streamed or downloaded to
		Microsoft® Windows®, Apple® Mac OS®, Linux®, and Android® platforms, and
		enforces business models such as online video rental. Consumers can enjoy
		high-quality content at their convenience, whether they are online or offline.
		Adobe Access offers key advantages that content owners and distributors can use
		to quickly deliver new services that differentiate them from the competition. 
	 </p> 
	 <p class="- topic/p ">This cross-platform solution can be integrated into
		existing billing and authentication systems, allowing content owners and
		distributors to maintain control of audio and video content no matter how
		widely it is distributed. Adobe Access helps protect and monetize content with
		confidence and provides the flexibility to manage how and where protected
		content is experienced.
	 </p> 
	 <p class="- topic/p ">Adobe Access gives:
	 </p> 
	 <ul class="- topic/ul " id="ul_orc_qwv_m4"> 
		<li class="- topic/li " id="li_27BFBEB0A49C4083A6031B60EC30E75B"> 
		  <p class="- topic/p ">Content owners and distributors broader reach for
			 media assets, and a way to recuperate production costs while protecting those
			 assets from misuse.
		  </p> 
		</li> 
		<li class="- topic/li " id="li_69967DDB1DE8418CA8D564A94AFF582C"> 
		  <p class="- topic/p ">Content distributors the ability to rapidly
			 distribute content and recuperate production costs through direct (user-paid)
			 or indirect (advertiser-paid) compensation.
		  </p> 
		</li> 
		<li class="- topic/li " id="li_A93A473DA9444E7F80D29C8E2722F239"> 
		  <p class="- topic/p ">Consumers the flexibility to enjoy premium
			 content with a rich viewing experience that is intuitive, non-intrusive,
			 convenient, and engaging.
		  </p> 
		</li> 
		<li class="- topic/li " id="li_54E3B99ADEFA46128D835FAC432BB68A"> 
		  <p class="- topic/p ">Developers the ability to automate Adobe Access
			 capabilities, including authorization and authentication, into a content
			 distributor’s existing environment.
		  </p> 
		</li> 
	 </ul> 
  </conbody> 
</concept> 
