<?xml version="1.0" encoding="UTF-8"?>
<!DOCTYPE concept PUBLIC "-//OASIS//DTD DITA Concept//EN" "concept.dtd">
<concept id="c_aaxs_xgep_adobe-access-sdk"> 
  <title class="- topic/title ">Java SDK, Flash Player and Adobe AIR
	 client</title> 
  <shortdesc>The main components of Adobe Access consist of a Java SDK, and the
	 Flash Player and Adobe AIR client runtime environments.
  </shortdesc> 
  <conbody> 
	 <p class="- topic/p ">For more information on setting up the SDK, see
		Setting up the SDK in 
		<i class="+ topic/ph hi-d/i ">Using the Adobe Access SDK for Protecting
		  Content.</i>
	 </p> 
	 <p class="- topic/p ">The Adobe Access SDK lets you develop a digital
		rights management solution that integrates with your organization’s existing
		business infrastructure, such as content management, billing, and user access
		control systems. Flash Player and Adobe AIR let you create and easily deploy
		applications through which consumers can access and view large libraries of
		digital content.
	 </p> 
	 <section id="section_6AA3DC7BAE354472AE179BBC9AF6BD27">
		<title>Adobe Access SDK</title>
		<p>Adobe Access is delivered as a Java SDK that provides the building
		  blocks from which you can create a server implementation. Using the SDK you can
		  create an Adobe Access solution suited to your organization’s business model. 
		</p>
		<p>The Java APIs provided in the SDK are described in the following
		  sub-sections.
		</p>
	 </section>
  </conbody> 
</concept> 
