<?xml version="1.0" encoding="UTF-8"?>
<!DOCTYPE concept PUBLIC "-//OASIS//DTD DITA Concept//EN" "concept.dtd">
<concept id="c_aaxs_xgep_deploying-adobe-access"> 
  <title class="- topic/title ">Configure Adobe Access</title> 
  <conbody> 
	 <p class="- topic/p ">A key advantage to Adobe Access SDK is that you can
		install it on any Java™ application server or servlet container, such as
		Tomcat. You also need JDK™ 1.5 or higher. For more information on software
		requirements, see Adobe Access SDK platform requirements: 
		<xref href="http://www.adobe.com/products/flashaccess/systemreqs/"
		 scope="external" class="- topic/xref " format="html">:
		  http://www.adobe.com/products/flashaccess/systemreqs/ 
		</xref>.
	 </p> 
	 <p class="- topic/p ">The high-level steps to deploy Adobe Access are:
	 </p> 
	 <ol class="- topic/ol " id="ol_kt2_4mq_n4"> 
		<li class="- topic/li " id="li_F5022A370596477BAD0A1E36DA7A33A2"> 
		  <p class="- topic/p ">Install and configure Adobe Access SDK.
		  </p> 
		</li> 
		<li class="- topic/li " id="li_87B475BC7A6B450783CFA1FDC68C7D1B"> 
		  <p class="- topic/p ">Obtain digital certificates from Adobe.
		  </p> 
		</li> 
		<li class="- topic/li " id="li_8326B0602A17436F8939B8DD38D81602"> 
		  <p class="- topic/p ">Create a License Server using the SDK, or deploy
			 Adobe Access Server for Protected Streaming.
		  </p> 
		</li> 
		<li class="- topic/li " id="li_A9444ABCDCD1450FB41B74872071A862"> 
		  <p class="- topic/p ">Create content packaging and policy management
			 tools to package content, use the provided content preparation tools, or
			 license one of the Adobe HTTP Dynamic Streaming packagers.
		  </p> 
		</li> 
		<li class="- topic/li " id="li_12C5DA3FDA834F0BA74B29AD7E62999A"> 
		  <p class="- topic/p ">Define usage rules for your content, and create
			 policies in support of those rules. 
		  </p> 
		</li> 
		<li class="- topic/li " id="li_21D9EBAABF924667B09C1AA4A5F7C24A"> 
		  <p class="- topic/p ">Package your content using the packaging and
			 policy management tools.
		  </p> 
		</li> 
		<li class="- topic/li " id="li_2B52D1AE9FDC4F00AEB55D2D5D858E90"> 
		  <p class="- topic/p ">Develop video applications with which consumers
			 can view your protected content using Flash Player or Adobe AIR, or use an
			 established OVP (Online Video Platform) that supports Adobe Access.
		  </p> 
		</li> 
		<li class="- topic/li " id="li_7A55D6BD7C4B4A47B65C3DAF50A25976"> 
		  <p class="- topic/p ">Deploy a SWF file for use with Flash Player to
			 your website, or post the Adobe AIR installer for download.
		  </p> 
		</li> 
	 </ol> 
	 <p class="- topic/p ">These steps are expanded upon in the following
		sections, with references to other documents containing additional information.
	 </p> 
  </conbody> 
</concept> 
