<?xml version="1.0" encoding="UTF-8"?>
<!DOCTYPE task PUBLIC "-//OASIS//DTD DITA Task//EN" "task.dtd">
<task id="t_aaxs_xgep_content-preparation"> 
  <title class="- topic/title ">Content preparation</title> 
  <shortdesc>Any use of Adobe Access consists of two key steps at different
	 points of the workflow. 
	 <i class="+ topic/ph hi-d/i ">Content preparation</i> must be done once per
	 asset, and results in creating protected content. 
	 <i class="+ topic/ph hi-d/i ">Content acquisition</i> is done multiple
	 times, once for every consumer that wants to watch that protected asset.
  </shortdesc> 
  <taskbody> 
	 <context id="context_6FCC3A43EA2E4D7081A7EB9A9355225A"> 
		<p class="- topic/p ">Before making content available for distribution,
		  you must first encode the content in the FLV or F4V video format, create one or
		  more policies specifying usage rules for the content, and package the content
		  using Adobe Access SDK.
		</p> 
		<p class="- topic/p ">The steps to encode, package, and distribute
		  content are as follows:
		</p> 
	 </context> 
	 <steps id="steps_BC7776B6A0C043D598CDCBF0500185BE"> 
		<step id="step_5B2BC168368C4AFD95F51FD2FF43156C"> 
		  <cmd>Encode the content in the FLV or F4V format using encoding tools
			 available from Adobe or from third parties.
		  </cmd> 
		</step> 
		<step id="step_199ECA884798482DAE6FF98EC6723A91"> 
		  <cmd>Create policies specifying the usage rules under which consumers
			 can view the content. 
		  </cmd> 
		  <info> 
			 <p>A policy is the container for the rules and restrictions that
				determine how, when, and where protected content can be viewed by consumers. 
			 </p> 
			 <p>The packager requires at least one policy with at least one usage
				rule. You can override the usage rule, and add additional usage rules, when the
				License Server generates the license.
			 </p> 
		  </info> 
		</step> 
		<step id="step_D5F0D5A3E24D472684A3B9FC5A95B261"> 
		  <cmd>Package the content and specify what policies to apply.
		  </cmd> 
		  <info> 
			 <p class="- topic/p ">Adobe Access SDK encrypts the content using a
				Content Encryption Key (CEK), and binds one or more policies to the content.
				The result is a 
				<i class="+ topic/ph hi-d/i ">protected content file 
				</i>that can only be played by a consumer who has obtained a
				license from the corresponding License Server.
			 </p> 
			 <p class="- topic/p ">During packaging, the content is encrypted
				using the CEK. The CEK is encrypted using the License Server public key and
				included in the DRM metadata along with the policies. The DRM metadata is
				signed using the Packager private key, and the metadata is included in the
				protected content.
			 </p> 
		  </info> 
		</step> 
		<step id="step_C313B0FFC36A43B0B8164BE43A56DBDB"> 
		  <cmd>Make the protected content available for distribution to
			 consumers.
		  </cmd> 
		  <info> 
			 <p class="- topic/p ">The protected content is typically distributed
				using a content distribution network (CDN). The CDN can use any mechanism
				supported by the client runtime, such as Flash Media Server, Adobe HTTP Dynamic
				Streaming for multiple bitrate streaming, or an HTTP Web Server for progressive
				download. 
			 </p> 
		  </info> 
		</step> 
	 </steps> 
  </taskbody> 
</task> 
