<?xml version="1.0" encoding="UTF-8"?>
<!DOCTYPE concept PUBLIC "-//OASIS//DTD DITA Concept//EN" "concept.dtd">
<concept id="c_aaxs_xgep_install-a-license-server"> 
  <title class="- topic/title ">Implement a License Server</title> 
  <conbody> 
	 <p class="- topic/p ">Using Adobe Access SDK, you must create a License
		Server. When content is protected using Adobe Access, it cannot be viewed until
		a license is issued to the consumer by the License Server. If identity-based
		licensing is used, password-based authentication ensures that only authorized
		consumers can open and view content.
	 </p> 
	 <p class="- topic/p ">When implementing a License Server, you must obtain
		the necessary digital certificates from Adobe. Refer to the Adobe Access
		Certificate Enrollment document for detailed instructions on requesting
		certificates.
	 </p> 
	 <p class="- topic/p ">To learn more about implementing a License Server,
		and obtaining digital certificates, see<i class="+ topic/ph hi-d/i "> Using
		  Adobe Access SDK for Protecting Content.</i>
	 </p> 
  </conbody> 
</concept> 
