<?xml version="1.0" encoding="UTF-8"?>
<!DOCTYPE concept PUBLIC "-//OASIS//DTD DITA Concept//EN" "concept.dtd">
<concept id="c_aaxs_xgep_install-adobe-access-sdk"> 
  <title class="- topic/title ">Install Adobe Access SDK</title> 
  <conbody> 
	 <p class="- topic/p ">Adobe Access SDK is provided as a Java archive (JAR)
		file. To learn more about installing Adobe Access, see 
		<i class="+ topic/ph hi-d/i ">Using Adobe Access SDK for Protecting
		  Content 
		</i>and<i class="+ topic/ph hi-d/i "> Secure Deployment Guidelines</i>. 
	 </p> 
  </conbody> 
</concept> 
