<?xml version="1.0" encoding="UTF-8"?>
<!DOCTYPE concept PUBLIC "-//OASIS//DTD DITA Concept//EN" "concept.dtd">
<concept id="c_aaxs_xgep_java-apis-for-managing-domains"> 
  <title class="- topic/title ">Java APIs for managing device group
	 domains</title> 
  <conbody> 
	 <p class="- topic/p ">These APIs are used to allow the server to handle
		client requests for joining and leaving device group domains.
	 </p> 
	 <p>A device group domain is a logical collection of devices that are able
		to share licenses between each other. In order for this to happen, each device
		must first join/register to the same domain. The Adobe Access SDK, running on a
		server, must handle the Device Domain join (register) requests, as well as
		Device Domain leave (de-register) requests. Devices that are not joined to any
		domain will be issued licenses that are bound to that device, which cannot be
		shared to any other device.
	 </p> 
  </conbody> 
</concept> 
