<?xml version="1.0" encoding="UTF-8"?>
<!DOCTYPE concept PUBLIC "-//OASIS//DTD DITA Concept//EN" "concept.dtd">
<concept id="c_aaxs_xgep_java-apis-for-issuing-licenses"> 
  <title class="- topic/title ">Java APIs for issuing licenses</title> 
  <conbody> 
	 <p class="- topic/p ">These APIs are used when a client requests a license
		from the server. The SDK supports the following requests from the client:
	 </p> 
	 <ul class="- topic/ul " id="ul_r5n_sfq_n4"> 
		<li class="- topic/li " id="li_424556E6310B4E9789CCDE73ED14B75F"> 
		  <p class="- topic/p ">Authentication
		  </p> 
		  <p class="- topic/p ">The authentication API can be used to handle
			 authentication requests and generate authentication tokens. 
		  </p> 
		</li> 
		<li class="- topic/li " id="li_172903313F0446E189ABEE788E3A9F55"> 
		  <p class="- topic/p ">License generation and acquisition
		  </p> 
		  <p class="- topic/p ">The license generation and acquisition API is
			 used to generate a license for the user.
		  </p> 
		</li> 
		<li class="- topic/li " id="li_1AC7F2019879421BAA1AF3E92E4FD20B"> 
		  <p class="- topic/p ">Support for Adobe AIR version 1.5 clients and
			 content
		  </p> 
		  <p class="- topic/p ">For the purposes of backwards compatibility, the
			 SDK has APIs to handle requests from AIR applications created for use with AIR
			 version 1.5 and earlier clients and protected content.
		  </p> 
		</li> 
	 </ul> 
  </conbody> 
</concept> 
