<?xml version="1.0" encoding="UTF-8"?>
<!DOCTYPE concept PUBLIC "-//OASIS//DTD DITA Concept//EN" "concept.dtd">
<concept id="c_aaxs_xgep_adobe-air"> 
  <title class="- topic/title ">Native iOS and Android Applications</title> 
  <conbody> 
	 <p class="- topic/p ">Native iOS and Android Applications Available only to
		Adobe Primetime customers, Adobe Access DRM 4.0 and higher can be used to
		protect video that is consumed within native (non-Flash) applications on mobile
		devices. In order for an application to consume this protected content, it must
		be implemented using the Adobe Primetime Client libraries. 
	 </p> 
	 <p class="- topic/p ">For more information on Adobe Primetime, visit: 
		<xref href="http://www.adobe.com/solutions/primetime.html"
		 scope="external" class="- topic/xref "
		 format="html">http://www.adobe.com/solutions/primetime.html</xref>
	 </p> 
  </conbody> 
</concept> 
