<?xml version="1.0" encoding="UTF-8"?>
<!DOCTYPE concept PUBLIC "-//OASIS//DTD DITA Concept//EN" "concept.dtd">
<concept id="c_aaxs_xgep_overview"> 
  <title class="- topic/title ">An overview of Adobe Access SDK</title> 
  <conbody> 
	 <p class="- topic/p ">Adobe® Access™ SDK is a digital rights management
		platform that makes it possible to protect and securely deliver video and audio
		content for playback on consumer devices such as personal computers. Adobe
		Access is a flexible platform that enables content owners to protect their
		content and maintain control over distribution. Content owners can protect and
		manage their rights by creating licenses for each digital media file, ensuring
		that a wide variety of the highest-quality content is made available to
		consumers.
	 </p> 
	 <p class="- topic/p ">Adobe Access supports a wide range of business
		models, including video on demand, rental, and electronic sell-through. You can
		distribute content protected with Adobe Access by streaming through Adobe Flash
		Media Server software, offering progressive download via HTTP using Adobe's
		HTTP Dynamic Streaming technology, or permitting downloads to a content library
		for local playback at the consumer's convenience.
	 </p> 
  </conbody> 
</concept> 
