<?xml version="1.0" encoding="UTF-8"?>
<!DOCTYPE concept PUBLIC "-//OASIS//DTD DITA Concept//EN" "concept.dtd">
<concept id="c_aaxs_xgep_reference-implementation"> 
  <title class="- topic/title ">Reference implementation</title> 
  <conbody> 
	 <p class="- topic/p ">The SDK includes a reference implementation, a simple
		Adobe Access deployment that demonstrates how to use the Java APIs. The
		reference implementation provides a License Server, Watched Folder Packager,
		Adobe Access Manager AIR application, and command line tools for content
		packaging and policy management based on the Java APIs. To learn more about the
		Adobe Access reference implementation, see 
		<i class="+ topic/ph hi-d/i ">Protecting Content</i>.
	 </p> 
  </conbody> 
</concept> 
