<?xml version="1.0" encoding="UTF-8"?>
<!DOCTYPE concept PUBLIC "-//OASIS//DTD DITA Concept//EN" "concept.dtd">
<concept id="c_aaxs_xgep_terminology-and-core-concepts"> 
  <title class="- topic/title ">Terminology and core concepts</title> 
  <conbody> 
	 <p class="- topic/p ">The following terms and concepts are used throughout
		this document:
	 </p> 
	 <p class="- topic/p "> 
		<b class="+ topic/ph hi-d/b ">Consumer</b> 
	 </p> 
	 <p class="- topic/p ">The 
		<i class="+ topic/ph hi-d/i ">consumer</i> is the end user who downloads
		or streams content.
	 </p> 
	 <p class="- topic/p "> 
		<b class="+ topic/ph hi-d/b ">Content</b> 
	 </p> 
	 <p class="- topic/p "><i class="+ topic/ph hi-d/i ">Content</i> consists of
		digital audio or video files.
	 </p> 
	 <p class="- topic/p "> 
		<b class="+ topic/ph hi-d/b ">Content Encryption Key</b> 
	 </p> 
	 <p class="- topic/p ">The 
		<i class="+ topic/ph hi-d/i ">Content Encryption Key</i> (CEK) is a
		cryptographic key used to encrypt the content. 
	 </p> 
	 <p class="- topic/p "> 
		<b class="+ topic/ph hi-d/b ">Content owners</b> 
	 </p> 
	 <p class="- topic/p "><i class="+ topic/ph hi-d/i ">Content owners</i> are
		the business entities who own the copyright to the content. These can be large
		motion picture studios, or smaller, independent producers of movies or other
		audiovisual content.
	 </p> 
	 <p class="- topic/p "> 
		<b class="+ topic/ph hi-d/b ">Content packagers</b> 
	 </p> 
	 <p class="- topic/p "><i class="+ topic/ph hi-d/i ">Content packagers</i>
		are organizations who package content for use with Adobe Access. Content owners
		or Distributors may choose to package their own content, or they may enlist the
		services of a third-party to package their content, and distribute it
		electronically via the Internet. 
	 </p> 
	 <p class="- topic/p "> 
		<b class="+ topic/ph hi-d/b ">Digital certificate</b> 
	 </p> 
	 <p class="- topic/p "><i class="+ topic/ph hi-d/i ">Digital
		  certificates</i> (also referred to as 
		<i class="+ topic/ph hi-d/i ">certificates</i>) bind an entity, such as
		an individual, organization, or system, to a specific public and private key
		pair. Digital certificates can be thought of as electronic credentials that
		verify the identity of an individual, system, or organization.
	 </p> 
	 <p class="- topic/p "> 
		<b class="+ topic/ph hi-d/b ">Digital signature</b> 
	 </p> 
	 <p class="- topic/p ">A 
		<i class="+ topic/ph hi-d/i ">digital signature</i> binds the publisher's
		identity to the content that they have published and provides a mechanism to
		detect tampering. Digital signature algorithms use cryptographic hash functions
		and asymmetric—or public/private key pair—encryption algorithms. Some digital
		signatures also take advantage of digital certificates and public key
		infrastructure (PKI) to bind public keys to the identities of content owners or
		distributors.
	 </p> 
	 <p class="- topic/p "> 
		<b class="+ topic/ph hi-d/b ">Distributor</b> 
	 </p> 
	 <p class="- topic/p "><i class="+ topic/ph hi-d/i ">Distributors</i> (also
		referred to as 
		<i class="+ topic/ph hi-d/i ">content distributors</i> or<i
		class="+ topic/ph hi-d/i "> retailers</i>) are business entities who secure
		distribution rights from content owners to publish and circulate content to
		consumers. In some cases, the same entity is both the content owner and content
		distributor.
	 </p> 
	 <p class="- topic/p "> 
		<b class="+ topic/ph hi-d/b ">DRM metadata</b> 
	 </p> 
	 <p class="- topic/p ">Information that the client (meaning Adobe® Flash®
		Player, Adobe® AIR® runtime, and Primetime client) sends to identify the
		requested content. 
	 </p> 
	 <p class="- topic/p "> 
		<b class="+ topic/ph hi-d/b ">License</b> 
	 </p> 
	 <p class="- topic/p ">A 
		<i class="+ topic/ph hi-d/i ">license 
		</i>is a data structure that contains an encrypted key used to decrypt
		content associated with a policy. The license is generated by Adobe Access when
		the consumer requests content, and is bound to the consumer’s computer. Using a
		policy as a reference, the license defines the rights available to the consumer
		who downloads content. In order to view content, the consumer must obtain a
		license.
	 </p> 
	 <p class="- topic/p "> 
		<b class="+ topic/ph hi-d/b ">License acquisition</b> 
	 </p> 
	 <p class="- topic/p "><i class="+ topic/ph hi-d/i ">License acquisition</i>
		is the process of acquiring a license allowing the consumer to decrypt and view
		protected content according to a set of usage rules. License acquisition occurs
		when a client sends information identifying the requested content (the 
		<i class="+ topic/ph hi-d/i ">DRM metadata</i>) and the machine
		certificate (identifying the consumer’s computer) to the License Server (see
		below).
	 </p> 
	 <p class="- topic/p "> 
		<b class="+ topic/ph hi-d/b ">License Server</b> 
	 </p> 
	 <p class="- topic/p ">The<i class="+ topic/ph hi-d/i "> License Server 
		</i>may be integrated into the distributor's or service provider's
		billing and authentication systems, and may contain business logic to verify
		that the consumer requesting protected content is authorized to view the
		content. If the user is authorized to access the content, the License Server
		issues a license allowing the runtime client to decrypt and playback content
		based on the policy and rights associated with the consumer's account.
	 </p> 
	 <p class="- topic/p ">You must create and deploy a License Server using the
		Adobe Access SDK.
	 </p> 
	 <p class="- topic/p "> 
		<b class="+ topic/ph hi-d/b ">Policy</b> 
	 </p> 
	 <p class="- topic/p ">A 
		<i class="+ topic/ph hi-d/i ">policy</i> is a container for the usage
		rules that determine how consumers can use protected content. Policies are
		defined independently of the content being protected. A policy does not enforce
		rights until it is bound to the content through the license. A policy lists the
		set of usage rules, meaning the permissions or “rights” that consumers have to
		the content they acquire. For example, content owners may create a policy that
		ensures that protected content is only accessible by consumers for a specific
		period of time. This policy is then applied to all the content for which the
		content owner wants to enforce this restriction.
	 </p> 
	 <p class="- topic/p ">Policies are created using Adobe Access SDK. 
	 </p> 
	 <p class="- topic/p "> 
		<b class="+ topic/ph hi-d/b ">Protected content</b> 
	 </p> 
	 <p class="- topic/p "><i class="+ topic/ph hi-d/i ">Protected content</i>
		(also referred to as 
		<i class="+ topic/ph hi-d/i ">packaged content</i>) refers to FLV and F4V
		video content that has been encrypted using Adobe Access SDK or other supported
		tools. 
	 </p> 
	 <p class="- topic/p "> 
		<b class="+ topic/ph hi-d/b ">Retailers</b> 
	 </p> 
	 <p class="- topic/p ">See the entry for 
		<i class="+ topic/ph hi-d/i ">distributors</i> earlier in this section.
	 </p> 
  </conbody> 
</concept> 
