<?xml version="1.0" encoding="UTF-8"?>
<!DOCTYPE concept PUBLIC "-//OASIS//DTD DITA Concept//EN" "concept.dtd">
<concept id="c_aaxs_xgep_ultra-violet-media-adobe-access"> 
  <title class="- topic/title ">UltraViolet media and Adobe Access</title> 
  <shortdesc>Adobe Access can be used with other third-party content streaming
	 solutions to set up a complete and secure DRM-based media distribution
	 ecosystem.
  </shortdesc> 
  <conbody> 
	 <p class="- topic/p ">UltraViolet (<xref href="http://www.uvvu.com/"
		scope="external" class="- topic/xref " format="html"/>) is a digital rights
		authentication and cloud-based distribution system that can enable consumers of
		digital home entertainment content to stream and download purchased content
		through multiple platforms and devices. UltraViolet content will be downloaded
		(or streamed) in a Common File Format, (CFF) using Common Encryption (CENC).
	 </p> 
	 <p class="- topic/p ">It is easy to set up an UltraViolet system along with
		Adobe Access. The following use case depicts the content flow behavior:
	 </p> 
	 <fig id="fig_cxy_dc2_44"> 
		<image href="images/AdobeUV_web.png" id="image_xgc_fc2_44"/> 
	 </fig> 
	 <p class="- topic/p "> 
	 <ol class="- topic/ol " id="ol_az2_npq_n4"> 
		<li class="- topic/li " id="li_920FFB7DDC1E48579F81538B6A60E8A9">The
		  content owner encodes and packages the content in CFF. The packaged content is
		  licensed to a retailer for distribution.
		</li> 
		<li class="- topic/li " id="li_C40E8254590B4303A36F5860638C68A5">The
		  retailer uploads the content to a digital service provider, like CDN. The
		  content is now available for download. Note that some of these roles can be
		  played by one or more companies.
		  <p class="- topic/p ">The end user has a device that supports Adobe
			 AIR. In addition to that, the user needs to install an UltraViolet-compliant
			 application. The application includes the necessary code to parse the CFF and
			 present it for consumption by the runtime. All the sensitive cryptographic
			 operations are handled in the secure runtime.
		  </p>
		</li> 
		<li class="- topic/li " id="li_1B35C0560B214D24984777D5443BCAD1">The
		  application can trigger a domain join for the device, which interacts with the
		  co-ordinator. The co-ordinator maintains a rights locker, a user database and
		  domains. The co-ordinator’s domain manager is built using the Adobe Access SDK
		  to implement Adobe Access-specific domain join/leave operations.
		</li> 
		<li class="- topic/li " id="li_7932D0AA78924BA6A69E86CA551D0CF3">The user
		  can then use the application to select a video they want to acquire from the
		  retailer. The retailer typically provides a web portal and handles all business
		  logic.
		</li> 
		<li class="- topic/li " id="li_D91EAC09A9D24AB29203285B3150C141">The
		  retailer then interacts with the co-ordinator to add a rights token. The
		  retailer then redirects the request to the service provider for the actual
		  content download.
		</li> 
		<li class="- topic/li " id="li_1AA2E2B1487C4B51A49EDB8414B56CD0">If the
		  device does not yet have a license to the content, it triggers a license
		  request using the CFF. The request typically includes a domain certificate,
		  user credentials and information about the application. The service provider
		  operates a Adobe Access License Server (developed using the Adobe Access SDK)
		  that follows the UltraViolet specifications.
		</li> 
		<li class="- topic/li " id="li_D3374228F5EC43E49F21574FC25F367E">The
		  service provider’s UltraViolet business logic interacts with the co-ordinator
		  as needed to retrieve the appropriate rights token to determine whether a
		  content license should be issued.
		  <p class="- topic/p ">The content license is bound to the domain. The
			 client application can insert the license into the CFF file. Content can now be
			 played back in the application, with all protection and usage rule enforcement
			 handled by the Adobe Access component in the runtime.
		  </p>
		</li> 
		<li class="- topic/li " id="li_809ABF160BB34589A38FC8BED8CDC498">Other
		  devices and applications owned by the same end user can be registered with the
		  co-ordinator. The content can now be loaded in other Adobe Access devices
		  without requiring any external transaction.
		</li> 
	 </ol> 
	 </p> 
  </conbody> 
</concept> 
