<?xml version="1.0" encoding="UTF-8"?>
<!DOCTYPE concept PUBLIC "-//OASIS//DTD DITA Concept//EN" "concept.dtd">
<concept id="c_aaxs_drm-external-cek-overview">
 <title>Adobe Access DRM External CEK Overview</title>
 <shortdesc>Customers can use Adobe Access (AAXS) DRM with their own Content Key Management Systems
    (CKMS) with the External CEK feature.</shortdesc>
 <conbody>
  <p>Adobe Access (AAXS) DRM, by default, abstracts out the need to directly handle keys,
   certificates, and DRM metadata during the content packaging process. The AAXS Java SDK will
   automatically generate a random Content Encryption Key (CEK) during packaging time, and use it to
   encrypt the content. Next the SDK encrypts the CEK itself, and inserts it into the content's
   metadata. At license issuance time, the AAXS server only needs its AAXS license server private
   key to access the CEK from the metadata to generate a license.</p>
 </conbody>
</concept>
