<?xml version="1.0" encoding="UTF-8"?>
<!DOCTYPE concept PUBLIC "-//OASIS//DTD DITA Concept//EN" "concept.dtd">
<concept id="c_aaxs_drm-using-external-cek">
 <title>Using External CEK to Vend and Package Licenses</title>
 <shortdesc>Use the External CEK feature to vend and package licenses using your existing
  CKMS.</shortdesc>
 <conbody>
  <p><b>EncryptContentWithExternalKey.java</b></p>
  <p outputclass="">This is a command line tool that will AAXS-encrypt a video and create metadata
   that will <i>not</i> contain the CEK (protected with an AAXS license server's public cert).
   Instead, the tool embeds a CEK ID into the video's metadata.</p>
  <p>During license acquisition, the AAXS license server observes a flag in the metadata identifying
   that this content was protected using an External CEK. The license server will extract the CEK ID
   from the metadata and then query a secure repository/CKMS to retrieve the appropriate CEK.</p>
  <p><b>Packaging Workflow:</b><ol id="ol_bll_tck_34">
        <li>Ensure you are using Java 1.6.0_24 or later.</li>
        <li>To see the tool usage: <codeph>java -jar AdobePackager_ExternalCEK.jar</codeph></li>
        <li>To package content:
          <codeblock outputclass="language-java">java -jar AdobePackager_ExternalCEK.jar sample.flv encrypted.flv abc abcdef0123456789 
    policy.pol http://path-to-your-server:8090 &lt;license-server-public-cert.pem> 
    &lt;license-server-private-key.pfx> &lt;private-key-password></codeblock></li>
      </ol></p>
    <p>
      <note>
        <ul id="ul_r2n_4ck_34">
          <li>The Java source code can be built using the included ANT
              <codeph>build-samples.xml</codeph></li>
          <li>The Flash Access SDK (<codeph>adobe-flashaccess-sdk.jar</codeph>) must be on the
            classpath</li>
        </ul>
      </note>
    </p>
  <p><b>Server Workflow:</b><ol id="ol_ukm_pdk_34">
    <li>Set up the Reference Implementation according to:<p><xref
              href=" http://www.adobe.com/support/adobeaccess/pdfs/server/AdobeAccess_4_RefImpl.pdf "
              format="pdf" scope="external">
              http://www.adobe.com/support/adobeaccess/pdfs/server/AdobeAccess_RefImpl.pdf
            </xref></p></li>
    <li>If any exist, clean up previous Reference Implementation deployments: <ol id="ol_lmf_22k_34">
      <li><codeph>delete &lt;tomcat>\work\Catalina\*.*</codeph></li>
      <li><codeph>delete &lt;tomcat>\conf\Catalina\*.*</codeph></li>
      <li><codeph>delete &lt;tomcat>\logs\*.*</codeph></li>
     </ol></li>
    <li>Verify that there is a <filepath>CEKDepot.properties</filepath> file alongside your
      <filepath>flashaccess-refimpl.properties</filepath>
    </li>
    <li>Initiate a license request from an Adobe Primetime Player </li>
    <li>Observe Ref Impl logs for something similar to:
      <codeblock>DEBUG [com.adobe.flashaccess.refimpl.web.RefImplLicenseReqHandler.REQUESTS] 
  Used CEK ID:{abc} to retrieve CEK: {abcdef0123456789} from depot</codeblock><ol
      id="ol_y5j_r2k_34">
      <li>You may have to change your <filepath>log4j.xml</filepath> settings to log at a
        <codeph>DEBUG</codeph> level (<codeph>INFO</codeph> is set by default)</li>
     </ol></li>
   </ol></p>
  <p><b>Known Issues:</b>  None</p>
 </conbody>
</concept>
