<?xml version="1.0" encoding="UTF-8"?>
<!DOCTYPE task PUBLIC "-//OASIS//DTD DITA Task//EN" "task.dtd">
<task id="t_aaxs_drm-standard-workflow"> 
  <title>Standard AAXS DRM Workflow</title> 
  <taskbody> 
	 <steps id="steps_19EAB4C42C4D415689C23A796044E372"> 
		<step id="step_28F632473EF14401BE0D47FC79979E2C"> 
		  <cmd>(Package) The AAXS Java SDK generates a random CEK.
		  </cmd> 
		</step> 
		<step id="step_D270BE7642FE458CB14EDF392E3552A0"> 
		  <cmd>(Package) The CEK is used to encrypt content.
		  </cmd> 
		</step> 
		<step id="step_26E66C48A73B44E6B4E0152E455D0EA7"> 
		  <cmd>(Package) The CEK is encrypted using the AAXS License Server's
			 public key.
		  </cmd> 
		</step> 
		<step id="step_C8267537117C45E7AC12EE4FBE2D5C3D"> 
		  <cmd>(Package) The encrypted CEK is inserted into the content's DRM
			 metadata.
		  </cmd> 
		</step> 
		<step id="step_48A2AA799B674C0CAE493BF43ABC4625"> 
		  <cmd>The device attempts to play content by requesting a license from
			 the AAXS server.
		  </cmd> 
		</step> 
		<step id="step_9F7FCC8307484780BE923FCB31BAA0D2"> 
		  <cmd>(Licensing) The AAXS server uses its private key to decrypt the
			 CEK from the metadata.
		  </cmd> 
		</step> 
		<step id="step_9910920DA0CA4EBC9EA7A602F216697A"> 
		  <cmd>(Licensing) The AAXS server issues to the device a license that
			 contains the CEK.
		  </cmd> 
		</step> 
	 </steps> 
  </taskbody> 
</task> 
