<?xml version="1.0" encoding="UTF-8"?>
<!DOCTYPE task PUBLIC "-//OASIS//DTD DITA Task//EN" "task.dtd">
<task id="t_aaxs_drm-standard-workflow"> 
  <title>AAXS DRM External CEK Workflow</title> 
  <taskbody> 
	 <context id="context_D69B680549FD4E03A5C6AB442059B9C4">This workflow is a
		departure from most existing DRM systems, as it does not require the use of any
		central repository or Content Key Management System (CKMS). However, for
		customers that desire AAXS to work with their existing CKMS, AAXS provides a
		feature called "External CEK", in which the CEK is supplied externally at
		packaging and license issuance time.
		<fig id="fig_f4p_bdp_34"> 
		  <image href="ECEK_Workflow.PNG" id="image_ofw_ydp_34" width="540px"
			height="486px"/> 
		</fig>
	 </context> 
	 <steps id="steps_CAB013D6E5814D83847081C0749E66E3"> 
		<step id="step_A8464C576341406988187D34F308F7D7"> 
		  <cmd>(Package) The AAXS Java SDK is provided with a CEK and a CEK ID.
		  </cmd> 
		</step> 
		<step id="step_0B29D415924B4B3E9585543314850B6E"> 
		  <cmd>(Package) The CEK is used to encrypt content.
		  </cmd> 
		</step> 
		<step id="step_7CB39214C4174EEFB4D05CB934BCBD04"> 
		  <cmd>(Package) The CEK ID is inserted into the content's DRM metadata.
		  </cmd> 
		</step> 
		<step id="step_EF6B392C5BB24C62A2E94980F01831BE"> 
		  <cmd>The device attempts to play content by requesting a license from
			 the AAXS server.
		  </cmd> 
		</step> 
		<step id="step_1DB3AA8CC39F4914B822F62C1DBC84FC"> 
		  <cmd>(Licensing) The AAXS server extracts the CEK ID from the content
			 metadata.
		  </cmd> 
		</step> 
		<step id="step_8A2D85CA4BA845D880F821092C427002"> 
		  <cmd>The AAXS server retrieves the CEK from the CKMS.
		  </cmd> 
		</step> 
		<step id="step_50BA7568D910441095C15D4B86B3C305"> 
		  <cmd>(Licensing) The AAXS server issues to the device a license that
			 contains the CEK.
		  </cmd> 
		</step> 
	 </steps> 
  </taskbody> 
</task> 
